timeline,generation,pond,status,fitness,survival_rate,healthiness,cost,saving,yield,alive_count,initial_count,fish_count,food_interval,food_quantity,food_location,probiotic_interval,probiotic_quantity,probiotic_location,oxygen_interval,oxygen_duration,oxygen_location
1,1,6,OVER-BUDGET,0.0000,1.0000,0.9246,502.40,0.00,0.2245,11,11,11,9,19,5,168,1,4,4,4,9
1,1,3,ALL-DEAD,0.2033,0.0000,0.0000,191.95,308.05,0.0000,0,15,15,4,11,1,96,3,7,12,1,7
1,1,2,ALL-DEAD,0.0611,0.0000,0.0000,407.50,92.50,0.0000,0,24,24,2,29,5,156,1,4,9,3,9
1,1,4,OVER-BUDGET,0.0000,0.8333,0.9252,500.10,0.00,0.2041,10,12,12,11,8,7,156,2,4,5,1,6
1,1,7,ALL-DEAD,0.1858,0.0000,0.0000,218.50,281.50,0.0000,0,43,43,12,16,8,168,1,9,16,1,7
1,1,9,OVER-BUDGET,0.0000,0.9048,0.9160,501.90,0.00,0.7755,38,42,42,4,6,9,156,4,1,4,2,7
1,1,11,ALL-DEAD,0.0937,0.0000,0.0000,358.00,142.00,0.0000,0,12,12,2,19,4,120,4,3,14,3,8
1,1,0,OVER-BUDGET,0.0000,0.5200,0.5319,501.75,0.00,0.2653,13,25,25,11,18,7,156,3,4,9,2,0
1,1,10,OVER-BUDGET,0.0000,0.1667,0.1753,501.90,0.00,0.0612,3,18,18,5,22,0,120,4,9,14,4,1
1,1,12,OVER-BUDGET,0.0000,0.0385,0.1153,500.10,0.00,0.0204,1,26,26,2,6,6,72,4,8,10,3,5
1,1,8,ALL-DEAD,0.1187,0.0000,0.0000,320.20,179.80,0.0000,0,43,43,6,22,0,36,2,1,13,1,4
1,1,14,ALL-DEAD,0.1331,0.0000,0.0000,298.35,201.65,0.0000,0,29,29,12,16,8,132,3,3,12,4,5
1,1,15,ALL-DEAD,0.0565,0.0000,0.0000,414.45,85.55,0.0000,0,24,24,8,19,1,48,2,2,9,4,9
1,1,5,ALL-DEAD,0.0046,0.0000,0.0000,493.00,7.00,0.0000,0,12,12,4,10,0,120,1,6,11,1,6
1,1,16,OVER-BUDGET,0.0000,0.8235,0.8595,502.25,0.00,0.2857,14,17,17,12,15,2,108,2,2,5,3,2
1,1,21,OVER-BUDGET,0.0000,1.0000,0.5438,500.40,0.00,0.3265,16,16,16,6,6,4,132,2,5,1,2,2
1,1,19,OVER-BUDGET,0.0000,0.8542,0.4283,500.20,0.00,0.8367,41,48,48,9,14,1,36,4,1,3,4,3
1,1,1,ALL-DEAD,0.0119,0.0000,0.0000,482.00,18.00,0.0000,0,43,43,1,22,4,60,4,1,4,1,6
1,1,25,OVER-BUDGET,0.0000,1.0000,0.8262,500.05,0.00,0.3469,17,17,17,3,11,5,36,2,4,4,4,4
1,1,24,OVER-BUDGET,0.0000,0.7551,0.8817,501.60,0.00,0.7551,37,49,49,6,22,7,168,1,1,4,3,5
1,1,17,ALL-DEAD,0.0915,0.0000,0.0000,361.40,138.60,0.0000,0,26,26,9,24,2,132,4,4,15,2,2
1,1,26,OVER-BUDGET,0.0000,0.9048,0.9075,500.70,0.00,0.7755,38,42,42,1,13,1,132,2,2,2,3,8
1,1,28,OVER-BUDGET,0.0000,0.9167,0.4691,501.70,0.00,0.8980,44,48,48,9,17,8,120,2,5,3,3,6
1,1,23,OVER-BUDGET,0.0000,0.9302,0.9064,503.25,0.00,0.8163,40,43,43,9,12,9,156,3,2,7,2,9
1,1,20,OVER-BUDGET,0.0000,0.0000,0.0000,500.05,0.00,0.0000,0,30,30,3,23,8,84,3,1,5,1,6
1,1,13,OVER-BUDGET,0.0000,0.8913,0.9079,500.95,0.00,0.8367,41,46,46,8,24,9,60,3,8,20,4,7
1,1,29,ALL-DEAD,0.1521,0.0000,0.0000,269.50,230.50,0.0000,0,13,13,2,24,6,156,1,0,14,2,3
1,1,27,OVER-BUDGET,0.0000,0.7619,0.9520,501.65,0.00,0.3265,16,21,21,7,6,8,132,3,6,5,1,5
1,1,34,OVER-BUDGET,0.0000,0.9474,0.8349,500.50,0.00,0.3673,18,19,19,4,15,5,144,4,8,3,4,3
1,1,18,OVER-BUDGET,0.0000,0.8000,0.9325,502.20,0.00,0.7347,36,45,45,11,18,9,168,1,0,5,1,4
1,1,33,OVER-BUDGET,0.0000,0.5769,0.4904,501.90,0.00,0.3061,15,26,26,5,16,4,144,2,6,9,4,8
1,1,30,ALL-DEAD,0.0888,0.0000,0.0000,365.50,134.50,0.0000,0,44,44,11,20,7,60,2,5,13,2,4
1,1,32,ALL-DEAD,0.0815,0.0000,0.0000,376.50,123.50,0.0000,0,46,46,9,30,7,132,1,1,14,3,4
1,1,22,OK,0.3414,0.4545,0.9518,496.00,4.00,0.4082,20,44,44,9,7,9,36,2,0,19,2,4
1,1,35,ALL-DEAD,0.2152,0.0000,0.0000,174.00,326.00,0.0000,0,31,31,3,7,3,72,1,1,13,1,5
1,1,39,OVER-BUDGET,0.0000,0.8696,0.6973,501.65,0.00,0.4082,20,23,23,6,23,0,24,1,4,3,4,6
1,1,36,ALL-DEAD,0.2176,0.0000,0.0000,170.25,329.75,0.0000,0,16,16,3,5,0,156,3,2,18,1,2
1,1,44,OVER-BUDGET,0.0000,0.8571,0.9090,501.50,0.00,0.2449,12,14,14,10,6,1,168,2,5,1,3,8
1,1,40,OVER-BUDGET,0.0000,0.4000,0.2687,500.20,0.00,0.0816,4,10,10,7,16,1,156,2,9,9,3,7
1,1,42,ALL-DEAD,0.1805,0.0000,0.0000,226.45,273.55,0.0000,0,22,22,11,6,6,120,3,5,20,2,6
1,1,41,ALL-DEAD,0.1429,0.0000,0.0000,283.50,216.50,0.0000,0,22,22,8,30,2,24,2,6,8,1,8
1,1,31,OVER-BUDGET,0.0000,0.6667,0.8375,502.15,0.00,0.3265,16,24,24,9,19,7,96,4,4,5,1,2
1,1,45,OVER-BUDGET,0.0000,0.0208,0.0862,502.00,0.00,0.0204,1,48,48,2,5,8,72,1,3,9,4,2
1,1,37,OK,0.4622,0.4167,0.9631,315.00,185.00,0.4082,20,48,48,12,11,4,120,1,1,15,1,4
1,1,46,OVER-BUDGET,0.0000,0.0909,0.4582,500.20,0.00,0.0816,4,44,44,6,11,4,60,2,5,10,4,6
1,1,43,ALL-DEAD,0.0251,0.0000,0.0000,462.00,38.00,0.0000,0,43,43,11,20,7,84,3,5,16,3,0
1,1,48,ALL-DEAD,0.1718,0.0000,0.0000,239.75,260.25,0.0000,0,37,37,12,25,1,168,2,6,19,2,2
1,1,47,OVER-BUDGET,0.0000,1.0000,0.8662,501.20,0.00,0.6735,33,33,33,1,12,3,72,2,3,7,4,8
1,1,38,OVER-BUDGET,0.0000,0.1379,0.6348,501.70,0.00,0.0816,4,29,29,12,19,0,36,3,4,10,1,5
1,1,49,ALL-DEAD,0.0025,0.0000,0.0000,496.20,3.80,0.0000,0,36,36,10,14,0,48,2,6,10,1,5
1,2,3,ALL-DEAD,0.2337,0.0000,0.0000,145.95,354.05,0.0000,0,31,31,3,7,3,72,1,1,13,1,5
1,2,4,ALL-DEAD,0.1900,0.0000,0.0000,212.15,287.85,0.0000,0,15,15,4,11,1,96,3,7,12,1,7
1,2,7,ALL-DEAD,0.1833,0.0000,0.0000,222.25,277.75,0.0000,0,37,37,12,25,1,168,2,6,19,2,2
1,2,9,ALL-DEAD,0.1927,0.0000,0.0000,208.00,292.00,0.0000,0,22,22,8,30,2,24,2,6,8,1,8
1,2,5,ALL-DEAD,0.2145,0.0000,0.0000,174.95,325.05,0.0000,0,43,43,12,16,8,168,1,9,16,1,7
1,2,6,OK,0.1449,0.0455,0.7087,426.30,73.70,0.0204,1,22,22,11,6,6,120,3,5,20,2,6
1,2,8,ALL-DEAD,0.1545,0.0000,0.0000,265.90,234.10,0.0000,0,13,13,2,24,6,156,1,0,14,2,3
1,2,0,ALL-DEAD,0.1869,0.0000,0.0000,216.85,283.15,0.0000,0,48,48,12,11,4,120,1,1,15,1,4
1,2,15,ALL-DEAD,0.2716,0.0000,0.0000,88.45,411.55,0.0000,0,22,22,12,11,4,144,1,1,15,1,4
1,2,12,ALL-DEAD,0.2343,0.0000,0.0000,144.95,355.05,0.0000,0,48,48,9,11,4,120,1,1,15,1,4
1,2,14,ALL-DEAD,0.1715,0.0000,0.0000,240.20,259.80,0.0000,0,31,31,1,11,4,120,1,1,15,2,5
1,2,16,ALL-DEAD,0.0543,0.0000,0.0000,417.70,82.30,0.0000,0,31,31,2,7,3,120,1,1,15,3,6
1,2,2,OK,0.2888,0.5000,0.7921,342.50,157.50,0.1633,8,16,16,3,5,0,156,3,2,18,1,2
1,2,19,ALL-DEAD,0.2491,0.0000,0.0000,122.60,377.40,0.0000,0,15,15,9,6,4,108,3,7,8,1,7
1,2,21,ALL-DEAD,0.2528,0.0000,0.0000,117.00,383.00,0.0000,0,17,17,3,11,4,156,3,2,15,1,1
1,2,10,OK,0.4743,0.4375,0.9708,315.00,185.00,0.4286,21,48,48,12,11,5,120,1,1,15,1,6
1,2,20,ALL-DEAD,0.2281,0.0000,0.0000,154.35,345.65,0.0000,0,15,15,4,11,1,96,1,2,16,1,7
1,2,23,ALL-DEAD,0.2191,0.0000,0.0000,168.05,331.95,0.0000,0,38,38,3,11,1,120,1,1,15,2,5
1,2,1,OK,0.4039,0.5909,0.9117,496.00,4.00,0.5306,26,44,44,9,7,9,36,2,0,19,2,4
1,2,24,ALL-DEAD,0.2339,0.0000,0.0000,145.60,354.40,0.0000,0,35,35,9,7,3,108,3,1,20,1,1
1,2,18,OVER-BUDGET,0.0000,0.0625,0.5449,500.75,0.00,0.0204,1,16,16,2,5,0,108,3,5,18,3,2
1,2,17,OVER-BUDGET,0.0000,0.3542,0.6201,500.70,0.00,0.3469,17,48,48,12,6,8,120,1,5,15,2,4
1,2,27,OVER-BUDGET,0.0000,0.9032,0.4279,501.40,0.00,0.5714,28,31,31,3,7,3,120,1,1,1,2,4
1,2,11,OK,0.1875,0.0208,0.6168,345.00,155.00,0.0204,1,48,48,12,16,9,120,1,1,15,1,7
1,2,25,ALL-DEAD,0.1726,0.0000,0.0000,238.50,261.50,0.0000,0,16,16,6,7,0,156,3,6,13,1,5
1,2,22,ALL-DEAD,0.1351,0.0000,0.0000,295.25,204.75,0.0000,0,48,48,3,11,4,120,1,1,7,1,3
1,2,32,OVER-BUDGET,0.0000,0.8125,0.5629,501.60,0.00,0.7959,39,48,48,12,11,4,72,1,1,1,1,4
1,2,33,OVER-BUDGET,0.0000,0.7273,0.8668,500.75,0.00,0.3265,16,22,22,11,7,6,72,3,1,4,2,5
1,2,26,ALL-DEAD,0.1949,0.0000,0.0000,204.70,295.30,0.0000,0,43,43,6,17,4,132,1,3,16,1,7
1,2,13,OVER-BUDGET,0.0000,0.0000,0.0000,500.20,0.00,0.0000,0,44,44,9,19,9,36,4,7,15,1,4
1,2,29,OK,0.3651,0.2083,0.8586,273.00,227.00,0.2041,10,48,48,9,7,4,120,3,6,19,1,4
1,2,34,ALL-DEAD,0.1237,0.0000,0.0000,312.50,187.50,0.0000,0,25,25,12,25,3,120,1,0,15,3,5
1,2,37,ALL-DEAD,0.1985,0.0000,0.0000,199.25,300.75,0.0000,0,15,15,9,10,7,120,1,1,17,4,4
1,2,28,ALL-DEAD,0.0098,0.0000,0.0000,485.20,14.80,0.0000,0,48,48,2,14,4,144,1,1,8,2,4
1,2,39,ALL-DEAD,0.1945,0.0000,0.0000,205.35,294.65,0.0000,0,16,16,3,12,5,156,3,2,18,3,2
1,2,40,ALL-DEAD,0.2269,0.0000,0.0000,156.25,343.75,0.0000,0,15,15,4,5,4,96,1,1,15,1,4
1,2,30,ALL-DEAD,0.0222,0.0000,0.0000,466.30,33.70,0.0000,0,44,44,9,7,9,36,2,7,14,2,4
1,2,42,ALL-DEAD,0.2528,0.0000,0.0000,116.95,383.05,0.0000,0,31,31,9,7,3,72,1,4,19,1,4
1,2,41,ALL-DEAD,0.2121,0.0000,0.0000,178.60,321.40,0.0000,0,28,28,3,7,3,72,1,2,13,1,9
1,2,44,ALL-DEAD,0.2195,0.0000,0.0000,167.50,332.50,0.0000,0,20,20,3,5,3,60,3,2,18,1,2
1,2,31,OVER-BUDGET,0.0000,0.5909,0.8770,502.50,0.00,0.5306,26,44,44,9,14,9,144,2,0,19,3,4
1,2,36,OK,0.4751,0.4375,0.9776,315.00,185.00,0.4286,21,48,48,12,11,4,120,1,4,15,1,4
1,2,38,ALL-DEAD,0.0753,0.0000,0.0000,385.90,114.10,0.0000,0,43,43,3,22,0,36,2,2,17,3,2
1,2,43,OVER-BUDGET,0.0000,0.8125,0.9293,502.00,0.00,0.2653,13,16,16,9,5,9,36,2,0,12,2,9
1,2,45,ALL-DEAD,0.1181,0.0000,0.0000,321.10,178.90,0.0000,0,32,32,12,14,4,120,1,1,12,1,4
1,2,49,ALL-DEAD,0.2517,0.0000,0.0000,118.70,381.30,0.0000,0,48,48,4,11,4,156,2,1,15,1,4
1,2,47,ALL-DEAD,0.1045,0.0000,0.0000,341.60,158.40,0.0000,0,39,39,3,26,0,108,2,3,18,4,2
1,2,46,ALL-DEAD,0.0753,0.0000,0.0000,385.85,114.15,0.0000,0,48,48,12,11,4,120,1,1,18,2,3
1,2,48,ALL-DEAD,0.1535,0.0000,0.0000,267.45,232.55,0.0000,0,48,48,5,11,7,120,1,1,15,1,9
1,2,35,OVER-BUDGET,0.0000,0.7727,0.9196,502.15,0.00,0.6939,34,44,44,3,7,9,120,2,9,18,2,4
1,3,7,ALL-DEAD,0.2592,0.0000,0.0000,107.30,392.70,0.0000,0,17,17,3,11,4,156,3,2,15,1,1
1,3,3,ALL-DEAD,0.2792,0.0000,0.0000,76.90,423.10,0.0000,0,48,48,9,7,4,120,3,6,19,1,4
1,3,0,ALL-DEAD,0.2321,0.0000,0.0000,148.35,351.65,0.0000,0,48,48,12,11,4,120,1,4,15,1,4
1,3,9,ALL-DEAD,0.1662,0.0000,0.0000,248.25,251.75,0.0000,0,15,15,9,6,4,108,3,7,8,1,7
1,3,5,OK,0.1815,0.0455,0.3931,313.50,186.50,0.0204,1,22,22,12,11,4,144,1,1,15,1,4
1,3,1,ALL-DEAD,0.1628,0.0000,0.0000,253.35,246.65,0.0000,0,48,48,12,11,5,120,1,1,15,1,6
1,3,6,OK,0.4119,0.4194,0.9016,261.00,239.00,0.2653,13,31,31,9,7,3,72,1,4,19,1,4
1,3,8,ALL-DEAD,0.1867,0.0000,0.0000,217.10,282.90,0.0000,0,48,48,4,11,4,156,2,1,15,1,4
1,3,13,OVER-BUDGET,0.0000,0.9375,0.7610,500.00,0.00,0.9184,45,48,48,10,11,5,108,1,4,1,1,4
1,3,4,OK,0.2225,0.1875,0.7070,342.50,157.50,0.0612,3,16,16,3,5,0,156,3,2,18,1,2
1,3,14,ALL-DEAD,0.2313,0.0000,0.0000,149.60,350.40,0.0000,0,48,48,12,11,8,120,1,4,19,1,1
1,3,11,ALL-DEAD,0.1688,0.0000,0.0000,244.25,255.75,0.0000,0,16,16,3,5,0,120,3,2,18,1,2
1,3,2,OK,0.4016,0.5909,0.8927,496.00,4.00,0.5306,26,44,44,9,7,9,36,2,0,19,2,4
1,3,15,OK,0.2253,0.1667,0.4862,298.00,202.00,0.0612,3,18,18,8,11,4,120,1,4,19,1,4
1,3,20,OVER-BUDGET,0.0000,0.8125,0.8506,501.65,0.00,0.7959,39,48,48,9,6,9,36,1,4,3,2,4
1,3,10,OVER-BUDGET,0.0000,0.5227,0.9632,501.65,0.00,0.4694,23,44,44,9,9,9,36,2,4,16,2,4
1,3,18,OK,0.2587,0.1458,0.4838,315.00,185.00,0.1429,7,48,48,12,11,4,120,1,4,15,1,8
1,3,23,ALL-DEAD,0.2928,0.0000,0.0000,56.30,443.70,0.0000,0,11,11,12,11,4,120,1,4,15,1,7
1,3,17,OK,0.4160,0.3958,0.9774,370.50,129.50,0.3878,19,48,48,12,11,4,120,3,6,13,1,2
1,3,12,OK,0.4634,0.7045,0.9403,496.00,4.00,0.6327,31,44,44,9,7,9,36,2,0,19,2,4
1,3,25,OVER-BUDGET,0.0000,0.6667,0.8415,501.15,0.00,0.2041,10,15,15,12,11,4,84,1,1,15,4,4
1,3,21,OVER-BUDGET,0.0000,0.7045,0.9037,501.35,0.00,0.6327,31,44,44,9,7,9,36,2,0,19,4,4
1,3,19,OK,0.4890,0.4545,0.9203,266.50,233.50,0.4082,20,44,44,12,11,9,108,1,2,19,1,4
1,3,26,ALL-DEAD,0.2328,0.0000,0.0000,147.20,352.80,0.0000,0,48,48,10,11,4,120,1,7,15,1,4
1,3,24,OK,0.2744,0.0408,0.7935,262.50,237.50,0.0408,2,49,49,9,5,6,156,3,9,18,1,6
1,3,16,OVER-BUDGET,0.0000,0.9211,0.9876,500.90,0.00,0.7143,35,38,38,9,22,9,36,2,2,10,1,6
1,3,22,OK,0.4633,0.4167,0.9728,315.00,185.00,0.4082,20,48,48,12,11,5,120,1,1,15,1,6
1,3,32,ALL-DEAD,0.1938,0.0000,0.0000,206.40,293.60,0.0000,0,42,42,12,11,5,60,3,1,15,1,2
1,3,27,OVER-BUDGET,0.0000,0.5208,0.8689,500.90,0.00,0.5102,25,48,48,12,16,5,72,1,4,14,3,5
1,3,35,ALL-DEAD,0.0784,0.0000,0.0000,381.20,118.80,0.0000,0,22,22,12,27,4,144,4,2,4,1,4
1,3,30,ALL-DEAD,0.1230,0.0000,0.0000,313.60,186.40,0.0000,0,48,48,12,19,4,120,1,4,15,1,4
1,3,29,OVER-BUDGET,0.0000,0.0227,0.4708,500.50,0.00,0.0204,1,44,44,9,9,4,36,4,4,19,2,4
1,3,28,OK,0.4764,0.4375,0.8684,293.25,206.75,0.4286,21,48,48,12,7,5,96,1,9,15,1,6
1,3,34,ALL-DEAD,0.1956,0.0000,0.0000,203.65,296.35,0.0000,0,48,48,12,11,5,120,1,1,14,1,6
1,3,33,ALL-DEAD,0.1574,0.0000,0.0000,261.55,238.45,0.0000,0,27,27,9,7,1,120,2,4,15,1,4
1,3,36,OVER-BUDGET,0.0000,0.9773,0.8578,503.00,0.00,0.8776,43,44,44,2,11,4,120,4,4,1,1,4
1,3,40,ALL-DEAD,0.2780,0.0000,0.0000,78.75,421.25,0.0000,0,48,48,12,11,4,120,1,1,15,1,4
1,3,41,ALL-DEAD,0.2108,0.0000,0.0000,180.55,319.45,0.0000,0,48,48,12,16,4,60,1,6,19,1,4
1,3,42,OVER-BUDGET,0.0000,0.2667,0.2597,501.55,0.00,0.0816,4,15,15,9,24,4,144,1,4,15,4,4
1,3,37,ALL-DEAD,0.1629,0.0000,0.0000,253.25,246.75,0.0000,0,48,48,1,7,4,72,2,9,10,1,4
1,3,39,ALL-DEAD,0.1742,0.0000,0.0000,236.00,264.00,0.0000,0,48,48,3,11,5,120,2,8,19,2,6
1,3,44,ALL-DEAD,0.1792,0.0000,0.0000,228.50,271.50,0.0000,0,29,29,12,25,5,108,1,1,15,1,3
1,3,46,ALL-DEAD,0.0993,0.0000,0.0000,349.50,150.50,0.0000,0,31,31,11,30,4,156,2,7,15,3,4
1,3,47,ALL-DEAD,0.0614,0.0000,0.0000,406.95,93.05,0.0000,0,24,24,3,11,4,48,2,4,3,1,9
1,3,48,ALL-DEAD,0.2465,0.0000,0.0000,126.55,373.45,0.0000,0,42,42,7,7,8,120,2,4,19,1,4
1,3,49,ALL-DEAD,0.2821,0.0000,0.0000,72.65,427.35,0.0000,0,44,44,9,11,2,168,3,0,19,1,4
1,3,43,ALL-DEAD,0.1525,0.0000,0.0000,268.95,231.05,0.0000,0,48,48,8,11,4,120,1,1,15,1,4
1,3,45,ALL-DEAD,0.1681,0.0000,0.0000,245.25,254.75,0.0000,0,44,44,9,25,1,36,2,0,19,2,4
1,3,38,OVER-BUDGET,0.0000,0.7273,0.8681,500.80,0.00,0.6531,32,44,44,12,11,9,36,1,3,19,3,4
1,3,31,ALL-DEAD,0.0640,0.0000,0.0000,403.00,97.00,0.0000,0,32,32,12,28,9,48,2,9,19,1,4
1,4,7,ALL-DEAD,0.2888,0.0000,0.0000,62.40,437.60,0.0000,0,11,11,12,11,4,120,1,4,15,1,7
1,4,5,ALL-DEAD,0.2912,0.0000,0.0000,58.85,441.15,0.0000,0,31,31,9,7,3,72,1,4,19,1,4
1,4,9,ALL-DEAD,0.2750,0.0000,0.0000,83.30,416.70,0.0000,0,48,48,9,7,4,120,3,6,19,1,4
1,4,8,ALL-DEAD,0.2264,0.0000,0.0000,156.90,343.10,0.0000,0,44,44,9,11,2,168,3,0,19,1,4
1,4,1,ALL-DEAD,0.1826,0.0000,0.0000,223.35,276.65,0.0000,0,48,48,12,7,5,96,1,9,15,1,6
1,4,0,ALL-DEAD,0.2308,0.0000,0.0000,150.35,349.65,0.0000,0,44,44,12,11,9,108,1,2,19,1,4
1,4,4,OK,0.1762,0.0417,0.5689,370.50,129.50,0.0408,2,48,48,12,11,4,120,3,6,13,1,2
1,4,13,ALL-DEAD,0.2546,0.0000,0.0000,114.30,385.70,0.0000,0,48,48,3,7,3,72,1,4,15,1,9
1,4,11,OVER-BUDGET,0.0000,0.8333,0.9093,500.30,0.00,0.4082,20,24,24,12,7,9,144,2,0,3,1,3
1,4,10,ALL-DEAD,0.1481,0.0000,0.0000,275.60,224.40,0.0000,0,48,48,12,7,5,48,4,9,17,1,6
1,4,12,ALL-DEAD,0.2237,0.0000,0.0000,161.00,339.00,0.0000,0,48,48,4,11,5,120,1,1,19,1,6
1,4,3,OK,0.2503,0.1458,0.4134,315.00,185.00,0.1429,7,48,48,12,11,5,120,1,1,15,1,6
1,4,17,OVER-BUDGET,0.0000,0.7955,0.8110,500.20,0.00,0.7143,35,44,44,12,7,9,108,3,0,2,1,4
1,4,6,OK,0.3864,0.5455,0.9532,496.00,4.00,0.4898,24,44,44,9,7,9,36,2,0,19,2,4
1,4,2,OK,0.3598,0.5000,0.9187,496.00,4.00,0.4490,22,44,44,9,7,9,36,2,0,19,2,4
1,4,15,ALL-DEAD,0.0940,0.0000,0.0000,357.65,142.35,0.0000,0,22,22,1,23,0,120,3,6,15,1,6
1,4,19,ALL-DEAD,0.1602,0.0000,0.0000,257.20,242.80,0.0000,0,48,48,12,11,4,96,2,1,15,1,2
1,4,14,OK,0.4954,0.4375,0.8798,266.50,233.50,0.4286,21,48,48,12,11,5,108,1,2,19,1,6
1,4,22,OK,0.4849,0.4583,0.9738,316.50,183.50,0.4490,22,48,48,12,11,0,108,1,9,15,1,6
1,4,16,ALL-DEAD,0.0716,0.0000,0.0000,391.55,108.45,0.0000,0,48,48,12,24,8,96,1,9,15,1,6
1,4,24,OVER-BUDGET,0.0000,0.8235,0.9345,500.15,0.00,0.5714,28,34,34,8,11,9,108,1,2,19,4,4
1,4,23,OVER-BUDGET,0.0000,0.6667,0.7090,500.40,0.00,0.2041,10,15,15,1,18,9,24,1,8,19,3,4
1,4,25,OK,0.4310,0.3409,0.9454,274.00,226.00,0.3061,15,44,44,12,9,8,36,1,0,19,1,4
1,4,21,OVER-BUDGET,0.0000,0.7188,0.9327,500.35,0.00,0.4694,23,32,32,12,11,9,144,1,2,14,2,4
1,4,31,OVER-BUDGET,0.0000,0.8750,0.7298,501.20,0.00,0.8571,42,48,48,9,7,4,36,3,1,2,2,4
1,4,26,OK,0.1985,0.1000,0.3558,298.00,202.00,0.0408,2,20,20,12,11,2,108,4,2,19,1,4
1,4,20,OK,0.5213,0.5682,0.9653,310.80,189.20,0.5102,25,44,44,7,11,9,156,1,1,19,1,6
1,4,29,ALL-DEAD,0.1756,0.0000,0.0000,233.95,266.05,0.0000,0,48,48,12,11,2,108,1,9,15,1,4
1,4,32,ALL-DEAD,0.1675,0.0000,0.0000,246.20,253.80,0.0000,0,16,16,12,17,5,96,1,2,11,1,4
1,4,28,ALL-DEAD,0.1667,0.0000,0.0000,247.50,252.50,0.0000,0,48,48,12,24,5,96,1,9,15,1,8
1,4,34,ALL-DEAD,0.1881,0.0000,0.0000,215.00,285.00,0.0000,0,44,44,4,6,7,120,2,8,13,1,4
1,4,27,OVER-BUDGET,0.0000,0.7500,0.9392,500.00,0.00,0.6735,33,44,44,9,22,9,36,2,0,19,3,4
1,4,30,OK,0.3882,0.5227,0.8613,459.60,40.40,0.4694,23,44,44,11,7,9,96,3,9,19,2,1
1,4,36,ALL-DEAD,0.1745,0.0000,0.0000,235.65,264.35,0.0000,0,48,48,12,19,5,96,1,9,15,1,6
1,4,35,OK,0.2565,0.0909,0.4787,266.50,233.50,0.0816,4,44,44,12,11,4,108,1,9,19,1,4
1,4,33,OVER-BUDGET,0.0000,0.5106,0.8879,501.10,0.00,0.4898,24,47,47,12,7,9,36,2,0,12,2,4
1,4,18,OVER-BUDGET,0.0000,0.5152,0.9720,500.20,0.00,0.3469,17,33,33,3,18,9,48,3,9,19,1,4
1,4,37,OK,0.2401,0.2500,0.5117,433.25,66.75,0.2449,12,48,48,12,7,2,96,1,9,19,2,6
1,4,44,ALL-DEAD,0.1877,0.0000,0.0000,215.55,284.45,0.0000,0,31,31,9,11,2,108,1,7,19,4,4
1,4,39,OVER-BUDGET,0.0000,0.1042,0.3941,500.55,0.00,0.1020,5,48,48,12,7,5,96,1,9,14,3,4
1,4,45,ALL-DEAD,0.2183,0.0000,0.0000,169.30,330.70,0.0000,0,17,17,3,11,6,72,2,2,19,1,1
1,4,42,ALL-DEAD,0.2014,0.0000,0.0000,194.90,305.10,0.0000,0,48,48,3,24,5,96,1,4,15,1,6
1,4,38,OVER-BUDGET,0.0000,0.4255,0.9473,501.35,0.00,0.4082,20,47,47,9,7,5,36,1,9,15,2,6
1,4,40,OVER-BUDGET,0.0000,0.1364,0.7055,500.90,0.00,0.1224,6,44,44,9,7,2,36,4,0,19,2,4
1,4,41,OK,0.3858,0.4615,0.9867,299.00,201.00,0.2449,12,26,26,12,9,4,72,3,6,18,1,5
1,4,46,ALL-DEAD,0.2191,0.0000,0.0000,168.00,332.00,0.0000,0,44,44,12,11,1,108,1,2,19,1,4
1,4,48,ALL-DEAD,0.1351,0.0000,0.0000,295.25,204.75,0.0000,0,48,48,12,7,8,96,1,9,11,2,6
1,4,43,OK,0.1480,0.0208,0.3881,363.30,136.70,0.0204,1,48,48,5,7,0,96,2,3,15,1,6
1,4,49,ALL-DEAD,0.1697,0.0000,0.0000,242.95,257.05,0.0000,0,48,48,1,11,4,48,3,6,13,1,2
1,4,47,OVER-BUDGET,0.0000,0.9091,0.9552,500.25,0.00,0.8163,40,44,44,4,25,9,36,2,0,19,4,4
1,5,6,ALL-DEAD,0.2355,0.0000,0.0000,143.15,356.85,0.0000,0,26,26,12,9,4,72,3,6,18,1,5
1,5,8,ALL-DEAD,0.2352,0.0000,0.0000,143.70,356.30,0.0000,0,31,31,9,7,3,72,1,4,19,1,4
1,5,1,ALL-DEAD,0.1818,0.0000,0.0000,224.55,275.45,0.0000,0,48,48,12,11,5,108,1,2,19,1,6
1,5,3,OK,0.4770,0.4318,0.9547,274.00,226.00,0.3878,19,44,44,12,9,8,36,1,0,19,1,4
1,5,2,OK,0.2594,0.0625,0.8714,316.50,183.50,0.0612,3,48,48,12,11,0,108,1,9,15,1,6
1,5,12,ALL-DEAD,0.2781,0.0000,0.0000,78.70,421.30,0.0000,0,44,44,7,11,3,156,3,2,19,1,6
1,5,9,OK,0.1510,0.0909,0.1471,315.00,185.00,0.0204,1,11,11,12,11,4,120,1,4,15,1,7
1,5,7,OK,0.3166,0.4545,0.7458,496.00,4.00,0.4082,20,44,44,9,7,9,36,2,0,19,2,4
1,5,10,OVER-BUDGET,0.0000,0.1395,0.5440,501.40,0.00,0.1224,6,43,43,12,11,0,132,1,9,15,4,6
1,5,4,OK,0.4128,0.5682,0.8794,459.60,40.40,0.5102,25,44,44,11,7,9,96,3,9,19,2,1
1,5,5,OK,0.4171,0.6136,0.9287,496.00,4.00,0.5510,27,44,44,9,7,9,36,2,0,19,2,4
1,5,11,OK,0.0963,0.0238,0.5055,463.00,37.00,0.0204,1,42,42,9,7,7,84,2,0,19,2,4
1,5,0,OK,0.3074,0.2045,0.6794,310.80,189.20,0.1837,9,44,44,7,11,9,156,1,1,19,1,6
1,5,13,ALL-DEAD,0.1682,0.0000,0.0000,245.10,254.90,0.0000,0,44,44,12,9,8,36,1,3,18,1,2
1,5,17,ALL-DEAD,0.2310,0.0000,0.0000,150.00,350.00,0.0000,0,48,48,12,20,2,108,1,5,15,1,6
1,5,15,OVER-BUDGET,0.0000,0.4318,0.4505,500.60,0.00,0.3878,19,44,44,12,17,2,156,1,5,9,2,4
1,5,19,OVER-BUDGET,0.0000,0.4583,0.9093,500.85,0.00,0.4490,22,48,48,12,11,5,120,2,2,3,1,2
1,5,21,ALL-DEAD,0.0833,0.0000,0.0000,373.75,126.25,0.0000,0,48,48,12,14,8,36,1,9,8,1,4
1,5,16,OK,0.3552,0.2727,0.6540,284.80,215.20,0.2449,12,44,44,10,9,9,72,2,0,19,1,4
1,5,18,OK,0.5636,0.5909,0.9182,255.25,244.75,0.5306,26,44,44,12,9,9,96,1,7,19,1,6
1,5,23,ALL-DEAD,0.2049,0.0000,0.0000,189.55,310.45,0.0000,0,48,48,12,28,5,108,1,7,19,1,2
1,5,20,OK,0.3205,0.3171,0.5984,344.25,155.75,0.2653,13,41,41,12,16,0,132,1,5,15,1,4
1,5,29,OVER-BUDGET,0.0000,0.8846,0.8359,500.50,0.00,0.4694,23,26,26,10,11,3,108,3,6,1,3,5
1,5,14,OK,0.4614,0.5227,0.9675,368.00,132.00,0.4694,23,44,44,9,17,9,108,4,0,19,1,4
1,5,25,OVER-BUDGET,0.0000,0.7727,0.9633,502.35,0.00,0.6939,34,44,44,12,18,9,132,1,9,19,4,4
1,5,30,ALL-DEAD,0.2270,0.0000,0.0000,156.05,343.95,0.0000,0,44,44,7,6,7,84,1,5,20,1,6
1,5,28,ALL-DEAD,0.1790,0.0000,0.0000,228.85,271.15,0.0000,0,44,44,7,11,8,156,1,1,19,1,6
1,5,24,OK,0.4762,0.4773,0.8350,287.50,212.50,0.4286,21,44,44,8,10,9,156,1,5,19,1,8
1,5,27,OK,0.2144,0.0417,0.7802,351.00,149.00,0.0408,2,48,48,12,11,0,48,2,4,15,1,1
1,5,32,OK,0.2916,0.1250,0.5843,266.50,233.50,0.1224,6,48,48,12,11,2,108,1,2,19,1,4
1,5,26,OVER-BUDGET,0.0000,0.6818,0.9716,501.55,0.00,0.6122,30,44,44,6,11,9,72,1,1,7,1,6
1,5,33,OK,0.3398,0.6190,0.9338,376.00,124.00,0.2653,13,21,21,12,11,0,36,4,0,19,1,6
1,5,31,OVER-BUDGET,0.0000,0.8974,0.9566,500.10,0.00,0.7143,35,39,39,3,11,9,108,1,4,17,3,6
1,5,22,OVER-BUDGET,0.0000,0.0455,0.6525,502.80,0.00,0.0408,2,44,44,1,7,9,108,2,2,19,1,4
1,5,39,OVER-BUDGET,0.0000,0.9773,0.9283,501.90,0.00,0.8776,43,44,44,12,18,9,156,1,9,3,1,5
1,5,34,OK,0.4016,0.4359,0.7157,310.80,189.20,0.3469,17,39,39,7,11,9,156,1,7,19,1,6
1,5,36,OK,0.5089,0.5000,0.9553,310.80,189.20,0.4898,24,48,48,7,11,8,156,1,9,19,1,9
1,5,41,ALL-DEAD,0.2096,0.0000,0.0000,182.40,317.60,0.0000,0,31,31,12,7,7,72,1,9,19,1,6
1,5,43,OVER-BUDGET,0.0000,0.8333,0.9584,500.70,0.00,0.3061,15,18,18,6,8,5,108,1,0,2,1,6
1,5,42,ALL-DEAD,0.2245,0.0000,0.0000,159.90,340.10,0.0000,0,44,44,7,9,8,156,1,7,19,1,6
1,5,35,OK,0.6113,0.7273,0.9210,285.50,214.50,0.6531,32,44,44,9,11,9,156,1,1,19,1,6
1,5,38,OK,0.2625,0.1591,0.7875,364.50,135.50,0.1429,7,44,44,12,19,9,108,1,3,15,1,2
1,5,45,ALL-DEAD,0.2211,0.0000,0.0000,165.00,335.00,0.0000,0,48,48,10,30,5,144,1,4,16,1,6
1,5,37,ALL-DEAD,0.0809,0.0000,0.0000,377.35,122.65,0.0000,0,45,45,7,19,9,156,1,4,19,1,0
1,5,49,OVER-BUDGET,0.0000,0.5208,0.9423,500.40,0.00,0.5102,25,48,48,12,11,0,60,1,5,11,4,6
1,5,46,OK,0.2364,0.3182,0.5454,479.05,20.95,0.2857,14,44,44,11,11,1,120,3,0,19,2,6
1,5,47,ALL-DEAD,0.1073,0.0000,0.0000,337.40,162.60,0.0000,0,44,44,7,24,0,120,4,1,15,1,6
1,5,48,OK,0.1498,0.0833,0.6954,467.50,32.50,0.0816,4,48,48,9,7,9,108,3,9,19,2,6
1,5,44,OK,0.5340,0.5833,0.9672,343.00,157.00,0.5714,28,48,48,6,11,9,108,2,1,19,1,6
1,5,40,OK,0.1257,0.0682,0.6530,479.35,20.65,0.0612,3,44,44,7,27,9,96,1,1,19,1,6
1,6,4,OK,0.4562,0.3864,0.9681,274.00,226.00,0.3469,17,44,44,12,9,8,36,1,0,19,1,4
1,6,1,OK,0.5309,0.5227,0.9269,255.25,244.75,0.4694,23,44,44,12,9,9,96,1,7,19,1,6
1,6,3,OK,0.4214,0.3750,0.7873,310.80,189.20,0.3673,18,48,48,7,11,8,156,1,9,19,1,9
1,6,0,OK,0.2672,0.1364,0.4858,285.50,214.50,0.1224,6,44,44,9,11,9,156,1,1,19,1,6
1,6,5,OK,0.4886,0.4773,0.9388,287.50,212.50,0.4286,21,44,44,8,10,9,156,1,5,19,1,8
1,6,7,OK,0.4358,0.6591,0.8968,496.00,4.00,0.5918,29,44,44,9,7,9,36,2,0,19,2,4
1,6,2,OK,0.4948,0.5208,0.9210,343.00,157.00,0.5102,25,48,48,6,11,9,108,2,1,19,1,6
1,6,13,ALL-DEAD,0.2841,0.0000,0.0000,69.55,430.45,0.0000,0,44,44,10,11,1,156,1,1,19,1,6
1,6,11,ALL-DEAD,0.1571,0.0000,0.0000,261.90,238.10,0.0000,0,29,29,4,11,0,156,1,1,16,1,5
1,6,8,OK,0.3992,0.5227,0.9528,459.60,40.40,0.4694,23,44,44,11,7,9,96,3,9,19,2,1
1,6,6,OK,0.4170,0.4318,0.9718,368.00,132.00,0.3878,19,44,44,9,17,9,108,4,0,19,1,4
1,6,10,OK,0.3481,0.3409,0.9860,407.00,93.00,0.3061,15,44,44,9,9,8,156,1,9,11,1,3
1,6,16,ALL-DEAD,0.2310,0.0000,0.0000,149.95,350.05,0.0000,0,44,44,9,11,2,156,1,1,19,1,9
1,6,14,OVER-BUDGET,0.0000,0.7273,0.9430,500.25,0.00,0.6531,32,44,44,11,11,9,108,4,1,19,4,6
1,6,9,OK,0.5640,0.7436,0.9468,310.80,189.20,0.5918,29,39,39,7,11,9,156,1,7,19,1,6
1,6,18,OK,0.4963,0.5000,0.7941,266.50,233.50,0.4490,22,44,44,8,6,9,48,1,1,19,1,6
1,6,12,OK,0.6194,0.7500,0.9669,298.50,201.50,0.6735,33,44,44,9,11,9,108,1,1,18,1,0
1,6,22,ALL-DEAD,0.1827,0.0000,0.0000,223.20,276.80,0.0000,0,25,25,9,11,1,156,2,5,13,1,7
1,6,20,ALL-DEAD,0.1338,0.0000,0.0000,297.30,202.70,0.0000,0,44,44,9,9,9,96,1,1,12,1,4
1,6,15,OVER-BUDGET,0.0000,0.9091,0.9081,500.95,0.00,0.8163,40,44,44,4,28,9,48,1,7,7,1,6
1,6,24,ALL-DEAD,0.1922,0.0000,0.0000,208.80,291.20,0.0000,0,48,48,9,11,6,108,1,1,19,1,6
1,6,17,OK,0.6019,0.7727,0.9394,337.00,163.00,0.6939,34,44,44,6,11,9,156,2,9,19,1,9
1,6,21,ALL-DEAD,0.1434,0.0000,0.0000,282.75,217.25,0.0000,0,44,44,9,25,9,156,1,1,19,1,6
1,6,23,OK,0.4780,0.4545,0.8128,263.75,236.25,0.4082,20,44,44,9,5,9,96,1,1,17,1,2
1,6,27,ALL-DEAD,0.2141,0.0000,0.0000,175.55,324.45,0.0000,0,44,44,9,8,3,156,1,1,19,1,7
1,6,25,ALL-DEAD,0.1514,0.0000,0.0000,270.60,229.40,0.0000,0,44,44,6,18,8,108,1,7,16,1,9
1,6,30,OVER-BUDGET,0.0000,0.9773,0.9415,501.20,0.00,0.8776,43,44,44,7,22,9,156,1,7,3,4,6
1,6,31,OVER-BUDGET,0.0000,1.0000,0.9749,500.30,0.00,0.8980,44,44,44,9,18,9,108,2,1,1,1,1
1,6,26,OVER-BUDGET,0.0000,0.6818,0.9192,501.95,0.00,0.6122,30,44,44,9,11,9,120,1,1,19,4,6
1,6,32,ALL-DEAD,0.1538,0.0000,0.0000,266.95,233.05,0.0000,0,30,30,12,9,6,96,4,8,19,1,0
1,6,35,OVER-BUDGET,0.0000,0.0682,0.5804,502.05,0.00,0.0612,3,44,44,9,9,8,156,4,1,19,3,4
1,6,19,OVER-BUDGET,0.0000,0.7576,0.9539,500.25,0.00,0.5102,25,33,33,3,23,9,108,4,0,19,1,6
1,6,29,ALL-DEAD,0.1156,0.0000,0.0000,324.90,175.10,0.0000,0,48,48,9,18,8,120,1,9,19,1,4
1,6,39,ALL-DEAD,0.1977,0.0000,0.0000,200.50,299.50,0.0000,0,16,16,3,10,5,168,3,5,13,1,6
1,6,34,OVER-BUDGET,0.0000,0.8636,0.8880,501.20,0.00,0.7755,38,44,44,9,11,9,156,1,7,19,4,6
1,6,37,ALL-DEAD,0.2056,0.0000,0.0000,188.50,311.50,0.0000,0,48,48,6,11,9,108,2,1,19,1,8
1,6,36,OVER-BUDGET,0.0000,0.7292,0.9265,501.95,0.00,0.7143,35,48,48,9,11,9,120,1,1,19,4,2
1,6,42,ALL-DEAD,0.2226,0.0000,0.0000,162.80,337.20,0.0000,0,38,38,7,27,5,156,2,1,19,1,6
1,6,28,OK,0.4142,0.4773,0.9460,401.50,98.50,0.4286,21,44,44,4,11,9,84,1,1,19,1,7
1,6,41,OK,0.3666,0.6471,0.9486,304.05,195.95,0.2245,11,17,17,11,11,8,108,4,6,19,1,8
1,6,33,OK,0.4349,0.5429,0.9164,330.85,169.15,0.3878,19,35,35,5,9,9,96,1,3,19,1,6
1,6,48,ALL-DEAD,0.2306,0.0000,0.0000,150.65,349.35,0.0000,0,48,48,4,11,4,108,2,7,19,1,6
1,6,45,ALL-DEAD,0.1588,0.0000,0.0000,259.35,240.65,0.0000,0,44,44,12,9,5,36,1,6,19,1,8
1,6,47,OK,0.3923,1.0000,0.9876,255.25,244.75,0.2041,10,10,10,12,9,9,96,1,1,19,1,6
1,6,49,ALL-DEAD,0.2533,0.0000,0.0000,116.25,383.75,0.0000,0,44,44,9,11,7,156,1,7,19,1,6
1,6,38,OK,0.4668,0.8148,0.9690,343.00,157.00,0.4490,22,27,27,6,11,9,108,2,1,19,1,0
1,6,40,OK,0.4548,0.6591,0.9426,475.50,24.50,0.5918,29,44,44,9,11,9,156,1,1,19,2,6
1,6,44,OK,0.4985,0.5000,0.8477,307.00,193.00,0.4898,24,48,48,9,12,9,108,2,2,19,1,6
1,6,46,OVER-BUDGET,0.0000,0.8000,0.8858,502.65,0.00,0.6531,32,40,40,2,21,9,108,1,7,19,3,6
1,6,43,OVER-BUDGET,0.0000,0.4318,0.7386,501.25,0.00,0.3878,19,44,44,6,25,9,96,1,7,19,1,6
1,7,3,ALL-DEAD,0.2210,0.0000,0.0000,165.10,334.90,0.0000,0,44,44,12,9,9,96,1,7,19,1,6
1,7,8,ALL-DEAD,0.2353,0.0000,0.0000,143.50,356.50,0.0000,0,44,44,9,5,9,96,1,1,17,1,2
1,7,5,OK,0.5000,0.4773,0.9181,266.50,233.50,0.4286,21,44,44,8,6,9,48,1,1,19,1,6
1,7,7,OK,0.4627,0.4318,0.9096,287.50,212.50,0.3878,19,44,44,8,10,9,156,1,5,19,1,8
1,7,10,OVER-BUDGET,0.0000,0.9545,0.8798,500.10,0.00,0.8571,42,44,44,9,9,9,108,1,9,7,4,6
1,7,0,OK,0.4676,0.4545,0.9174,298.50,201.50,0.4082,20,44,44,9,11,9,108,1,1,18,1,0
1,7,2,OK,0.4910,0.5897,0.8998,310.80,189.20,0.4694,23,39,39,7,11,9,156,1,7,19,1,6
1,7,4,OK,0.6114,0.6875,0.9467,307.00,193.00,0.6735,33,48,48,9,12,9,108,2,2,19,1,6
1,7,6,OK,0.2873,0.1667,0.7822,343.00,157.00,0.1633,8,48,48,6,11,9,108,2,1,19,1,6
1,7,11,ALL-DEAD,0.2192,0.0000,0.0000,167.85,332.15,0.0000,0,44,44,9,14,4,108,3,1,18,1,0
1,7,12,OVER-BUDGET,0.0000,0.9722,0.9769,500.10,0.00,0.7143,35,36,36,7,11,9,156,1,7,11,4,0
1,7,1,OK,0.6376,0.8409,0.9561,337.00,163.00,0.7551,37,44,44,6,11,9,156,2,9,19,1,9
1,7,19,ALL-DEAD,0.2703,0.0000,0.0000,90.50,409.50,0.0000,0,11,11,7,16,1,96,1,9,19,1,7
1,7,18,ALL-DEAD,0.0397,0.0000,0.0000,439.90,60.10,0.0000,0,18,18,3,14,4,96,2,7,11,3,6
1,7,17,ALL-DEAD,0.2231,0.0000,0.0000,162.00,338.00,0.0000,0,44,44,9,27,5,156,2,9,18,1,6
1,7,9,OK,0.4751,0.8519,0.9444,343.00,157.00,0.4694,23,27,27,6,11,9,108,2,1,19,1,0
1,7,16,OVER-BUDGET,0.0000,0.6410,0.9299,500.00,0.00,0.5102,25,39,39,12,11,9,156,1,7,8,1,6
1,7,14,OK,0.2619,0.2727,0.7279,439.65,60.35,0.2449,12,44,44,11,13,9,84,2,9,11,1,0
1,7,22,OVER-BUDGET,0.0000,0.8636,0.9555,502.15,0.00,0.7755,38,44,44,6,23,9,156,2,8,8,2,3
1,7,24,ALL-DEAD,0.2526,0.0000,0.0000,117.25,382.75,0.0000,0,39,39,6,11,7,156,1,7,19,1,6
1,7,21,OVER-BUDGET,0.0000,0.6364,0.8810,501.40,0.00,0.5714,28,44,44,8,27,9,156,1,9,19,4,7
1,7,13,OVER-BUDGET,0.0000,0.5833,0.9358,501.00,0.00,0.2857,14,24,24,7,27,9,156,4,7,12,1,3
1,7,20,OVER-BUDGET,0.0000,0.8205,0.9216,500.65,0.00,0.6531,32,39,39,12,11,9,156,2,7,8,1,9
1,7,15,OK,0.4757,0.6591,0.9598,447.00,53.00,0.5918,29,44,44,6,11,9,24,3,9,20,1,3
1,7,29,ALL-DEAD,0.2265,0.0000,0.0000,156.75,343.25,0.0000,0,44,44,9,26,8,108,1,2,18,1,0
1,7,26,ALL-DEAD,0.2075,0.0000,0.0000,185.60,314.40,0.0000,0,44,44,11,11,9,156,1,1,18,1,9
1,7,30,OVER-BUDGET,0.0000,1.0000,0.9480,502.45,0.00,0.7347,36,36,36,6,9,9,144,1,9,7,4,3
1,7,33,ALL-DEAD,0.2171,0.0000,0.0000,171.00,329.00,0.0000,0,44,44,12,9,8,96,1,1,19,1,6
1,7,28,ALL-DEAD,0.1609,0.0000,0.0000,256.20,243.80,0.0000,0,48,48,1,11,3,108,2,1,19,1,6
1,7,31,OK,0.4057,0.3182,0.9794,301.50,198.50,0.2857,14,44,44,9,11,8,84,1,0,18,1,9
1,7,37,OK,0.2890,0.2500,0.6878,255.25,244.75,0.0816,4,16,16,12,9,9,96,1,7,19,1,6
1,7,34,OVER-BUDGET,0.0000,0.8182,0.9041,500.25,0.00,0.7347,36,44,44,9,21,9,108,3,1,6,1,0
1,7,27,OVER-BUDGET,0.0000,0.7308,0.9655,501.30,0.00,0.3878,19,26,26,9,22,9,72,2,7,12,1,6
1,7,35,OVER-BUDGET,0.0000,0.9091,0.9662,502.30,0.00,0.8163,40,44,44,4,11,9,156,2,1,19,4,0
1,7,23,OVER-BUDGET,0.0000,0.2857,0.7820,501.30,0.00,0.2857,14,49,49,6,27,9,156,2,4,19,1,0
1,7,36,OK,0.5458,0.5909,0.9314,284.50,215.50,0.5306,26,44,44,8,6,9,84,3,9,19,1,2
1,7,25,ALL-DEAD,0.0395,0.0000,0.0000,440.10,59.90,0.0000,0,49,49,9,29,9,168,2,1,18,1,6
1,7,40,ALL-DEAD,0.2314,0.0000,0.0000,149.40,350.60,0.0000,0,44,44,8,27,1,168,1,9,18,1,6
1,7,32,OVER-BUDGET,0.0000,0.6364,0.8315,500.65,0.00,0.5714,28,44,44,6,22,9,108,1,9,19,2,5
1,7,41,ALL-DEAD,0.2240,0.0000,0.0000,160.55,339.45,0.0000,0,44,44,9,14,5,108,1,5,18,1,0
1,7,42,ALL-DEAD,0.1629,0.0000,0.0000,253.25,246.75,0.0000,0,35,35,6,15,9,168,1,9,20,1,4
1,7,44,OVER-BUDGET,0.0000,0.9091,0.8885,502.15,0.00,0.8163,40,44,44,6,11,9,156,1,7,14,4,9
1,7,39,OK,0.4644,0.5385,0.7262,285.50,214.50,0.4286,21,39,39,9,11,9,156,1,1,19,1,0
1,7,38,OK,0.5670,0.6364,0.9495,289.70,210.30,0.5714,28,44,44,10,11,9,108,1,2,18,1,0
1,7,46,OK,0.4272,0.9412,0.9689,301.00,199.00,0.3265,16,17,17,9,12,9,156,2,4,19,1,6
1,7,45,OVER-BUDGET,0.0000,0.5102,0.9147,500.00,0.00,0.5102,25,49,49,9,11,9,132,2,1,7,1,3
1,7,43,OVER-BUDGET,0.0000,0.7273,0.9606,502.25,0.00,0.6531,32,44,44,12,26,9,108,3,8,10,1,0
1,7,47,OK,0.4831,0.5641,0.9274,310.80,189.20,0.4490,22,39,39,7,11,9,156,1,3,19,1,6
1,7,49,OK,0.5803,0.7692,0.9275,299.55,200.45,0.6122,30,39,39,11,11,9,156,2,1,17,1,7
1,7,48,OK,0.4400,0.5750,0.9574,398.50,101.50,0.4694,23,40,40,6,16,9,132,2,9,19,1,0
1,8,4,OK,0.4717,0.4545,0.8745,284.50,215.50,0.4082,20,44,44,8,6,9,84,3,9,19,1,2
1,8,5,OK,0.5055,0.5227,0.7766,266.50,233.50,0.4694,23,44,44,8,6,9,48,1,1,19,1,6
1,8,2,OK,0.4700,0.5128,0.9432,299.55,200.45,0.4082,20,39,39,11,11,9,156,2,1,17,1,7
1,8,7,OK,0.2318,0.0513,0.7041,310.80,189.20,0.0408,2,39,39,7,11,9,156,1,3,19,1,6
1,8,3,OK,0.6137,0.7273,0.9641,289.70,210.30,0.6531,32,44,44,10,11,9,108,1,2,18,1,0
1,8,0,OK,0.5463,0.6591,0.9432,337.00,163.00,0.5918,29,44,44,6,11,9,156,2,9,19,1,9
1,8,6,OK,0.5829,0.7949,0.9171,310.80,189.20,0.6327,31,39,39,7,11,9,156,1,7,19,1,6
1,8,1,OK,0.5994,0.6667,0.9405,307.00,193.00,0.6531,32,48,48,9,12,9,108,2,2,19,1,6
1,8,12,OVER-BUDGET,0.0000,0.6818,0.7521,500.30,0.00,0.6122,30,44,44,8,6,9,132,1,1,11,3,9
1,8,15,ALL-DEAD,0.0488,0.0000,0.0000,426.00,74.00,0.0000,0,39,39,9,11,6,156,2,5,7,1,6
1,8,10,OVER-BUDGET,0.0000,0.8636,0.8727,500.10,0.00,0.7755,38,44,44,2,12,9,120,2,9,19,4,9
1,8,17,OVER-BUDGET,0.0000,1.0000,0.9924,502.65,0.00,0.2449,12,12,12,6,13,9,60,2,5,2,1,7
1,8,9,OK,0.4687,0.8148,0.9842,343.00,157.00,0.4490,22,27,27,6,11,9,108,2,1,19,1,0
1,8,8,OK,0.2150,0.2045,0.6580,447.00,53.00,0.1837,9,44,44,6,11,9,24,3,9,20,1,3
1,8,11,OVER-BUDGET,0.0000,0.9655,0.9097,500.50,0.00,0.5714,28,29,29,6,30,9,156,2,9,19,3,9
1,8,13,OK,0.5292,0.8286,0.9438,363.00,137.00,0.5918,29,35,35,11,20,9,108,4,2,19,1,2
1,8,18,OVER-BUDGET,0.0000,1.0000,0.9881,500.70,0.00,0.2449,12,12,12,6,11,9,108,1,8,19,2,2
1,8,14,OVER-BUDGET,0.0000,0.7500,0.9569,501.65,0.00,0.4898,24,32,32,4,11,9,156,2,1,11,1,7
1,8,19,OK,0.2993,0.2308,0.7764,340.80,159.20,0.1837,9,39,39,7,11,9,156,2,1,17,1,1
1,8,23,OK,0.2699,0.0909,0.7015,286.70,213.30,0.0816,4,44,44,10,11,7,156,1,9,18,1,3
1,8,16,OK,0.4378,0.5000,0.9769,388.40,111.60,0.4490,22,44,44,5,11,9,156,4,5,18,1,7
1,8,24,ALL-DEAD,0.1480,0.0000,0.0000,275.70,224.30,0.0000,0,44,44,3,6,8,156,2,2,19,2,5
1,8,25,ALL-DEAD,0.1240,0.0000,0.0000,312.10,187.90,0.0000,0,42,42,1,11,7,156,4,3,19,1,9
1,8,22,OK,0.3546,0.3846,0.9605,392.50,107.50,0.3061,15,39,39,12,20,9,72,4,1,17,1,7
1,8,28,ALL-DEAD,0.1555,0.0000,0.0000,264.40,235.60,0.0000,0,44,44,9,7,1,36,1,1,14,3,6
1,8,27,OK,0.3394,0.8000,0.9818,300.30,199.70,0.1633,8,10,10,11,6,9,60,2,1,16,1,7
1,8,21,OK,0.5848,0.7333,0.9725,352.00,148.00,0.6735,33,45,45,6,11,9,72,2,9,19,1,9
1,8,31,ALL-DEAD,0.1863,0.0000,0.0000,217.70,282.30,0.0000,0,10,10,8,19,1,156,1,9,19,1,0
1,8,20,OK,0.4980,0.6136,0.9747,381.80,118.20,0.5510,27,44,44,10,19,9,72,3,5,18,1,0
1,8,29,OVER-BUDGET,0.0000,0.8974,0.9455,500.80,0.00,0.7143,35,39,39,6,11,9,156,1,9,13,4,7
1,8,33,ALL-DEAD,0.2104,0.0000,0.0000,181.25,318.75,0.0000,0,44,44,6,23,8,108,3,9,10,1,0
1,8,35,ALL-DEAD,0.1188,0.0000,0.0000,319.95,180.05,0.0000,0,44,44,6,11,1,120,1,3,19,4,5
1,8,26,OVER-BUDGET,0.0000,0.8182,0.9479,500.15,0.00,0.7347,36,44,44,4,11,9,156,1,9,19,3,9
1,8,40,OVER-BUDGET,0.0000,0.7500,0.8200,501.65,0.00,0.6735,33,44,44,6,11,1,156,2,9,4,3,9
1,8,32,OVER-BUDGET,0.0000,0.5227,0.8886,502.45,0.00,0.4694,23,44,44,6,11,9,156,3,9,8,1,6
1,8,36,OK,0.4749,0.5385,0.9369,308.00,192.00,0.4286,21,39,39,9,11,9,156,1,9,17,1,7
1,8,30,OK,0.4387,0.6154,0.9765,421.00,79.00,0.4898,24,39,39,2,6,9,156,2,1,19,1,2
1,8,34,OK,0.4682,0.5000,0.9670,340.60,159.40,0.4490,22,44,44,7,12,9,168,4,2,19,1,6
1,8,38,ALL-DEAD,0.1346,0.0000,0.0000,296.05,203.95,0.0000,0,48,48,6,11,9,72,2,9,19,1,9
1,8,43,OK,0.5272,0.5909,0.9387,314.00,186.00,0.5306,26,44,44,8,11,0,156,2,2,18,1,5
1,8,39,OK,0.4657,0.5682,0.9558,393.40,106.60,0.5102,25,44,44,5,11,9,48,2,9,19,1,9
1,8,42,OVER-BUDGET,0.0000,0.7500,0.9298,502.05,0.00,0.6735,33,44,44,9,12,9,84,3,9,19,3,9
1,8,44,OK,0.4998,0.5897,0.9528,307.05,192.95,0.4694,23,39,39,11,11,9,156,3,1,17,1,7
1,8,37,OVER-BUDGET,0.0000,0.7727,0.9460,502.50,0.00,0.6939,34,44,44,3,15,9,156,1,9,19,1,9
1,8,41,OK,0.3771,0.3958,0.9634,427.00,73.00,0.3878,19,48,48,4,12,9,108,2,2,19,1,6
1,8,47,ALL-DEAD,0.1199,0.0000,0.0000,318.30,181.70,0.0000,0,45,45,6,11,0,156,4,9,19,1,7
1,8,49,ALL-DEAD,0.1450,0.0000,0.0000,280.25,219.75,0.0000,0,44,44,6,11,0,156,3,9,19,1,3
1,8,45,OVER-BUDGET,0.0000,0.9091,0.9843,500.55,0.00,0.2041,10,11,11,2,12,9,108,1,2,10,1,6
1,8,48,OVER-BUDGET,0.0000,0.7812,0.9735,500.90,0.00,0.5102,25,32,32,6,13,9,108,2,9,19,2,6
1,8,46,ALL-DEAD,0.0026,0.0000,0.0000,496.10,3.90,0.0000,0,44,44,6,29,9,156,1,2,13,1,9
1,9,6,OK,0.4368,0.4091,0.9337,314.00,186.00,0.3673,18,44,44,8,11,0,156,2,2,18,1,5
1,9,7,OK,0.5448,0.5682,0.9175,266.50,233.50,0.5102,25,44,44,8,6,9,48,1,1,19,1,6
1,9,0,OK,0.3327,0.2045,0.7737,289.70,210.30,0.1837,9,44,44,10,11,9,108,1,2,18,1,0
1,9,1,OK,0.4731,0.4583,0.8234,307.00,193.00,0.4490,22,48,48,9,12,9,108,2,2,19,1,6
1,9,3,OK,0.4746,0.5385,0.9505,310.80,189.20,0.4286,21,39,39,7,11,9,156,1,7,19,1,6
1,9,5,OK,0.4778,0.6857,0.9832,363.00,137.00,0.4898,24,35,35,11,20,9,108,4,2,19,1,2
1,9,8,ALL-DEAD,0.1784,0.0000,0.0000,229.65,270.35,0.0000,0,39,39,11,11,9,156,3,1,17,1,7
1,9,10,ALL-DEAD,0.1640,0.0000,0.0000,251.50,248.50,0.0000,0,25,25,6,12,7,108,3,1,19,1,9
1,9,4,OK,0.1896,0.0682,0.4029,337.00,163.00,0.0612,3,44,44,6,11,9,156,2,9,19,1,9
1,9,2,OK,0.6300,0.8222,0.9752,352.00,148.00,0.7551,37,45,45,6,11,9,72,2,9,19,1,9
1,9,13,OVER-BUDGET,0.0000,0.6458,0.8193,501.30,0.00,0.6327,31,48,48,10,12,6,108,2,2,2,1,6
1,9,18,OVER-BUDGET,0.0000,1.0000,0.9737,502.00,0.00,0.8980,44,44,44,1,15,9,108,1,2,2,4,0
1,9,11,OVER-BUDGET,0.0000,0.9167,0.9369,502.40,0.00,0.4490,22,24,24,12,16,9,72,2,4,6,1,0
1,9,12,OVER-BUDGET,0.0000,0.6591,0.9472,500.90,0.00,0.5918,29,44,44,10,11,9,132,4,2,18,4,2
1,9,16,OVER-BUDGET,0.0000,0.6316,0.7604,501.10,0.00,0.2449,12,19,19,12,12,8,108,2,2,19,3,1
1,9,20,OK,0.2545,0.0417,0.5818,254.20,245.80,0.0408,2,48,48,10,6,4,108,2,2,19,1,6
1,9,19,ALL-DEAD,0.1358,0.0000,0.0000,294.30,205.70,0.0000,0,45,45,1,12,7,144,4,0,19,1,0
1,9,9,OK,0.4769,0.6136,0.7983,381.80,118.20,0.5510,27,44,44,10,19,9,72,3,5,18,1,0
1,9,14,OVER-BUDGET,0.0000,0.7045,0.9799,502.15,0.00,0.6327,31,44,44,5,12,9,108,1,4,18,3,6
1,9,26,OVER-BUDGET,0.0000,1.0000,0.9238,500.00,0.00,0.5510,27,27,27,10,11,9,108,1,8,1,1,0
1,9,25,ALL-DEAD,0.2725,0.0000,0.0000,87.05,412.95,0.0000,0,49,49,6,11,2,108,2,2,19,1,2
1,9,21,ALL-DEAD,0.1990,0.0000,0.0000,198.50,301.50,0.0000,0,48,48,9,8,9,108,2,2,19,1,6
1,9,17,OK,0.5251,0.9310,0.9360,333.70,166.30,0.5510,27,29,29,10,11,9,108,4,2,17,1,0
1,9,23,ALL-DEAD,0.0808,0.0000,0.0000,377.50,122.50,0.0000,0,44,44,2,11,6,108,1,2,9,2,0
1,9,28,ALL-DEAD,0.1953,0.0000,0.0000,204.15,295.85,0.0000,0,48,48,9,12,5,108,1,2,8,1,6
1,9,15,OK,0.2416,0.1778,0.7547,407.20,92.80,0.1633,8,45,45,10,26,9,72,2,1,19,1,9
1,9,24,OK,0.4334,0.4545,0.6753,306.20,193.80,0.4082,20,44,44,10,11,9,168,4,7,18,1,6
1,9,27,OVER-BUDGET,0.0000,0.8864,0.9292,500.75,0.00,0.7959,39,44,44,11,29,9,60,1,2,18,4,0
1,9,22,OK,0.4703,0.5227,0.9152,345.00,155.00,0.4694,23,44,44,9,17,9,120,1,2,18,1,5
1,9,30,OK,0.2554,0.0455,0.8229,296.60,203.40,0.0408,2,44,44,11,12,9,120,2,3,18,1,1
1,9,31,OK,0.5066,0.6512,0.9230,376.50,123.50,0.5714,28,43,43,8,6,9,48,1,2,12,1,6
1,9,32,OK,0.4903,0.4545,0.9642,272.55,227.45,0.4082,20,44,44,11,11,9,108,1,2,19,1,2
1,9,38,ALL-DEAD,0.1773,0.0000,0.0000,231.35,268.65,0.0000,0,28,28,10,11,5,108,3,2,18,1,0
1,9,29,OK,0.5611,0.7778,0.9597,419.50,80.50,0.7143,35,45,45,6,11,9,72,2,9,14,1,9
1,9,37,OK,0.2703,0.1818,0.5755,331.20,168.80,0.1633,8,44,44,10,6,9,108,1,1,13,1,0
1,9,36,OVER-BUDGET,0.0000,0.7333,0.9177,502.20,0.00,0.6735,33,45,45,9,12,9,36,2,2,5,1,6
1,9,41,OVER-BUDGET,0.0000,0.8182,0.9395,501.40,0.00,0.7347,36,44,44,10,11,9,120,1,1,8,4,6
1,9,34,OK,0.2935,0.1429,0.7504,310.80,189.20,0.1429,7,49,49,7,11,9,156,1,7,19,1,6
1,9,35,OVER-BUDGET,0.0000,0.9556,0.9718,502.00,0.00,0.8776,43,45,45,6,25,9,72,2,2,8,1,9
1,9,43,OVER-BUDGET,0.0000,1.0000,0.9687,500.00,0.00,0.3265,16,16,16,10,11,9,108,1,8,18,4,0
1,9,45,ALL-DEAD,0.0374,0.0000,0.0000,443.40,56.60,0.0000,0,28,28,7,11,5,132,3,8,18,3,0
1,9,46,OVER-BUDGET,0.0000,0.8409,0.8380,501.95,0.00,0.7551,37,44,44,10,11,9,108,1,8,2,1,0
1,9,47,ALL-DEAD,0.1734,0.0000,0.0000,237.20,262.80,0.0000,0,48,48,6,12,4,132,2,2,19,3,6
1,9,42,OK,0.3757,0.3333,0.7517,339.50,160.50,0.3265,16,48,48,9,5,9,108,4,2,14,1,6
1,9,39,OK,0.3629,0.4103,0.8584,378.30,121.70,0.3265,16,39,39,7,11,9,156,1,7,14,1,6
1,9,40,OK,0.5829,0.6818,0.9407,298.00,202.00,0.6122,30,44,44,9,9,9,60,2,2,19,1,0
1,9,33,OVER-BUDGET,0.0000,0.5429,0.8386,500.10,0.00,0.3878,19,35,35,2,11,9,108,1,2,19,1,0
1,9,44,OK,0.4423,0.7500,0.8826,296.50,203.50,0.3673,18,24,24,9,12,9,108,1,3,19,1,9
1,9,49,OK,0.4001,0.5714,0.9796,412.00,88.00,0.4082,20,35,35,6,11,8,48,4,9,19,1,2
1,9,48,OK,0.3031,0.7273,0.9386,483.50,16.50,0.3265,16,22,22,9,12,9,36,2,2,11,1,3
1,10,4,OK,0.4429,0.6897,0.9051,333.70,166.30,0.4082,20,29,29,10,11,9,108,4,2,17,1,0
1,10,1,OK,0.3219,0.2273,0.6358,298.00,202.00,0.2041,10,44,44,9,9,9,60,2,2,19,1,0
1,10,3,OK,0.5324,0.5455,0.9078,266.50,233.50,0.4898,24,44,44,8,6,9,48,1,1,19,1,6
1,10,6,OK,0.3545,0.2500,0.6745,272.55,227.45,0.2245,11,44,44,11,11,9,108,1,2,19,1,2
1,10,5,OK,0.5128,0.6744,0.8817,376.50,123.50,0.5918,29,43,43,8,6,9,48,1,2,12,1,6
1,10,7,ALL-DEAD,0.1013,0.0000,0.0000,346.50,153.50,0.0000,0,35,35,11,20,9,108,4,2,19,1,2
1,10,2,OK,0.3266,0.3556,0.7825,419.50,80.50,0.3265,16,45,45,6,11,9,72,2,9,14,1,9
1,10,10,ALL-DEAD,0.0345,0.0000,0.0000,447.75,52.25,0.0000,0,37,37,4,5,8,108,2,0,19,3,7
1,10,0,OK,0.5724,0.7111,0.9625,352.00,148.00,0.6531,32,45,45,6,11,9,72,2,9,19,1,9
1,10,15,OVER-BUDGET,0.0000,0.9302,0.9382,500.90,0.00,0.8163,40,43,43,8,9,9,72,3,2,4,3,4
1,10,9,ALL-DEAD,0.1276,0.0000,0.0000,306.65,193.35,0.0000,0,39,39,7,11,9,156,1,7,19,1,6
1,10,11,OK,0.5107,0.6222,0.9549,376.00,124.00,0.5714,28,45,45,6,11,9,84,4,9,19,1,8
1,10,19,OVER-BUDGET,0.0000,1.0000,0.9167,500.60,0.00,0.7143,35,35,35,12,11,9,48,1,9,3,4,9
1,10,12,OK,0.4781,1.0000,0.9496,356.50,143.50,0.4898,24,24,24,3,6,9,48,1,9,19,1,1
1,10,8,OK,0.5153,0.7045,0.7446,381.80,118.20,0.6327,31,44,44,10,19,9,72,3,5,18,1,0
1,10,18,ALL-DEAD,0.1795,0.0000,0.0000,228.00,272.00,0.0000,0,45,45,6,9,0,96,2,9,19,1,2
1,10,14,OK,0.4979,0.5778,0.9446,359.50,140.50,0.5306,26,45,45,9,9,9,72,2,9,14,1,9
1,10,13,OVER-BUDGET,0.0000,0.5227,0.8550,500.05,0.00,0.4694,23,44,44,1,9,9,36,1,5,14,1,0
1,10,20,OVER-BUDGET,0.0000,0.8444,0.9691,501.00,0.00,0.7755,38,45,45,6,18,9,72,4,9,19,4,9
1,10,21,OVER-BUDGET,0.0000,0.6591,0.9050,500.70,0.00,0.5918,29,44,44,10,11,9,156,1,9,19,4,6
1,10,17,OK,0.2671,0.2195,0.8589,404.50,95.50,0.1837,9,41,41,6,11,9,144,2,9,14,1,8
1,10,22,OVER-BUDGET,0.0000,0.8529,0.9024,501.30,0.00,0.5918,29,34,34,11,16,9,108,2,9,9,2,2
1,10,28,ALL-DEAD,0.1811,0.0000,0.0000,225.60,274.40,0.0000,0,12,12,2,11,1,72,2,9,4,1,9
1,10,16,OK,0.3460,0.5000,0.9683,475.00,25.00,0.3878,19,38,38,6,20,9,48,2,9,19,1,4
1,10,23,OK,0.2638,0.1136,0.6196,298.00,202.00,0.1020,5,44,44,9,9,9,60,2,7,19,1,0
1,10,29,OVER-BUDGET,0.0000,0.4375,0.9216,500.95,0.00,0.2857,14,32,32,8,9,0,60,2,4,19,3,3
1,10,24,OK,0.3321,0.6364,0.9188,402.00,98.00,0.2857,14,22,22,6,11,9,72,2,9,15,1,9
1,10,26,OK,0.2643,0.1556,0.7224,350.00,150.00,0.1429,7,45,45,9,11,9,60,4,9,19,1,4
1,10,27,OK,0.4668,0.4444,0.8590,289.00,211.00,0.4082,20,45,45,6,6,9,120,3,1,19,1,1
1,10,30,OVER-BUDGET,0.0000,0.4444,0.4330,500.50,0.00,0.4082,20,45,45,6,25,9,60,2,9,5,1,1
1,10,33,OK,0.1713,0.0238,0.0976,275.20,224.80,0.0204,1,42,42,10,6,2,108,4,0,19,1,0
1,10,31,OK,0.4074,0.7727,0.9493,344.50,155.50,0.3469,17,22,22,9,9,9,156,2,8,14,1,1
1,10,35,ALL-DEAD,0.2094,0.0000,0.0000,182.80,317.20,0.0000,0,45,45,10,12,4,72,2,9,15,1,9
1,10,36,OVER-BUDGET,0.0000,1.0000,0.9714,500.10,0.00,0.5918,29,29,29,4,11,9,72,2,7,7,3,5
1,10,34,OK,0.5076,0.4773,0.9154,254.50,245.50,0.4286,21,44,44,9,6,1,132,2,9,19,1,9
1,10,37,ALL-DEAD,0.1412,0.0000,0.0000,286.00,214.00,0.0000,0,44,44,8,26,0,60,2,2,15,1,0
1,10,25,OVER-BUDGET,0.0000,0.8000,0.9412,500.40,0.00,0.7347,36,45,45,8,29,9,60,2,9,14,1,9
1,10,41,OK,0.4980,0.5111,0.9682,312.70,187.30,0.4694,23,45,45,7,9,8,72,2,9,19,1,9
1,10,42,OVER-BUDGET,0.0000,0.8667,0.9204,500.50,0.00,0.7959,39,45,45,6,11,9,72,2,9,19,4,9
1,10,38,OK,0.4727,0.5714,0.6991,319.00,181.00,0.4898,24,42,42,8,11,9,72,2,9,19,1,9
1,10,32,OVER-BUDGET,0.0000,0.7442,0.9674,500.60,0.00,0.6531,32,43,43,6,27,9,72,4,7,16,1,0
1,10,44,OVER-BUDGET,0.0000,0.8409,0.8991,500.45,0.00,0.7551,37,44,44,9,9,9,72,3,9,3,1,9
1,10,43,OK,0.2803,0.9333,0.9607,488.05,11.95,0.2857,14,15,15,11,11,9,60,2,2,19,2,0
1,10,46,OVER-BUDGET,0.0000,0.9706,0.9701,501.85,0.00,0.6735,33,34,34,8,11,9,108,2,9,2,1,9
1,10,40,OVER-BUDGET,0.0000,0.9697,0.9749,501.20,0.00,0.6531,32,33,33,5,28,9,72,2,8,8,1,0
1,10,47,OVER-BUDGET,0.0000,0.8966,0.9547,500.05,0.00,0.5306,26,29,29,10,14,9,72,1,2,17,4,0
1,10,48,OK,0.4646,0.7241,0.9903,333.30,166.70,0.4286,21,29,29,7,11,9,72,2,8,19,1,9
1,10,45,OK,0.4382,0.6471,0.6811,334.00,166.00,0.4490,22,34,34,6,9,9,60,2,2,19,1,0
1,10,39,OVER-BUDGET,0.0000,0.4783,0.6875,500.50,0.00,0.4490,22,46,46,6,27,9,72,2,3,19,1,0
1,10,49,OK,0.3967,0.6800,0.9014,352.00,148.00,0.3469,17,25,25,6,11,9,72,2,9,19,1,0
1,11,5,OK,0.2088,0.0227,0.2966,254.50,245.50,0.0204,1,44,44,9,6,1,132,2,9,19,1,9
1,11,6,OK,0.4523,0.4222,0.9621,312.70,187.30,0.3878,19,45,45,7,9,8,72,2,9,19,1,9
1,11,7,OK,0.1670,0.0222,0.5254,359.50,140.50,0.0204,1,45,45,9,9,9,72,2,9,14,1,9
1,11,1,OK,0.5701,0.6136,0.9411,266.50,233.50,0.5510,27,44,44,8,6,9,48,1,1,19,1,6
1,11,3,OK,0.4509,0.5349,0.9265,376.50,123.50,0.4694,23,43,43,8,6,9,48,1,2,12,1,6
1,11,4,OK,0.2416,0.1556,0.6762,376.00,124.00,0.1429,7,45,45,6,11,9,84,4,9,19,1,8
1,11,12,ALL-DEAD,0.0323,0.0000,0.0000,451.10,48.90,0.0000,0,45,45,6,11,2,72,2,9,5,1,9
1,11,0,OK,0.5729,0.7111,0.9672,352.00,148.00,0.6531,32,45,45,6,11,9,72,2,9,19,1,9
1,11,2,OK,0.5554,0.7273,0.9852,381.80,118.20,0.6531,32,44,44,10,19,9,72,3,5,18,1,0
1,11,9,OK,0.5332,0.6667,0.8289,319.00,181.00,0.5714,28,42,42,8,11,9,72,2,9,19,1,9
1,11,8,OK,0.3931,0.7083,0.8968,356.50,143.50,0.3469,17,24,24,3,6,9,48,1,9,19,1,1
1,11,11,OVER-BUDGET,0.0000,0.9048,0.9824,501.10,0.00,0.3878,19,21,21,6,11,9,84,2,9,19,2,4
1,11,14,OK,0.2008,0.1026,0.8673,421.50,78.50,0.0816,4,39,39,8,6,9,48,3,1,12,1,6
1,11,10,OK,0.4742,0.5333,0.9588,364.00,136.00,0.4898,24,45,45,6,11,9,108,4,9,19,1,8
1,11,21,OVER-BUDGET,0.0000,1.0000,0.8464,503.25,0.00,0.2041,10,10,10,10,19,3,72,3,6,1,1,0
1,11,13,OVER-BUDGET,0.0000,0.4545,0.6339,500.45,0.00,0.4082,20,44,44,3,6,9,48,1,2,10,1,6
1,11,16,OK,0.4535,1.0000,0.9841,366.00,134.00,0.4490,22,22,22,6,13,9,72,2,9,20,1,9
1,11,23,OVER-BUDGET,0.0000,0.9778,0.9755,501.25,0.00,0.8980,44,45,45,4,23,9,72,2,8,1,1,9
1,11,20,ALL-DEAD,0.1276,0.0000,0.0000,306.60,193.40,0.0000,0,45,45,6,27,7,72,3,9,19,1,7
1,11,15,OK,0.6235,0.8542,0.9457,424.50,75.50,0.8367,41,48,48,6,11,9,72,1,9,13,1,9
1,11,17,OK,0.5087,0.6364,0.9550,379.00,121.00,0.5714,28,44,44,8,11,9,48,4,9,19,1,9
1,11,22,OK,0.1231,0.0227,0.4427,411.00,89.00,0.0204,1,44,44,6,11,0,84,4,1,16,1,0
1,11,19,OVER-BUDGET,0.0000,0.8222,0.9443,502.35,0.00,0.7551,37,45,45,6,11,9,84,1,9,8,1,9
1,11,24,OVER-BUDGET,0.0000,0.4884,0.9432,502.20,0.00,0.4286,21,43,43,7,6,9,72,2,2,6,1,6
1,11,27,OVER-BUDGET,0.0000,0.4889,0.9529,500.00,0.00,0.4490,22,45,45,6,6,0,72,2,9,19,4,9
1,11,30,ALL-DEAD,0.2108,0.0000,0.0000,180.55,319.45,0.0000,0,38,38,6,11,6,72,2,9,19,1,8
1,11,31,ALL-DEAD,0.1334,0.0000,0.0000,297.95,202.05,0.0000,0,18,18,11,11,3,72,2,9,4,1,9
1,11,18,OVER-BUDGET,0.0000,0.6000,0.9704,500.35,0.00,0.5510,27,45,45,2,11,9,36,2,9,19,1,3
1,11,29,ALL-DEAD,0.1512,0.0000,0.0000,270.85,229.15,0.0000,0,44,44,10,23,8,48,2,4,16,1,6
1,11,28,OVER-BUDGET,0.0000,0.9091,0.9568,500.40,0.00,0.4082,20,22,22,6,11,9,72,2,9,7,1,6
1,11,32,ALL-DEAD,0.1285,0.0000,0.0000,305.25,194.75,0.0000,0,27,27,10,19,5,72,3,0,18,1,7
1,11,35,OK,0.2394,0.1333,0.7135,369.00,131.00,0.1224,6,45,45,8,6,7,72,1,2,12,1,6
1,11,34,ALL-DEAD,0.0476,0.0000,0.0000,427.95,72.05,0.0000,0,15,15,10,19,8,48,3,9,18,2,0
1,11,36,OK,0.3701,1.0000,0.9879,289.00,211.00,0.2041,10,10,10,6,7,9,144,2,9,19,1,9
1,11,37,OVER-BUDGET,0.0000,0.8182,0.9411,500.85,0.00,0.7347,36,44,44,10,19,9,156,3,5,4,1,8
1,11,39,OVER-BUDGET,0.0000,0.9355,0.9100,502.10,0.00,0.5918,29,31,31,8,6,9,48,1,1,12,3,6
1,11,25,OVER-BUDGET,0.0000,0.8824,0.9944,500.20,0.00,0.3061,15,17,17,2,11,9,144,1,9,14,1,9
1,11,26,OK,0.3948,0.6389,0.9431,464.50,35.50,0.4694,23,36,36,8,28,9,48,1,1,19,1,6
1,11,41,OK,0.4495,0.9000,0.9731,302.00,198.00,0.3673,18,20,20,10,10,9,72,2,9,18,1,9
1,11,33,OVER-BUDGET,0.0000,0.2889,0.7082,502.10,0.00,0.2653,13,45,45,6,22,9,24,2,9,19,1,8
1,11,43,OVER-BUDGET,0.0000,0.8636,0.9305,502.40,0.00,0.7755,38,44,44,10,19,9,72,3,5,3,1,7
1,11,40,OVER-BUDGET,0.0000,0.6818,0.9360,502.10,0.00,0.6122,30,44,44,3,7,9,48,1,1,18,3,1
1,11,46,OVER-BUDGET,0.0000,0.0222,0.3187,500.90,0.00,0.0204,1,45,45,7,6,8,72,1,0,19,4,9
1,11,47,ALL-DEAD,0.0362,0.0000,0.0000,445.10,54.90,0.0000,0,43,43,8,29,1,48,1,4,4,1,6
1,11,38,OK,0.5141,0.6591,0.9802,392.50,107.50,0.5918,29,44,44,8,20,9,48,1,1,19,1,6
1,11,45,OK,0.2586,0.5714,0.9955,425.30,74.70,0.1633,8,14,14,7,6,9,120,4,9,11,1,8
1,11,48,ALL-DEAD,0.1567,0.0000,0.0000,262.65,237.35,0.0000,0,44,44,9,19,1,24,2,5,19,1,0
1,11,44,OK,0.3685,0.5227,0.6145,444.50,55.50,0.4694,23,44,44,8,8,9,72,3,6,11,1,0
1,11,42,OK,0.5440,0.7111,0.9268,388.50,111.50,0.6531,32,45,45,6,11,9,132,2,9,15,1,6
1,11,49,OK,0.5522,0.7045,0.8389,343.00,157.00,0.6327,31,44,44,4,6,9,48,2,1,19,1,9
1,12,2,OK,0.5320,0.5455,0.9043,266.50,233.50,0.4898,24,44,44,8,6,9,48,1,1,19,1,6
1,12,4,OK,0.5279,0.6591,0.8229,343.00,157.00,0.5918,29,44,44,4,6,9,48,2,1,19,1,9
1,12,6,OK,0.5794,0.7381,0.9335,319.00,181.00,0.6327,31,42,42,8,11,9,72,2,9,19,1,9
1,12,10,OVER-BUDGET,0.0000,0.9792,0.5666,501.00,0.00,0.9592,47,48,48,3,25,2,72,1,2,1,1,9
1,12,5,OK,0.3214,0.3111,0.7553,388.50,111.50,0.2857,14,45,45,6,11,9,132,2,9,15,1,6
1,12,1,OK,0.5071,0.6222,0.7930,352.00,148.00,0.5714,28,45,45,6,11,9,72,2,9,19,1,9
1,12,0,OK,0.5201,0.6667,0.9257,424.50,75.50,0.6531,32,48,48,6,11,9,72,1,9,13,1,9
1,12,3,OK,0.5507,0.7273,0.9462,381.80,118.20,0.6531,32,44,44,10,19,9,72,3,5,18,1,0
1,12,13,ALL-DEAD,0.2175,0.0000,0.0000,170.40,329.60,0.0000,0,15,15,6,22,2,72,2,9,19,1,9
1,12,7,OK,0.4360,0.5455,0.7968,392.50,107.50,0.4898,24,44,44,8,20,9,48,1,1,19,1,6
1,12,11,OK,0.2447,0.4000,0.8013,343.00,157.00,0.0816,4,10,10,4,6,8,48,2,5,19,1,6
1,12,8,OK,0.5018,0.6591,0.8039,379.00,121.00,0.5918,29,44,44,8,11,9,48,4,9,19,1,9
1,12,14,OK,0.4553,0.4318,0.8810,293.50,206.50,0.3878,19,44,44,12,6,9,48,3,1,19,1,9
1,12,16,OVER-BUDGET,0.0000,0.9167,0.9441,500.90,0.00,0.8980,44,48,48,5,11,9,120,1,0,13,4,6
1,12,12,OVER-BUDGET,0.0000,0.8958,0.9453,500.30,0.00,0.8776,43,48,48,6,11,9,72,2,9,10,2,9
1,12,9,OK,0.2472,0.1111,0.8447,364.00,136.00,0.1020,5,45,45,6,11,9,108,4,9,19,1,8
1,12,21,OK,0.4415,0.3061,0.9840,265.00,235.00,0.3061,15,49,49,8,6,7,108,2,1,19,1,7
1,12,15,OVER-BUDGET,0.0000,0.7045,0.9199,502.00,0.00,0.6327,31,44,44,1,12,9,72,1,0,18,2,8
1,12,25,OVER-BUDGET,0.0000,0.0667,0.4771,501.50,0.00,0.0612,3,45,45,6,5,4,72,2,2,5,1,4
1,12,17,OK,0.4111,0.7222,0.9826,498.00,2.00,0.5306,26,36,36,4,11,9,48,1,7,13,1,4
1,12,20,OVER-BUDGET,0.0000,0.7083,0.9289,500.75,0.00,0.6939,34,48,48,6,25,9,48,1,9,9,1,6
1,12,24,OK,0.4479,0.4583,0.8633,352.50,147.50,0.4490,22,48,48,6,5,9,72,1,6,13,1,5
1,12,23,OK,0.2843,0.1778,0.7901,349.00,151.00,0.1633,8,45,45,6,11,9,84,2,9,19,1,9
1,12,22,OVER-BUDGET,0.0000,0.6875,0.8976,501.50,0.00,0.6735,33,48,48,6,11,9,72,1,9,17,2,9
1,12,26,OK,0.4776,0.4348,0.9501,289.30,210.70,0.4082,20,46,46,11,6,5,72,4,6,19,1,6
1,12,31,ALL-DEAD,0.2232,0.0000,0.0000,161.80,338.20,0.0000,0,48,48,6,17,2,72,2,9,18,1,9
1,12,18,OK,0.4129,0.8125,0.9814,495.00,5.00,0.5306,26,32,32,4,15,9,48,2,9,20,1,9
1,12,30,ALL-DEAD,0.1399,0.0000,0.0000,288.10,211.90,0.0000,0,44,44,8,6,1,48,3,3,19,1,6
1,12,34,ALL-DEAD,0.1863,0.0000,0.0000,217.70,282.30,0.0000,0,19,19,1,6,7,120,3,5,19,1,6
1,12,27,OK,0.3015,0.2667,0.7136,377.00,123.00,0.2449,12,45,45,6,11,5,72,3,9,18,1,0
1,12,19,OVER-BUDGET,0.0000,0.7500,0.9684,500.70,0.00,0.7347,36,48,48,6,27,9,72,1,9,19,1,9
1,12,33,ALL-DEAD,0.1797,0.0000,0.0000,227.70,272.30,0.0000,0,48,48,4,7,6,48,2,9,13,1,4
1,12,32,ALL-DEAD,0.1199,0.0000,0.0000,318.30,181.70,0.0000,0,45,45,6,11,4,72,2,5,19,1,9
1,12,29,OK,0.4103,0.5417,0.5722,424.50,75.50,0.5306,26,48,48,6,11,0,72,1,9,13,1,9
1,12,39,ALL-DEAD,0.0511,0.0000,0.0000,422.50,77.50,0.0000,0,44,44,8,6,2,132,1,1,13,4,6
1,12,28,OVER-BUDGET,0.0000,0.0417,0.5083,500.10,0.00,0.0408,2,48,48,6,22,9,156,1,9,13,2,9
1,12,38,ALL-DEAD,0.1837,0.0000,0.0000,221.65,278.35,0.0000,0,45,45,6,27,6,96,2,9,11,1,9
1,12,42,ALL-DEAD,0.1868,0.0000,0.0000,216.90,283.10,0.0000,0,38,38,11,11,1,72,1,9,13,1,9
1,12,36,OVER-BUDGET,0.0000,0.9091,0.9616,500.50,0.00,0.8163,40,44,44,8,20,9,48,2,0,15,4,6
1,12,45,ALL-DEAD,0.1808,0.0000,0.0000,226.00,274.00,0.0000,0,45,45,6,15,3,72,2,9,19,2,4
1,12,44,ALL-DEAD,0.1634,0.0000,0.0000,252.40,247.60,0.0000,0,44,44,8,6,9,48,1,9,13,1,9
1,12,41,OVER-BUDGET,0.0000,0.4889,0.6142,500.35,0.00,0.4490,22,45,45,6,11,5,72,2,9,13,2,9
1,12,43,OVER-BUDGET,0.0000,0.9355,0.9738,500.30,0.00,0.5918,29,31,31,6,11,9,72,2,9,5,1,9
1,12,35,OVER-BUDGET,0.0000,0.7333,0.9209,502.55,0.00,0.6735,33,45,45,6,11,9,24,3,9,13,1,9
1,12,37,OK,0.4532,0.6047,0.8921,417.75,82.25,0.5306,26,43,43,6,11,9,132,1,9,13,1,9
1,12,40,OVER-BUDGET,0.0000,0.8444,0.8952,500.65,0.00,0.7755,38,45,45,3,11,9,72,1,9,12,1,9
1,12,49,OK,0.5206,0.6222,0.9055,352.00,148.00,0.5714,28,45,45,6,11,9,72,2,9,19,1,9
1,12,46,OVER-BUDGET,0.0000,0.4091,0.8806,501.45,0.00,0.3673,18,44,44,3,19,9,24,2,9,18,1,4
1,12,48,OVER-BUDGET,0.0000,1.0000,0.9804,500.00,0.00,0.2857,14,14,14,3,16,9,72,2,9,10,1,9
1,12,47,OVER-BUDGET,0.0000,0.4773,0.9446,500.30,0.00,0.4286,21,44,44,4,19,9,72,2,9,18,1,0
1,13,3,ALL-DEAD,0.1453,0.0000,0.0000,279.80,220.20,0.0000,0,44,44,4,6,9,48,2,1,19,1,9
1,13,2,OK,0.4928,0.4545,0.9515,266.50,233.50,0.4082,20,44,44,8,6,9,48,1,1,19,1,6
1,13,8,ALL-DEAD,0.2188,0.0000,0.0000,168.50,331.50,0.0000,0,46,46,11,6,5,72,4,6,19,1,6
1,13,0,OK,0.4996,0.6190,0.7357,319.00,181.00,0.5306,26,42,42,8,11,9,72,2,9,19,1,9
1,13,1,OK,0.4704,0.5682,0.9319,381.80,118.20,0.5102,25,44,44,10,19,9,72,3,5,18,1,0
1,13,7,OK,0.5744,0.7727,0.9406,379.00,121.00,0.6939,34,44,44,8,11,9,48,4,9,19,1,9
1,13,4,OK,0.3670,0.3333,0.8412,352.00,148.00,0.3061,15,45,45,6,11,9,72,2,9,19,1,9
1,13,5,OK,0.4621,0.5833,0.8162,424.50,75.50,0.5714,28,48,48,6,11,9,72,1,9,13,1,9
1,13,9,OK,0.4241,0.3636,0.9021,293.50,206.50,0.3265,16,44,44,12,6,9,48,3,1,19,1,9
1,13,6,OK,0.5114,0.6222,0.8285,352.00,148.00,0.5714,28,45,45,6,11,9,72,2,9,19,1,9
1,13,17,ALL-DEAD,0.1999,0.0000,0.0000,197.10,302.90,0.0000,0,34,34,8,24,7,72,3,0,9,1,6
1,13,11,OK,0.4253,0.6800,0.9320,314.20,185.80,0.3469,17,25,25,10,11,9,72,3,6,19,1,7
1,13,18,OVER-BUDGET,0.0000,0.9778,0.9466,501.35,0.00,0.8980,44,45,45,6,19,9,72,3,9,2,1,0
1,13,10,OK,0.5999,0.6739,0.9229,286.00,214.00,0.6327,31,46,46,12,11,9,72,2,9,19,1,9
1,13,20,ALL-DEAD,0.1020,0.0000,0.0000,345.40,154.60,0.0000,0,12,12,8,11,3,108,4,8,19,4,9
1,13,13,OK,0.5279,0.5909,0.6828,266.50,233.50,0.5306,26,44,44,8,6,9,48,1,1,19,1,6
1,13,14,OK,0.3413,0.2791,0.7633,325.80,174.20,0.2449,12,43,43,7,11,9,48,1,9,19,1,0
1,13,12,OK,0.2199,0.1429,0.7791,410.50,89.50,0.1224,6,42,42,7,10,9,72,2,0,13,1,9
1,13,15,OVER-BUDGET,0.0000,0.9524,0.9226,501.25,0.00,0.4082,20,21,21,8,11,9,72,1,9,9,1,0
1,13,24,ALL-DEAD,0.2133,0.0000,0.0000,176.75,323.25,0.0000,0,44,44,7,19,5,72,2,8,18,1,0
1,13,16,OK,0.2563,0.0952,0.8491,334.00,166.00,0.0816,4,42,42,8,11,9,72,3,9,19,1,9
1,13,26,OK,0.1954,0.3684,0.9083,488.20,11.80,0.1429,7,19,19,10,6,8,72,3,9,18,2,0
1,13,21,OK,0.6030,0.7500,0.9432,319.00,181.00,0.6735,33,44,44,8,11,9,72,2,5,19,1,9
1,13,19,OVER-BUDGET,0.0000,0.5682,0.8095,502.35,0.00,0.5102,25,44,44,10,19,9,72,3,5,18,2,0
1,13,23,OK,0.3453,0.2619,0.8527,319.00,181.00,0.2245,11,42,42,8,11,9,72,2,4,19,1,9
1,13,25,OK,0.5126,0.6857,0.9649,307.00,193.00,0.4898,24,35,35,8,11,9,120,2,4,19,1,6
1,13,32,ALL-DEAD,0.2279,0.0000,0.0000,154.70,345.30,0.0000,0,23,23,10,19,2,72,4,5,18,1,4
1,13,28,OK,0.3225,0.2143,0.7513,301.00,199.00,0.1837,9,42,42,8,9,9,72,2,9,19,1,6
1,13,35,ALL-DEAD,0.2246,0.0000,0.0000,159.65,340.35,0.0000,0,42,42,9,11,2,72,2,9,19,1,9
1,13,27,OVER-BUDGET,0.0000,0.7778,0.9261,501.95,0.00,0.7143,35,45,45,8,9,9,72,2,8,16,2,8
1,13,22,OVER-BUDGET,0.0000,0.3182,0.8515,500.55,0.00,0.2857,14,44,44,4,19,9,48,3,1,18,1,4
1,13,36,ALL-DEAD,0.2262,0.0000,0.0000,157.20,342.80,0.0000,0,31,31,11,27,4,72,2,9,19,1,9
1,13,31,OVER-BUDGET,0.0000,0.8636,0.9430,502.40,0.00,0.7755,38,44,44,10,11,9,168,3,8,18,3,0
1,13,38,ALL-DEAD,0.1568,0.0000,0.0000,262.45,237.55,0.0000,0,44,44,8,6,5,48,1,2,13,1,9
1,13,30,OK,0.3687,0.3636,0.8157,361.75,138.25,0.3265,16,44,44,9,14,9,132,3,9,16,1,9
1,13,33,OK,0.3688,0.4222,0.7987,409.50,90.50,0.3878,19,45,45,8,11,9,132,4,9,13,1,9
1,13,39,OVER-BUDGET,0.0000,0.8857,0.9506,500.30,0.00,0.6327,31,35,35,4,6,9,48,4,7,16,4,6
1,13,29,OK,0.4396,0.5909,0.9617,451.00,49.00,0.5306,26,44,44,2,6,9,48,2,9,19,1,8
1,13,34,OK,0.5260,0.6364,0.9402,350.20,149.80,0.5714,28,44,44,5,8,9,72,3,5,19,1,0
1,13,40,OK,0.2703,0.4500,0.6928,369.45,130.55,0.1837,9,20,20,11,19,0,72,3,5,18,1,0
1,13,37,OK,0.5452,0.6818,0.8239,334.00,166.00,0.6122,30,44,44,8,11,9,48,2,6,19,1,9
1,13,44,OK,0.2657,0.7500,0.7065,379.00,121.00,0.1837,9,12,12,8,6,9,24,3,6,19,1,6
1,13,43,OK,0.4410,0.4524,0.9573,329.00,171.00,0.3878,19,42,42,8,11,0,72,2,3,18,1,9
1,13,49,ALL-DEAD,0.2064,0.0000,0.0000,187.30,312.70,0.0000,0,42,42,8,6,1,48,2,9,19,1,6
1,13,41,OVER-BUDGET,0.0000,0.3095,0.7954,500.60,0.00,0.2653,13,42,42,12,18,9,36,3,5,11,1,9
1,13,42,OK,0.4103,0.6429,0.8610,494.00,6.00,0.5510,27,42,42,8,11,9,72,1,1,19,2,9
1,13,47,OK,0.3124,0.4091,0.8156,481.00,19.00,0.3673,18,44,44,10,5,9,72,3,9,18,2,0
1,13,46,OK,0.4833,0.5952,0.8589,349.00,151.00,0.5102,25,42,42,8,11,9,36,2,9,19,1,9
1,13,48,OVER-BUDGET,0.0000,0.7059,0.8413,500.90,0.00,0.2449,12,17,17,8,27,9,72,2,9,9,1,9
1,13,45,OVER-BUDGET,0.0000,0.5455,0.9679,500.95,0.00,0.4898,24,44,44,4,19,9,72,3,5,19,1,6
1,14,3,ALL-DEAD,0.1666,0.0000,0.0000,247.65,252.35,0.0000,0,44,44,8,11,9,48,2,6,19,1,9
1,14,0,ALL-DEAD,0.1691,0.0000,0.0000,243.80,256.20,0.0000,0,44,44,8,11,9,72,2,5,19,1,9
1,14,4,OK,0.5799,0.6364,0.9294,266.50,233.50,0.5714,28,44,44,8,6,9,48,1,1,19,1,6
1,14,6,OK,0.4998,0.6571,0.9518,307.00,193.00,0.4694,23,35,35,8,11,9,120,2,4,19,1,6
1,14,1,OK,0.5475,0.6087,0.7664,286.00,214.00,0.5714,28,46,46,12,11,9,72,2,9,19,1,9
1,14,2,OK,0.2663,0.2273,0.6185,379.00,121.00,0.2041,10,44,44,8,11,9,48,4,9,19,1,9
1,14,5,OK,0.4952,0.5682,0.9644,350.20,149.80,0.5102,25,44,44,5,8,9,72,3,5,19,1,0
1,14,7,OK,0.5522,0.6889,0.8880,352.00,148.00,0.6327,31,45,45,6,11,9,72,2,9,19,1,9
1,14,12,OVER-BUDGET,0.0000,0.4348,0.9420,502.85,0.00,0.4082,20,46,46,11,11,7,72,2,9,19,4,9
1,14,9,OK,0.5298,0.5455,0.8860,266.50,233.50,0.4898,24,44,44,8,6,9,48,1,1,19,1,6
1,14,16,ALL-DEAD,0.1146,0.0000,0.0000,326.35,173.65,0.0000,0,35,35,8,11,0,120,2,4,19,2,2
1,14,8,OK,0.5547,0.6905,0.9148,319.00,181.00,0.5918,29,42,42,8,11,9,72,2,9,19,1,9
1,14,18,ALL-DEAD,0.2921,0.0000,0.0000,57.50,442.50,0.0000,0,23,23,12,11,1,72,1,9,19,1,9
1,14,15,ALL-DEAD,0.1084,0.0000,0.0000,335.70,164.30,0.0000,0,44,44,2,18,4,72,2,5,19,2,9
1,14,10,OK,0.3282,0.6842,0.8538,379.00,121.00,0.2653,13,19,19,12,24,9,72,3,5,19,1,1
1,14,11,OK,0.4196,0.7059,0.9599,447.00,53.00,0.4898,24,34,34,8,13,9,48,4,9,15,1,5
1,14,13,OK,0.6154,0.7174,0.9307,298.05,201.95,0.6735,33,46,46,11,11,9,120,4,9,19,1,9
1,14,20,ALL-DEAD,0.2234,0.0000,0.0000,161.45,338.55,0.0000,0,44,44,8,6,9,96,3,5,19,1,9
1,14,19,ALL-DEAD,0.1742,0.0000,0.0000,236.10,263.90,0.0000,0,44,44,9,11,7,72,4,5,19,1,9
1,14,21,OVER-BUDGET,0.0000,0.5476,0.7980,500.50,0.00,0.4694,23,42,42,8,5,9,120,2,6,13,3,9
1,14,14,OK,0.5878,0.7955,0.9589,379.00,121.00,0.7143,35,44,44,8,11,9,48,4,9,19,1,9
1,14,23,OVER-BUDGET,0.0000,1.0000,0.9509,500.90,0.00,0.3469,17,17,17,8,11,9,72,1,9,5,1,9
1,14,24,OVER-BUDGET,0.0000,0.9545,0.9333,503.00,0.00,0.8571,42,44,44,8,11,9,48,3,5,4,1,8
1,14,17,OVER-BUDGET,0.0000,0.6364,0.9414,500.40,0.00,0.5714,28,44,44,8,11,9,72,3,9,20,2,9
1,14,26,OK,0.5407,0.5682,0.9327,275.50,224.50,0.5102,25,44,44,8,8,9,168,2,9,19,1,6
1,14,25,OK,0.4495,0.4773,0.9578,350.20,149.80,0.4286,21,44,44,5,8,9,72,3,5,19,1,1
1,14,22,OK,0.4524,0.6136,0.7767,415.00,85.00,0.5510,27,44,44,8,20,9,48,2,5,19,1,9
1,14,29,OK,0.3866,1.0000,0.9772,313.00,187.00,0.2653,13,13,13,8,12,9,72,1,2,19,1,9
1,14,27,OK,0.3611,0.3500,0.7864,334.00,166.00,0.2857,14,40,40,8,11,9,48,2,6,19,1,9
1,14,32,OVER-BUDGET,0.0000,0.0889,0.2739,502.10,0.00,0.0816,4,45,45,7,27,0,72,2,9,19,4,9
1,14,28,OK,0.5494,0.6522,0.9415,349.00,151.00,0.6122,30,46,46,12,24,9,156,2,5,19,1,5
1,14,31,OK,0.6328,0.8182,0.8612,310.00,190.00,0.7347,36,44,44,8,11,9,108,2,3,19,1,9
1,14,30,OK,0.5595,0.6957,0.8555,352.00,148.00,0.6531,32,46,46,6,11,9,72,2,9,19,1,9
1,14,36,OK,0.5244,0.7059,0.9478,286.00,214.00,0.4898,24,34,34,12,11,9,72,2,6,19,1,9
1,14,33,OK,0.5709,0.7273,0.9502,352.00,148.00,0.6531,32,44,44,8,8,9,48,4,9,19,1,9
1,14,37,ALL-DEAD,0.1376,0.0000,0.0000,291.50,208.50,0.0000,0,44,44,8,30,8,72,2,5,19,2,0
1,14,34,OK,0.4558,0.6364,0.9536,459.00,41.00,0.5714,28,44,44,8,11,9,24,4,5,20,1,6
1,14,40,OK,0.4756,0.4348,0.8331,271.00,229.00,0.4082,20,46,46,12,6,9,72,3,2,19,1,9
1,14,41,OVER-BUDGET,0.0000,1.0000,0.9835,500.45,0.00,0.2653,13,13,13,12,11,9,36,2,9,19,2,0
1,14,42,OVER-BUDGET,0.0000,0.7955,0.7704,500.65,0.00,0.7143,35,44,44,8,11,9,156,2,5,19,4,9
1,14,35,OK,0.5538,0.7727,0.9669,415.00,85.00,0.6939,34,44,44,8,24,9,120,1,5,19,1,9
1,14,39,OK,0.5314,0.5682,0.9570,294.00,206.00,0.5102,25,44,44,8,11,9,72,1,7,20,1,8
1,14,44,OK,0.3648,0.7097,0.8471,475.40,24.60,0.4490,22,31,31,10,7,9,48,2,5,19,2,9
1,14,47,ALL-DEAD,0.0505,0.0000,0.0000,423.50,76.50,0.0000,0,44,44,8,11,3,72,4,1,6,1,4
1,14,43,OVER-BUDGET,0.0000,0.9318,0.9350,501.40,0.00,0.8367,41,44,44,8,26,9,72,2,9,11,2,9
1,14,38,OVER-BUDGET,0.0000,0.8636,0.9556,501.85,0.00,0.7755,38,44,44,12,19,9,48,4,9,11,1,9
1,14,48,OVER-BUDGET,0.0000,1.0000,0.9250,501.55,0.00,0.4082,20,20,20,12,11,9,72,2,3,19,3,9
1,14,45,OK,0.5483,0.6364,0.9275,314.00,186.00,0.5714,28,44,44,8,11,9,72,1,5,18,1,9
1,14,46,OVER-BUDGET,0.0000,0.4773,0.7786,502.35,0.00,0.4286,21,44,44,8,11,9,48,4,9,19,2,9
1,14,49,OK,0.5483,0.7778,0.9429,316.80,183.20,0.5714,28,36,36,7,11,9,168,2,5,19,1,9
1,15,4,OK,0.3822,0.3636,0.8747,352.00,148.00,0.3265,16,44,44,8,8,9,48,4,9,19,1,9
1,15,3,OK,0.5112,0.5227,0.8241,266.50,233.50,0.4694,23,44,44,8,6,9,48,1,1,19,1,6
1,15,1,OK,0.5512,0.5870,0.9570,298.05,201.95,0.5510,27,46,46,11,11,9,120,4,9,19,1,9
1,15,6,OK,0.5567,0.6905,0.9315,319.00,181.00,0.5918,29,42,42,8,11,9,72,2,9,19,1,9
1,15,2,OK,0.5767,0.7727,0.9605,379.00,121.00,0.6939,34,44,44,8,11,9,48,4,9,19,1,9
1,15,0,OK,0.6544,0.8409,0.9477,310.00,190.00,0.7551,37,44,44,8,11,9,108,2,3,19,1,9
1,15,13,OVER-BUDGET,0.0000,0.9783,0.9519,501.10,0.00,0.9184,45,46,46,6,11,9,24,1,9,1,1,2
1,15,5,OK,0.6190,0.7826,0.9771,352.00,148.00,0.7347,36,46,46,6,11,9,72,2,9,19,1,9
1,15,11,ALL-DEAD,0.1918,0.0000,0.0000,209.35,290.65,0.0000,0,44,44,1,11,0,96,2,9,19,1,5
1,15,10,OVER-BUDGET,0.0000,0.9565,0.9615,501.55,0.00,0.8980,44,46,46,6,11,9,108,2,3,19,4,9
1,15,14,OK,0.4730,0.3696,0.9538,245.80,254.20,0.3469,17,46,46,11,6,4,132,2,9,19,1,9
1,15,7,OK,0.5476,0.7727,0.9152,415.00,85.00,0.6939,34,44,44,8,24,9,120,1,5,19,1,9
1,15,17,OVER-BUDGET,0.0000,0.9474,0.9834,501.80,0.00,0.3673,18,19,19,11,19,9,120,4,2,2,1,6
1,15,16,OVER-BUDGET,0.0000,0.5000,0.8888,500.45,0.00,0.4490,22,44,44,11,11,1,48,2,0,5,1,9
1,15,12,OVER-BUDGET,0.0000,0.7381,0.9397,502.50,0.00,0.6327,31,42,42,8,15,9,72,2,8,19,3,9
1,15,9,OK,0.4728,0.5000,0.9585,349.00,151.00,0.4694,23,46,46,12,24,9,156,2,5,19,1,5
1,15,15,OK,0.5701,0.5625,0.8994,259.00,241.00,0.5510,27,48,48,8,6,9,156,2,2,19,1,9
1,15,8,OK,0.6492,0.8667,0.9479,352.00,148.00,0.7959,39,45,45,6,11,9,72,2,9,19,1,9
1,15,21,OVER-BUDGET,0.0000,0.8182,0.8783,500.80,0.00,0.7347,36,44,44,8,11,9,60,4,9,9,3,9
1,15,19,OVER-BUDGET,0.0000,0.9091,0.8896,500.90,0.00,0.8163,40,44,44,8,11,9,48,4,5,13,3,9
1,15,18,OK,0.4036,0.5333,0.9538,334.00,166.00,0.3265,16,30,30,8,6,9,48,4,9,19,1,6
1,15,24,ALL-DEAD,0.2050,0.0000,0.0000,189.35,310.65,0.0000,0,44,44,6,11,7,96,2,9,18,1,9
1,15,22,OVER-BUDGET,0.0000,0.9545,0.9510,503.50,0.00,0.8571,42,44,44,3,27,9,108,1,7,3,1,6
1,15,23,OK,0.4983,0.5000,0.9012,283.05,216.95,0.4490,22,44,44,11,11,9,108,2,2,19,1,1
1,15,25,OVER-BUDGET,0.0000,0.7174,0.8942,500.40,0.00,0.6735,33,46,46,8,18,9,168,2,3,19,3,0
1,15,26,OVER-BUDGET,0.0000,0.8958,0.9285,501.15,0.00,0.8776,43,48,48,8,11,9,108,2,3,19,4,9
1,15,29,OVER-BUDGET,0.0000,0.0227,0.5941,501.90,0.00,0.0204,1,44,44,8,8,9,144,2,3,6,1,9
1,15,20,OK,0.3662,0.6452,0.8121,433.00,67.00,0.4082,20,31,31,4,11,9,96,4,9,19,1,9
1,15,27,OK,0.4981,0.6154,0.9761,331.00,169.00,0.4898,24,39,39,8,11,9,108,4,7,19,1,5
1,15,32,ALL-DEAD,0.0714,0.0000,0.0000,391.80,108.20,0.0000,0,44,44,4,11,4,108,2,3,4,1,9
1,15,33,OVER-BUDGET,0.0000,0.6364,0.8880,501.70,0.00,0.5714,28,44,44,11,7,9,108,3,3,4,1,9
1,15,31,OK,0.2760,0.1591,0.5676,304.00,196.00,0.1429,7,44,44,8,11,0,156,2,9,19,1,9
1,15,35,ALL-DEAD,0.0781,0.0000,0.0000,381.60,118.40,0.0000,0,44,44,3,11,2,108,2,5,5,1,9
1,15,37,OVER-BUDGET,0.0000,0.3864,0.9598,500.85,0.00,0.3469,17,44,44,8,11,2,48,4,1,7,1,9
1,15,40,ALL-DEAD,0.2066,0.0000,0.0000,186.95,313.05,0.0000,0,33,33,5,11,5,120,4,9,19,1,9
1,15,30,OK,0.6512,0.9130,0.9617,402.40,97.60,0.8571,42,46,46,5,11,9,60,3,9,19,1,9
1,15,28,OVER-BUDGET,0.0000,0.5682,0.9170,500.20,0.00,0.5102,25,44,44,2,11,9,156,4,0,19,1,6
1,15,39,OVER-BUDGET,0.0000,0.8065,0.9174,502.15,0.00,0.5102,25,31,31,8,11,9,120,2,9,19,4,2
1,15,36,OK,0.3075,0.3448,0.7636,343.00,157.00,0.2041,10,29,29,8,14,9,120,3,3,19,1,9
1,15,38,OK,0.4341,0.4318,0.9273,334.00,166.00,0.3878,19,44,44,8,6,9,48,4,1,19,1,6
1,15,42,ALL-DEAD,0.2313,0.0000,0.0000,149.50,350.50,0.0000,0,46,46,8,25,1,120,4,1,19,1,9
1,15,48,OVER-BUDGET,0.0000,1.0000,0.9660,500.20,0.00,0.2449,12,12,12,8,11,9,48,4,9,4,4,9
1,15,34,OVER-BUDGET,0.0000,0.7955,0.8778,501.65,0.00,0.7143,35,44,44,8,11,9,24,4,2,15,1,9
1,15,41,OVER-BUDGET,0.0000,0.6818,0.8817,501.40,0.00,0.6122,30,44,44,8,6,9,48,3,1,19,4,9
1,15,45,OVER-BUDGET,0.0000,0.9318,0.9012,500.20,0.00,0.8367,41,44,44,8,12,9,108,4,3,9,3,9
1,15,46,ALL-DEAD,0.1244,0.0000,0.0000,311.50,188.50,0.0000,0,44,44,8,5,3,108,2,7,19,2,9
1,15,47,OVER-BUDGET,0.0000,0.5909,0.9176,501.05,0.00,0.5306,26,44,44,6,6,9,156,1,1,15,4,5
1,15,49,OK,0.1492,0.0455,0.2222,348.30,151.70,0.0408,2,44,44,7,11,1,48,2,4,19,1,9
1,15,43,OVER-BUDGET,0.0000,0.7045,0.9038,500.55,0.00,0.6327,31,44,44,2,26,9,72,3,3,19,1,9
1,15,44,OVER-BUDGET,0.0000,0.4286,0.6902,502.20,0.00,0.1837,9,21,21,1,13,9,108,2,4,19,1,9
1,16,7,OK,0.2513,0.0217,0.8900,298.05,201.95,0.0204,1,46,46,11,11,9,120,4,9,19,1,9
1,16,5,OK,0.5686,0.5625,0.8874,259.00,241.00,0.5510,27,48,48,8,6,9,156,2,2,19,1,9
1,16,0,OK,0.6052,0.7500,0.9116,310.00,190.00,0.6735,33,44,44,8,11,9,108,2,3,19,1,9
1,16,6,OK,0.6109,0.8095,0.9150,319.00,181.00,0.6939,34,42,42,8,11,9,72,2,9,19,1,9
1,16,3,OK,0.2265,0.0435,0.8863,352.00,148.00,0.0408,2,46,46,6,11,9,72,2,9,19,1,9
1,16,2,OK,0.2227,0.0444,0.8550,352.00,148.00,0.0408,2,45,45,6,11,9,72,2,9,19,1,9
1,16,10,ALL-DEAD,0.2360,0.0000,0.0000,142.50,357.50,0.0000,0,45,45,8,6,3,60,3,2,19,1,5
1,16,4,OK,0.5678,0.7500,0.9797,379.00,121.00,0.6735,33,44,44,8,11,9,48,4,9,19,1,9
1,16,1,OK,0.4939,0.6304,0.8663,402.40,97.60,0.5918,29,46,46,5,11,9,60,3,9,19,1,9
1,16,16,ALL-DEAD,0.2778,0.0000,0.0000,79.15,420.85,0.0000,0,40,40,6,11,4,72,2,9,19,1,7
1,16,9,OK,0.5842,0.6591,0.8716,266.50,233.50,0.5918,29,44,44,8,6,9,48,1,1,19,1,6
1,16,11,OK,0.4049,0.3478,0.9478,331.00,169.00,0.3265,16,46,46,6,8,0,72,3,9,19,1,9
1,16,18,OK,0.3538,0.8571,0.9431,441.50,58.50,0.3673,18,21,21,8,6,9,156,1,2,19,2,9
1,16,12,OK,0.5748,0.6667,0.8505,294.00,206.00,0.6122,30,45,45,8,11,9,72,1,9,20,1,9
1,16,13,ALL-DEAD,0.1067,0.0000,0.0000,338.30,161.70,0.0000,0,46,46,8,11,9,60,3,3,19,1,9
1,16,8,OK,0.1764,0.0682,0.7217,415.00,85.00,0.0612,3,44,44,8,24,9,120,1,5,19,1,9
1,16,17,OK,0.3937,0.5000,0.9593,469.00,31.00,0.4694,23,46,46,8,11,9,24,4,8,19,1,6
1,16,15,OK,0.4382,0.5000,0.9636,402.40,97.60,0.4694,23,46,46,5,11,9,60,3,9,19,1,5
1,16,22,ALL-DEAD,0.2062,0.0000,0.0000,187.55,312.45,0.0000,0,19,19,5,14,0,60,1,6,17,1,3
1,16,14,OK,0.4469,0.9615,0.9845,427.00,73.00,0.5102,25,26,26,8,24,9,108,2,3,19,1,9
1,16,23,ALL-DEAD,0.0078,0.0000,0.0000,488.20,11.80,0.0000,0,25,25,5,11,5,156,3,4,19,4,8
1,16,20,ALL-DEAD,0.0914,0.0000,0.0000,361.50,138.50,0.0000,0,46,46,10,30,7,108,1,3,19,1,9
1,16,21,OK,0.4974,0.6571,0.8991,301.00,199.00,0.4694,23,35,35,12,11,9,48,2,9,19,1,2
1,16,29,ALL-DEAD,0.2166,0.0000,0.0000,171.75,328.25,0.0000,0,44,44,8,11,5,60,2,9,19,1,9
1,16,19,OK,0.6106,0.8409,0.9703,380.50,119.50,0.7551,37,44,44,8,20,9,108,1,3,19,1,9
1,16,24,OK,0.4297,0.6364,0.9287,494.05,5.95,0.5714,28,44,44,11,11,9,108,4,3,19,2,3
1,16,32,OVER-BUDGET,0.0000,0.9355,0.9461,501.10,0.00,0.5918,29,31,31,12,11,9,48,1,3,2,1,7
1,16,28,OK,0.3847,1.0000,0.9497,498.00,2.00,0.4898,24,24,24,9,11,9,72,2,8,19,2,0
1,16,26,OVER-BUDGET,0.0000,0.6818,0.9602,502.10,0.00,0.6122,30,44,44,8,11,9,72,3,9,19,2,6
1,16,25,OK,0.5489,0.8684,0.9508,402.40,97.60,0.6735,33,38,38,5,11,9,60,3,9,19,1,9
1,16,31,ALL-DEAD,0.0586,0.0000,0.0000,411.25,88.75,0.0000,0,46,46,5,11,4,168,3,9,19,2,9
1,16,27,OK,0.4005,0.9231,0.9794,479.40,20.60,0.4898,24,26,26,5,11,9,108,2,4,12,1,9
1,16,35,ALL-DEAD,0.1219,0.0000,0.0000,315.30,184.70,0.0000,0,44,44,3,23,2,108,2,9,19,3,9
1,16,30,OK,0.4156,0.4444,0.8114,358.00,142.00,0.4082,20,45,45,6,11,9,60,2,8,19,1,4
1,16,33,OK,0.3210,0.4828,0.6551,370.90,129.10,0.2857,14,29,29,5,11,9,156,3,3,19,1,9
1,16,40,OK,0.3733,0.7857,0.9778,299.20,200.80,0.2245,11,14,14,10,11,9,144,4,9,19,1,9
1,16,41,ALL-DEAD,0.1811,0.0000,0.0000,225.65,274.35,0.0000,0,45,45,9,17,0,120,4,9,19,1,9
1,16,34,OK,0.1815,0.0227,0.6707,364.00,136.00,0.0204,1,44,44,8,17,9,108,2,9,19,1,7
1,16,36,OK,0.4001,0.8500,0.9631,358.00,142.00,0.3469,17,20,20,6,11,9,60,2,9,19,1,5
1,16,38,ALL-DEAD,0.1013,0.0000,0.0000,346.50,153.50,0.0000,0,44,44,8,28,8,108,2,3,19,1,9
1,16,45,ALL-DEAD,0.2251,0.0000,0.0000,158.90,341.10,0.0000,0,42,42,8,24,4,72,1,5,19,1,9
1,16,42,OVER-BUDGET,0.0000,0.7727,0.8534,501.75,0.00,0.6939,34,44,44,8,7,9,96,1,3,13,3,9
1,16,37,OK,0.5574,0.7333,0.9365,387.00,113.00,0.6735,33,45,45,6,11,9,72,2,1,16,1,5
1,16,39,OK,0.4626,0.5682,0.8308,375.30,124.70,0.5102,25,44,44,7,11,9,60,4,9,19,1,3
1,16,43,ALL-DEAD,0.1302,0.0000,0.0000,302.80,197.20,0.0000,0,46,46,6,11,3,72,2,9,19,1,9
1,16,44,OK,0.4402,0.4615,0.9397,310.00,190.00,0.3673,18,39,39,8,11,9,108,2,3,19,1,7
1,16,47,OK,0.4522,0.6591,0.9487,480.50,19.50,0.5918,29,44,44,6,7,9,132,2,0,19,2,9
1,16,48,OK,0.4491,0.6364,0.6832,420.00,80.00,0.5714,28,44,44,8,11,9,108,2,3,12,1,9
1,16,49,OK,0.2434,0.0909,0.5072,291.50,208.50,0.0816,4,44,44,9,11,9,168,2,3,19,1,9
1,16,46,OK,0.5351,0.8000,0.9706,478.00,22.00,0.7347,36,45,45,4,11,9,24,2,9,19,1,9
1,17,3,OK,0.5430,0.5682,0.9026,266.50,233.50,0.5102,25,44,44,8,6,9,48,1,1,19,1,6
1,17,5,OK,0.5523,0.5208,0.9383,259.00,241.00,0.5102,25,48,48,8,6,9,156,2,2,19,1,9
1,17,4,ALL-DEAD,0.1363,0.0000,0.0000,293.45,206.55,0.0000,0,45,45,8,11,9,72,1,9,20,1,9
1,17,10,OVER-BUDGET,0.0000,0.9524,0.9397,500.30,0.00,0.8163,40,42,42,8,24,9,72,1,9,5,4,4
1,17,0,OK,0.5897,0.7619,0.9258,319.00,181.00,0.6531,32,42,42,8,11,9,72,2,9,19,1,9
1,17,2,OK,0.6522,0.8409,0.9288,310.00,190.00,0.7551,37,44,44,8,11,9,108,2,3,19,1,9
1,17,7,OK,0.3465,0.3778,0.6762,387.00,113.00,0.3469,17,45,45,6,11,9,72,2,1,16,1,5
1,17,6,OK,0.5202,0.6591,0.9565,379.00,121.00,0.5918,29,44,44,8,11,9,48,4,9,19,1,9
1,17,1,OK,0.4387,0.5682,0.6598,380.50,119.50,0.5102,25,44,44,8,20,9,108,1,3,19,1,9
1,17,13,OVER-BUDGET,0.0000,0.8667,0.9708,502.00,0.00,0.2653,13,15,15,8,11,9,72,3,9,19,4,9
1,17,15,ALL-DEAD,0.0063,0.0000,0.0000,490.50,9.50,0.0000,0,44,44,8,6,3,48,1,1,17,4,4
1,17,11,ALL-DEAD,0.1458,0.0000,0.0000,279.05,220.95,0.0000,0,44,44,8,11,9,108,4,3,19,1,9
1,17,14,OVER-BUDGET,0.0000,0.6591,0.9056,500.65,0.00,0.5918,29,44,44,8,6,9,48,1,1,5,1,6
1,17,12,OVER-BUDGET,0.0000,0.7949,0.8628,500.05,0.00,0.6327,31,39,39,6,19,9,84,2,1,16,3,4
1,17,8,OK,0.5402,0.8421,0.9717,402.40,97.60,0.6531,32,38,38,5,11,9,60,3,9,19,1,9
1,17,21,ALL-DEAD,0.1488,0.0000,0.0000,274.60,225.40,0.0000,0,44,44,5,6,1,72,1,1,6,1,4
1,17,18,OK,0.3060,0.1042,0.7571,259.00,241.00,0.1020,5,48,48,8,6,9,156,2,9,19,1,0
1,17,16,OK,0.4949,0.5952,0.8180,324.00,176.00,0.5102,25,42,42,8,11,9,48,2,9,20,1,9
1,17,23,ALL-DEAD,0.2263,0.0000,0.0000,157.05,342.95,0.0000,0,44,44,8,11,8,96,2,3,19,1,8
1,17,9,OK,0.5071,0.7556,0.9242,478.00,22.00,0.6939,34,45,45,4,11,9,24,2,9,19,1,9
1,17,17,OK,0.4703,0.5778,0.9149,396.00,104.00,0.5306,26,45,45,8,9,9,72,1,9,12,1,5
1,17,19,OK,0.1748,0.0444,0.4669,354.00,146.00,0.0408,2,45,45,8,11,9,72,2,9,16,1,7
1,17,29,OVER-BUDGET,0.0000,1.0000,0.9301,500.50,0.00,0.8571,42,42,42,8,20,9,120,1,3,1,1,7
1,17,26,ALL-DEAD,0.0274,0.0000,0.0000,458.50,41.50,0.0000,0,33,33,6,13,7,120,1,9,13,3,9
1,17,20,OK,0.4351,0.4286,0.9470,319.00,181.00,0.3673,18,42,42,8,11,9,72,2,8,19,1,4
1,17,31,ALL-DEAD,0.2103,0.0000,0.0000,181.35,318.65,0.0000,0,42,42,8,11,2,48,2,3,19,1,8
1,17,22,OK,0.6046,0.7500,0.9397,316.00,184.00,0.6735,33,44,44,8,11,9,84,2,1,19,1,9
1,17,33,ALL-DEAD,0.2656,0.0000,0.0000,97.65,402.35,0.0000,0,46,46,8,11,2,72,3,4,19,1,9
1,17,27,OVER-BUDGET,0.0000,0.7955,0.9348,500.20,0.00,0.7143,35,44,44,8,16,9,48,2,9,19,3,9
1,17,32,OK,0.5457,0.6364,0.9108,315.00,185.00,0.5714,28,44,44,8,6,9,60,2,6,16,1,6
1,17,24,OK,0.3247,0.7222,0.9895,409.00,91.00,0.2653,13,18,18,8,22,9,108,2,7,19,1,9
1,17,36,ALL-DEAD,0.1306,0.0000,0.0000,302.10,197.90,0.0000,0,40,40,8,18,0,156,2,4,9,1,9
1,17,25,OK,0.4610,0.6591,0.8815,455.00,45.00,0.5918,29,44,44,8,13,9,108,1,5,11,1,9
1,17,30,OK,0.4655,0.6818,0.9463,477.00,23.00,0.6122,30,44,44,8,11,9,120,2,3,10,1,5
1,17,38,OVER-BUDGET,0.0000,1.0000,0.9667,502.00,0.00,0.8571,42,42,42,3,6,9,72,2,2,3,1,9
1,17,28,OK,0.6572,0.9149,0.9706,412.00,88.00,0.8776,43,47,47,8,20,9,108,4,3,19,1,9
1,17,34,OK,0.2986,0.2222,0.6370,333.40,166.60,0.2041,10,45,45,10,17,9,108,2,9,19,1,9
1,17,35,OK,0.2932,0.2143,0.7879,352.00,148.00,0.1837,9,42,42,6,11,9,72,2,0,19,1,1
1,17,37,OK,0.3562,1.0000,0.9733,324.30,175.70,0.2245,11,11,11,7,11,9,108,2,2,19,1,9
1,17,39,OK,0.5772,0.5833,0.9068,266.50,233.50,0.5714,28,48,48,8,6,9,156,3,2,19,1,9
1,17,45,ALL-DEAD,0.0298,0.0000,0.0000,454.80,45.20,0.0000,0,45,45,8,11,3,48,1,2,20,4,9
1,17,40,OK,0.5254,0.7027,0.9505,319.00,181.00,0.5306,26,37,37,8,11,9,144,4,3,19,1,6
1,17,49,OVER-BUDGET,0.0000,1.0000,0.9324,502.25,0.00,0.2857,14,14,14,8,11,4,60,2,9,1,1,9
1,17,43,OVER-BUDGET,0.0000,0.9048,0.8977,500.10,0.00,0.7755,38,42,42,8,11,9,72,2,7,13,2,9
1,17,44,OVER-BUDGET,0.0000,0.8333,0.9548,500.60,0.00,0.7143,35,42,42,5,11,9,72,2,3,19,2,9
1,17,48,OK,0.4321,0.4773,0.8751,361.50,138.50,0.4286,21,44,44,8,6,9,48,3,1,15,1,6
1,17,46,OVER-BUDGET,0.0000,0.5000,0.6095,501.00,0.00,0.4490,22,44,44,12,19,9,84,2,0,10,1,9
1,17,42,OVER-BUDGET,0.0000,0.3571,0.9976,500.50,0.00,0.3061,15,42,42,1,11,9,72,2,9,19,1,7
1,17,41,OVER-BUDGET,0.0000,0.6818,0.8607,500.40,0.00,0.6122,30,44,44,5,23,9,108,2,7,19,1,0
1,17,47,OK,0.3811,0.5714,0.6947,457.00,43.00,0.4898,24,42,42,8,28,9,72,1,4,19,1,9
1,18,7,OK,0.2445,0.0227,0.6599,266.50,233.50,0.0204,1,44,44,8,6,9,48,1,1,19,1,6
1,18,6,OK,0.4665,0.5227,0.7190,315.00,185.00,0.4694,23,44,44,8,6,9,60,2,6,16,1,6
1,18,4,OK,0.4899,0.4792,0.6473,266.50,233.50,0.4694,23,48,48,8,6,9,156,3,2,19,1,9
1,18,5,OK,0.6093,0.6458,0.8525,259.00,241.00,0.6327,31,48,48,8,6,9,156,2,2,19,1,9
1,18,2,OK,0.3078,0.2273,0.6180,316.00,184.00,0.2041,10,44,44,8,11,9,84,2,1,19,1,9
1,18,3,OK,0.5872,0.7619,0.9045,319.00,181.00,0.6531,32,42,42,8,11,9,72,2,9,19,1,9
1,18,1,OK,0.5970,0.7273,0.9372,310.00,190.00,0.6531,32,44,44,8,11,9,108,2,3,19,1,9
1,18,0,OK,0.5880,0.8298,0.7677,412.00,88.00,0.7959,39,47,47,8,20,9,108,4,3,19,1,9
1,18,13,OK,0.3565,0.6667,0.9799,274.00,226.00,0.1633,8,12,12,8,6,9,156,4,3,19,1,9
1,18,9,OK,0.4230,0.5135,0.7525,319.00,181.00,0.3878,19,37,37,8,11,9,144,4,3,19,1,6
1,18,12,OK,0.2554,0.2963,0.4297,327.25,172.75,0.1633,8,27,27,8,14,0,96,1,3,19,1,9
1,18,8,OK,0.3079,0.3684,0.7196,402.40,97.60,0.2857,14,38,38,5,11,9,60,3,9,19,1,9
1,18,16,OK,0.3219,0.4412,0.9304,436.50,63.50,0.3061,15,34,34,8,6,1,156,3,9,10,1,9
1,18,15,OVER-BUDGET,0.0000,0.5909,0.9815,500.50,0.00,0.5306,26,44,44,8,10,6,108,2,3,19,3,9
1,18,11,OK,0.2351,0.0909,0.5486,311.50,188.50,0.0816,4,44,44,8,11,9,96,2,8,19,1,9
1,18,14,OK,0.5153,0.6596,0.9463,418.50,81.50,0.6327,31,47,47,8,11,9,108,4,8,13,1,8
1,18,22,ALL-DEAD,0.2235,0.0000,0.0000,161.30,338.70,0.0000,0,16,16,8,11,6,72,1,2,15,1,9
1,18,10,OK,0.2948,0.2727,0.7680,397.00,103.00,0.2449,12,44,44,8,20,9,84,2,3,19,1,9
1,18,25,OVER-BUDGET,0.0000,0.6809,0.8078,501.40,0.00,0.6531,32,47,47,10,13,8,108,2,7,4,3,9
1,18,21,OVER-BUDGET,0.0000,0.1667,0.6399,501.60,0.00,0.1429,7,42,42,8,11,6,84,3,2,6,1,9
1,18,19,OK,0.4527,0.4444,0.7987,299.50,200.50,0.4082,20,45,45,8,11,9,108,1,5,19,1,5
1,18,23,OK,0.5626,0.5625,0.9197,274.00,226.00,0.5510,27,48,48,8,6,9,156,4,2,19,1,9
1,18,20,OK,0.5091,0.5532,0.9302,340.00,160.00,0.5306,26,47,47,12,18,9,108,4,3,19,1,9
1,18,24,OVER-BUDGET,0.0000,0.7857,0.9682,501.00,0.00,0.4490,22,28,28,9,20,9,108,4,3,8,1,9
1,18,18,OK,0.2550,0.2619,0.6756,423.50,76.50,0.2245,11,42,42,10,30,9,156,1,2,18,1,9
1,18,28,OVER-BUDGET,0.0000,0.9375,0.9838,502.50,0.00,0.3061,15,16,16,10,20,9,120,4,8,19,3,1
1,18,17,OK,0.5346,0.7660,0.9420,473.50,26.50,0.7347,36,47,47,4,14,9,108,3,3,19,1,9
1,18,30,ALL-DEAD,0.1638,0.0000,0.0000,251.80,248.20,0.0000,0,44,44,8,11,9,108,2,3,19,1,8
1,18,26,OK,0.5308,0.6596,0.9408,394.00,106.00,0.6327,31,47,47,8,18,9,108,4,2,19,1,9
1,18,33,ALL-DEAD,0.2175,0.0000,0.0000,170.50,329.50,0.0000,0,47,47,6,20,5,96,4,3,19,1,9
1,18,29,OK,0.5228,0.7500,0.9485,441.50,58.50,0.6735,33,44,44,8,11,9,144,2,9,11,1,9
1,18,36,OVER-BUDGET,0.0000,0.0588,0.6574,501.10,0.00,0.0204,1,17,17,8,12,2,48,3,2,19,4,9
1,18,34,OK,0.2539,0.0638,0.8559,322.00,178.00,0.0612,3,47,47,8,10,7,108,4,3,19,1,9
1,18,32,OVER-BUDGET,0.0000,0.7727,0.9299,501.80,0.00,0.6939,34,44,44,8,27,9,96,2,8,19,3,6
1,18,27,OK,0.3103,0.3810,0.9850,481.00,19.00,0.3265,16,42,42,8,30,9,108,2,3,19,1,3
1,18,37,OK,0.4557,0.9500,0.9700,309.00,191.00,0.3878,19,20,20,8,11,9,72,2,9,20,1,9
1,18,38,OVER-BUDGET,0.0000,0.8723,0.9128,501.00,0.00,0.8367,41,47,47,8,20,9,48,4,3,19,3,9
1,18,35,OVER-BUDGET,0.0000,0.7273,0.9464,501.45,0.00,0.6531,32,44,44,8,11,9,84,2,1,19,2,9
1,18,31,OVER-BUDGET,0.0000,0.9167,0.9367,501.50,0.00,0.4490,22,24,24,3,30,9,72,2,3,19,1,9
1,18,41,OVER-BUDGET,0.0000,0.7273,0.8985,502.35,0.00,0.6531,32,44,44,8,11,9,108,4,3,19,3,8
1,18,40,OK,0.4931,0.5227,0.9702,320.50,179.50,0.4694,23,44,44,8,11,9,108,3,3,19,1,0
1,18,44,OK,0.4200,0.6500,0.9134,250.75,249.25,0.2653,13,20,20,8,6,9,168,1,3,19,1,9
1,18,43,OK,0.3918,0.2955,0.9463,299.50,200.50,0.2653,13,44,44,8,11,9,108,1,0,19,1,1
1,18,42,OK,0.4711,0.6486,0.9494,367.00,133.00,0.4898,24,37,37,8,18,9,156,2,0,19,1,4
1,18,46,OVER-BUDGET,0.0000,0.8980,0.9428,501.40,0.00,0.8980,44,49,49,3,7,9,156,2,2,19,4,9
1,18,45,OK,0.5325,0.8182,0.9576,326.50,173.50,0.5510,27,33,33,8,11,9,156,2,2,17,1,9
1,18,48,OVER-BUDGET,0.0000,0.8511,0.8619,502.50,0.00,0.8163,40,47,47,8,20,9,108,4,3,5,1,9
1,18,39,OVER-BUDGET,0.0000,0.6818,0.9657,500.35,0.00,0.6122,30,44,44,6,29,9,84,2,1,19,1,9
1,18,47,OK,0.3432,0.3409,0.4794,322.30,177.70,0.3061,15,44,44,10,14,9,108,3,3,19,1,9
1,18,49,OK,0.4202,0.7143,0.9444,375.25,124.75,0.4082,20,28,28,11,25,9,108,3,3,20,1,9
1,19,0,ALL-DEAD,0.1615,0.0000,0.0000,255.30,244.70,0.0000,0,48,48,8,6,9,156,2,2,19,1,9
1,19,4,OK,0.5591,0.5833,0.7968,274.00,226.00,0.5714,28,48,48,8,6,9,156,4,2,19,1,9
1,19,6,OK,0.4999,0.7273,0.9663,326.50,173.50,0.4898,24,33,33,8,11,9,156,2,2,17,1,9
1,19,3,OK,0.5519,0.6905,0.8909,319.00,181.00,0.5918,29,42,42,8,11,9,72,2,9,19,1,9
1,19,1,OK,0.5650,0.6818,0.8575,310.00,190.00,0.6122,30,44,44,8,11,9,108,2,3,19,1,9
1,19,7,OK,0.5749,0.7447,0.9340,394.00,106.00,0.7143,35,47,47,8,18,9,108,4,2,19,1,9
1,19,2,OK,0.5330,0.7021,0.8712,412.00,88.00,0.6735,33,47,47,8,20,9,108,4,3,19,1,9
1,19,12,ALL-DEAD,0.0158,0.0000,0.0000,476.00,24.00,0.0000,0,44,44,8,20,3,132,4,3,19,4,9
1,19,13,ALL-DEAD,0.1259,0.0000,0.0000,309.20,190.80,0.0000,0,23,23,8,18,1,24,2,3,19,2,9
1,19,9,OK,0.1664,0.0213,0.8449,418.50,81.50,0.0204,1,47,47,8,11,9,108,4,8,13,1,8
1,19,8,OK,0.5443,0.7955,0.9401,441.50,58.50,0.7143,35,44,44,8,11,9,144,2,9,11,1,9
1,19,17,ALL-DEAD,0.2478,0.0000,0.0000,124.55,375.45,0.0000,0,47,47,8,11,1,108,4,0,19,2,9
1,19,10,OVER-BUDGET,0.0000,0.6809,0.9703,502.30,0.00,0.6531,32,47,47,5,14,9,36,3,3,19,2,2
1,19,5,OK,0.4127,0.5532,0.8613,473.50,26.50,0.5306,26,47,47,4,14,9,108,3,3,19,1,9
1,19,15,OK,0.5391,0.4792,0.9348,244.30,255.70,0.4694,23,48,48,11,6,6,156,2,9,19,1,9
1,19,11,OK,0.5769,0.6809,0.9339,340.00,160.00,0.6531,32,47,47,8,12,9,108,4,3,19,1,9
1,19,20,ALL-DEAD,0.2141,0.0000,0.0000,175.65,324.35,0.0000,0,48,48,6,19,6,156,2,4,19,1,9
1,19,24,OVER-BUDGET,0.0000,0.9545,0.9209,501.15,0.00,0.8571,42,44,44,8,11,9,72,1,8,9,4,9
1,19,25,OVER-BUDGET,0.0000,0.9286,0.6925,502.00,0.00,0.7959,39,42,42,8,8,0,72,2,0,3,3,9
1,19,14,OVER-BUDGET,0.0000,0.7500,0.8543,500.60,0.00,0.7347,36,48,48,8,19,9,60,3,7,19,2,9
1,19,16,OVER-BUDGET,0.0000,0.7917,0.8993,502.00,0.00,0.7755,38,48,48,8,20,9,156,4,3,19,2,9
1,19,27,ALL-DEAD,0.1165,0.0000,0.0000,323.50,176.50,0.0000,0,47,47,5,20,5,108,2,3,19,3,9
1,19,22,OK,0.2753,0.1818,0.8143,367.00,133.00,0.1633,8,44,44,6,11,9,144,3,3,17,1,0
1,19,19,OK,0.4643,0.5319,0.9805,400.00,100.00,0.5102,25,47,47,8,20,9,144,4,3,19,1,4
1,19,29,OVER-BUDGET,0.0000,0.0930,0.2827,500.10,0.00,0.0816,4,43,43,2,6,1,156,2,3,2,1,0
1,19,23,OK,0.4804,0.5957,0.9003,412.00,88.00,0.5714,28,47,47,8,20,9,108,4,3,19,1,9
1,19,32,ALL-DEAD,0.1929,0.0000,0.0000,207.70,292.30,0.0000,0,48,48,12,18,8,108,4,2,19,1,1
1,19,33,OK,0.3955,0.9167,0.9416,259.00,241.00,0.2245,11,12,12,8,6,9,156,2,2,19,1,5
1,19,28,ALL-DEAD,0.0390,0.0000,0.0000,440.95,59.05,0.0000,0,44,44,9,28,9,108,1,0,8,1,9
1,19,26,OK,0.3820,0.4474,0.8617,367.00,133.00,0.3469,17,38,38,8,18,9,156,2,2,19,1,7
1,19,18,OVER-BUDGET,0.0000,0.9091,0.9182,500.45,0.00,0.6122,30,33,33,5,21,9,96,2,3,19,1,9
1,19,21,OK,0.3656,0.6250,0.6695,493.00,7.00,0.5102,25,40,40,4,16,9,156,2,3,19,1,9
1,19,37,OVER-BUDGET,0.0000,0.9318,0.8706,500.50,0.00,0.8367,41,44,44,8,6,9,108,2,3,1,1,9
1,19,36,OVER-BUDGET,0.0000,0.9524,0.9678,501.30,0.00,0.4082,20,21,21,6,6,9,144,2,2,7,4,7
1,19,30,OK,0.4039,0.9412,0.9395,331.00,169.00,0.3265,16,17,17,12,21,9,156,2,9,19,1,9
1,19,41,ALL-DEAD,0.2267,0.0000,0.0000,156.55,343.45,0.0000,0,44,44,8,11,7,72,4,9,19,1,9
1,19,39,OVER-BUDGET,0.0000,0.3902,0.5742,501.70,0.00,0.3265,16,41,41,6,6,5,156,2,2,3,1,9
1,19,40,OVER-BUDGET,0.0000,0.7429,0.7690,501.00,0.00,0.5306,26,35,35,12,7,9,36,2,8,12,3,9
1,19,35,OK,0.4372,0.4681,0.6726,334.00,166.00,0.4490,22,47,47,8,6,9,48,4,7,19,1,9
1,19,43,OVER-BUDGET,0.0000,0.4792,0.8895,502.50,0.00,0.4694,23,48,48,12,24,3,156,2,4,3,1,9
1,19,46,OVER-BUDGET,0.0000,0.4000,0.4994,500.35,0.00,0.1633,8,20,20,6,11,6,144,3,9,5,3,9
1,19,44,OK,0.4223,0.8889,0.9447,304.00,196.00,0.3265,16,18,18,8,11,9,156,2,2,19,1,9
1,19,34,OVER-BUDGET,0.0000,0.5208,0.6676,503.70,0.00,0.5102,25,48,48,8,24,9,156,4,7,12,1,9
1,19,47,OK,0.4948,0.4375,0.9076,272.40,227.60,0.4286,21,48,48,11,8,9,156,4,2,19,1,9
1,19,42,OK,0.2806,0.9000,0.9959,409.00,91.00,0.1837,9,10,10,8,21,9,36,1,3,19,1,8
1,19,31,OVER-BUDGET,0.0000,0.7447,0.9740,503.00,0.00,0.7143,35,47,47,2,10,9,108,4,5,19,1,9
1,19,45,OVER-BUDGET,0.0000,0.8387,0.9529,500.70,0.00,0.5306,26,31,31,6,23,9,132,2,1,19,2,9
1,19,38,OK,0.5134,0.8095,0.9602,475.00,25.00,0.6939,34,42,42,8,25,9,72,4,9,19,1,9
1,19,49,ALL-DEAD,0.0680,0.0000,0.0000,397.00,103.00,0.0000,0,44,44,8,25,0,108,2,3,19,1,1
1,19,48,OVER-BUDGET,0.0000,0.7917,0.9469,500.25,0.00,0.7755,38,48,48,10,19,9,60,2,1,10,1,9
1,20,6,ALL-DEAD,0.2137,0.0000,0.0000,176.20,323.80,0.0000,0,48,48,11,6,6,156,2,9,19,1,9
1,20,5,OK,0.1233,0.0227,0.6118,441.50,58.50,0.0204,1,44,44,8,11,9,144,2,9,11,1,9
1,20,3,OK,0.4382,0.3958,0.6319,274.00,226.00,0.3878,19,48,48,8,6,9,156,4,2,19,1,9
1,20,4,OK,0.4642,0.5000,0.9086,319.00,181.00,0.4286,21,42,42,8,11,9,72,2,9,19,1,9
1,20,2,OK,0.5924,0.7273,0.8983,310.00,190.00,0.6531,32,44,44,8,11,9,108,2,3,19,1,9
1,20,0,OK,0.6637,0.8511,0.9094,340.00,160.00,0.8163,40,47,47,8,12,9,108,4,3,19,1,9
1,20,11,ALL-DEAD,0.1273,0.0000,0.0000,307.10,192.90,0.0000,0,48,48,1,12,5,120,2,9,6,1,5
1,20,1,OK,0.4821,0.6170,0.7220,394.00,106.00,0.5918,29,47,47,8,18,9,108,4,2,19,1,9
1,20,7,OK,0.1945,0.1277,0.5753,412.00,88.00,0.1224,6,47,47,8,20,9,108,4,3,19,1,9
1,20,9,OK,0.5303,0.8182,0.9395,326.50,173.50,0.5510,27,33,33,8,11,9,156,2,2,17,1,9
1,20,16,ALL-DEAD,0.1919,0.0000,0.0000,209.20,290.80,0.0000,0,15,15,6,12,7,72,4,3,19,1,9
1,20,14,OVER-BUDGET,0.0000,0.1667,0.4340,500.40,0.00,0.1429,7,42,42,8,12,5,72,4,2,4,1,9
1,20,12,OK,0.4283,0.4468,0.7249,340.00,160.00,0.4286,21,47,47,8,12,9,108,4,3,19,1,6
1,20,17,ALL-DEAD,0.1715,0.0000,0.0000,240.10,259.90,0.0000,0,47,47,8,18,1,108,4,3,19,1,9
1,20,8,OK,0.4494,0.6667,0.9882,475.00,25.00,0.5714,28,42,42,8,25,9,72,4,9,19,1,9
1,20,18,ALL-DEAD,0.1769,0.0000,0.0000,232.00,268.00,0.0000,0,48,48,7,30,2,60,4,2,19,1,9
1,20,15,OK,0.5691,0.6170,0.8533,286.00,214.00,0.5918,29,47,47,8,6,9,108,4,2,19,1,9
1,20,23,OVER-BUDGET,0.0000,0.3750,0.9534,501.60,0.00,0.3673,18,48,48,8,6,4,156,4,2,5,1,9
1,20,19,OVER-BUDGET,0.0000,0.5106,0.9489,500.40,0.00,0.4898,24,47,47,8,12,5,108,4,2,19,2,9
1,20,20,OK,0.4614,0.5227,0.8545,347.50,152.50,0.4694,23,44,44,8,5,9,24,2,6,17,1,9
1,20,10,OVER-BUDGET,0.0000,0.3617,0.4842,501.10,0.00,0.3469,17,47,47,3,24,9,156,2,4,19,1,9
1,20,22,ALL-DEAD,0.1300,0.0000,0.0000,303.10,196.90,0.0000,0,48,48,8,17,9,156,4,2,19,1,9
1,20,24,ALL-DEAD,0.1414,0.0000,0.0000,285.80,214.20,0.0000,0,44,44,8,11,9,108,2,3,19,1,6
1,20,13,OVER-BUDGET,0.0000,0.3191,0.8106,501.20,0.00,0.3061,15,47,47,6,29,9,108,2,3,19,1,9
1,20,21,OK,0.5769,0.7045,0.9125,319.00,181.00,0.6327,31,44,44,8,12,9,108,2,3,19,1,9
1,20,29,ALL-DEAD,0.1781,0.0000,0.0000,230.10,269.90,0.0000,0,45,45,8,12,6,48,4,3,19,1,9
1,20,30,OVER-BUDGET,0.0000,0.0213,0.3008,502.20,0.00,0.0204,1,47,47,8,18,6,108,4,3,19,4,9
1,20,26,OVER-BUDGET,0.0000,0.9167,0.9456,502.90,0.00,0.8980,44,48,48,2,18,9,96,4,9,19,3,9
1,20,25,OK,0.5673,0.8824,0.8763,310.00,190.00,0.6122,30,34,34,8,11,9,108,2,3,19,1,9
1,20,28,ALL-DEAD,0.1270,0.0000,0.0000,307.50,192.50,0.0000,0,47,47,8,10,9,108,4,6,19,1,7
1,20,36,ALL-DEAD,0.2944,0.0000,0.0000,54.00,446.00,0.0000,0,15,15,8,6,8,168,4,2,19,1,5
1,20,27,OK,0.4880,0.5000,0.7139,298.60,201.40,0.4898,24,48,48,11,12,9,156,4,2,19,1,9
1,20,35,OVER-BUDGET,0.0000,0.8333,0.6736,501.00,0.00,0.7143,35,42,42,8,5,9,132,4,9,6,3,9
1,20,37,ALL-DEAD,0.1856,0.0000,0.0000,218.80,281.20,0.0000,0,47,47,3,27,8,108,4,3,19,1,6
1,20,32,OVER-BUDGET,0.0000,0.3617,0.9502,500.50,0.00,0.3469,17,47,47,2,21,9,108,4,3,9,1,8
1,20,38,OVER-BUDGET,0.0000,0.9318,0.9541,500.10,0.00,0.8367,41,44,44,8,21,9,144,3,2,19,4,9
1,20,33,OK,0.5181,0.9000,0.9122,340.00,160.00,0.5510,27,30,30,8,12,9,108,4,8,19,1,9
1,20,31,OK,0.4611,0.6216,0.9598,367.00,133.00,0.4694,23,37,37,8,18,9,144,2,2,19,1,8
1,20,34,ALL-DEAD,0.1084,0.0000,0.0000,335.70,164.30,0.0000,0,42,42,8,12,9,108,4,3,19,1,6
1,20,46,OVER-BUDGET,0.0000,0.7021,0.8406,502.50,0.00,0.6735,33,47,47,8,18,6,108,4,2,7,4,9
1,20,42,OVER-BUDGET,0.0000,0.7447,0.9633,500.30,0.00,0.7143,35,47,47,8,13,9,108,4,3,5,1,9
1,20,41,OVER-BUDGET,0.0000,0.8723,0.9228,500.75,0.00,0.8367,41,47,47,6,12,9,72,3,1,7,1,9
1,20,43,OVER-BUDGET,0.0000,0.8298,0.8657,500.30,0.00,0.7959,39,47,47,8,12,9,108,4,3,19,4,9
1,20,39,OVER-BUDGET,0.0000,0.8163,0.9289,500.00,0.00,0.8163,40,49,49,8,12,9,144,1,3,9,1,9
1,20,45,OK,0.5728,0.5957,0.9112,274.00,226.00,0.5714,28,47,47,8,6,9,156,4,3,19,1,9
1,20,49,ALL-DEAD,0.0286,0.0000,0.0000,456.65,43.35,0.0000,0,42,42,5,14,8,36,1,3,19,4,3
1,20,47,OVER-BUDGET,0.0000,0.5909,0.9070,500.30,0.00,0.5306,26,44,44,8,12,9,36,4,3,19,2,9
1,20,44,OK,0.4867,0.5957,0.6966,365.50,134.50,0.5714,28,47,47,8,12,9,96,4,0,17,1,9
1,20,48,OK,0.4891,0.5106,0.9510,340.00,160.00,0.4898,24,47,47,8,12,8,108,4,3,19,1,9
1,20,40,OVER-BUDGET,0.0000,1.0000,0.9918,500.25,0.00,0.2653,13,13,13,2,12,9,108,1,2,19,1,9
1,21,4,ALL-DEAD,0.1453,0.0000,0.0000,279.80,220.20,0.0000,0,47,47,8,6,9,108,4,2,19,1,9
1,21,3,OK,0.5156,0.4894,0.9023,274.00,226.00,0.4694,23,47,47,8,6,9,156,4,3,19,1,9
1,21,7,OK,0.4202,0.6333,0.8441,340.00,160.00,0.3878,19,30,30,8,12,9,108,4,8,19,1,9
1,21,5,OK,0.5743,0.8824,0.9347,310.00,190.00,0.6122,30,34,34,8,11,9,108,2,3,19,1,9
1,21,6,OK,0.4840,0.7576,0.7403,326.50,173.50,0.5102,25,33,33,8,11,9,156,2,2,17,1,9
1,21,1,OK,0.6101,0.7727,0.8592,310.00,190.00,0.6939,34,44,44,8,11,9,108,2,3,19,1,9
1,21,2,OK,0.5904,0.7273,0.9311,319.00,181.00,0.6531,32,44,44,8,12,9,108,2,3,19,1,9
1,21,0,OK,0.4708,0.5106,0.7987,340.00,160.00,0.4898,24,47,47,8,12,9,108,4,3,19,1,9
1,21,11,OVER-BUDGET,0.0000,0.1915,0.6750,500.10,0.00,0.1837,9,47,47,8,12,3,144,4,3,6,4,9
1,21,13,ALL-DEAD,0.2166,0.0000,0.0000,171.80,328.20,0.0000,0,49,49,8,6,3,144,4,5,19,1,9
1,21,12,ALL-DEAD,0.1784,0.0000,0.0000,229.70,270.30,0.0000,0,47,47,9,12,4,108,3,9,18,1,6
1,21,8,OK,0.4031,0.3617,0.8888,340.00,160.00,0.3469,17,47,47,8,12,8,108,4,3,19,1,9
1,21,16,ALL-DEAD,0.1801,0.0000,0.0000,227.05,272.95,0.0000,0,44,44,8,11,7,108,2,3,19,1,5
1,21,14,OK,0.3570,0.8261,0.9506,455.00,45.00,0.3878,19,23,23,8,6,9,108,2,3,19,2,3
1,21,9,OK,0.5839,0.6875,0.6714,298.60,201.40,0.6735,33,48,48,11,12,9,156,4,2,19,1,9
1,21,19,ALL-DEAD,0.1498,0.0000,0.0000,273.00,227.00,0.0000,0,47,47,8,22,6,96,4,3,12,1,9
1,21,21,ALL-DEAD,0.1704,0.0000,0.0000,241.80,258.20,0.0000,0,49,49,8,12,4,108,4,3,19,1,9
1,21,18,OK,0.4980,0.7188,0.9538,310.00,190.00,0.4694,23,32,32,8,11,9,108,2,3,19,1,9
1,21,20,OK,0.4420,0.9500,0.9682,329.50,170.50,0.3878,19,20,20,8,12,9,108,3,3,19,1,3
1,21,23,OVER-BUDGET,0.0000,0.8235,0.9180,501.95,0.00,0.5714,28,34,34,8,11,9,108,2,1,4,1,9
1,21,25,ALL-DEAD,0.1777,0.0000,0.0000,230.75,269.25,0.0000,0,29,29,8,7,8,108,4,8,19,2,9
1,21,17,OK,0.5761,0.7273,0.9332,341.00,159.00,0.6531,32,44,44,8,11,9,108,4,3,18,1,9
1,21,22,OK,0.4678,0.7500,0.9483,320.80,179.20,0.4286,21,28,28,10,14,9,156,4,3,19,1,9
1,21,15,OK,0.4321,0.5909,0.8827,448.00,52.00,0.5306,26,44,44,4,12,9,108,4,2,19,1,9
1,21,24,OVER-BUDGET,0.0000,1.0000,0.9600,501.20,0.00,0.4082,20,20,20,8,26,9,108,2,3,19,4,6
1,21,10,OVER-BUDGET,0.0000,0.8409,0.9116,500.10,0.00,0.7551,37,44,44,1,6,9,108,4,3,19,1,9
1,21,32,OVER-BUDGET,0.0000,0.8723,0.8870,502.10,0.00,0.8367,41,47,47,8,6,9,156,4,4,3,2,9
1,21,29,OVER-BUDGET,0.0000,1.0000,0.9153,500.10,0.00,0.8980,44,44,44,8,18,9,48,4,0,19,4,9
1,21,27,OVER-BUDGET,0.0000,0.8085,0.9556,500.40,0.00,0.7755,38,47,47,8,12,9,108,2,3,20,3,9
1,21,33,OK,0.2990,0.4118,0.6735,407.50,92.50,0.2857,14,34,34,8,12,0,108,4,3,14,1,9
1,21,30,OK,0.5242,0.6364,0.6382,298.00,202.00,0.5714,28,44,44,8,11,9,120,1,3,19,1,9
1,21,37,ALL-DEAD,0.1014,0.0000,0.0000,346.30,153.70,0.0000,0,35,35,9,11,7,108,1,5,19,2,2
1,21,34,OK,0.6317,0.7727,0.9235,289.00,211.00,0.6939,34,44,44,8,8,9,84,2,3,19,1,9
1,21,28,OK,0.5485,0.7273,0.9467,385.30,114.70,0.6531,32,44,44,5,12,9,96,2,3,19,1,9
1,21,31,OVER-BUDGET,0.0000,0.2188,0.8488,501.65,0.00,0.1429,7,32,32,4,11,9,24,3,3,19,1,0
1,21,26,OVER-BUDGET,0.0000,0.8000,0.9563,502.60,0.00,0.4082,20,25,25,4,29,9,156,2,8,19,1,8
1,21,39,OVER-BUDGET,0.0000,0.8936,0.9212,500.20,0.00,0.8571,42,47,47,8,12,9,108,4,9,3,1,3
1,21,36,OK,0.5800,0.7955,0.8943,379.00,121.00,0.7143,35,44,44,8,11,9,48,4,3,19,1,9
1,21,38,OVER-BUDGET,0.0000,0.7447,0.9369,501.80,0.00,0.7143,35,47,47,9,12,9,108,4,3,7,1,5
1,21,41,ALL-DEAD,0.1508,0.0000,0.0000,271.50,228.50,0.0000,0,47,47,8,6,9,156,4,4,17,1,5
1,21,35,OK,0.1681,0.0455,0.8119,427.00,73.00,0.0408,2,44,44,8,24,9,108,2,3,19,1,9
1,21,43,OVER-BUDGET,0.0000,0.4545,0.8978,503.00,0.00,0.4082,20,44,44,8,10,8,120,2,3,19,3,9
1,21,44,ALL-DEAD,0.1498,0.0000,0.0000,273.05,226.95,0.0000,0,47,47,8,6,9,156,1,0,16,1,0
1,21,48,ALL-DEAD,0.1862,0.0000,0.0000,217.90,282.10,0.0000,0,47,47,2,12,3,108,4,3,19,1,5
1,21,45,ALL-DEAD,0.1805,0.0000,0.0000,226.50,273.50,0.0000,0,47,47,8,12,9,108,4,3,19,1,6
1,21,40,OVER-BUDGET,0.0000,0.7826,0.9324,500.25,0.00,0.7347,36,46,46,8,15,9,84,1,3,19,2,9
1,21,42,OK,0.5048,0.6667,0.8907,339.30,160.70,0.5306,26,39,39,7,11,9,60,2,2,19,1,9
1,21,46,OK,0.4873,0.5000,0.9551,309.50,190.50,0.4490,22,44,44,9,11,9,108,3,3,19,1,7
1,21,47,OK,0.5040,0.6304,0.9832,408.40,91.60,0.5918,29,46,46,5,11,9,36,2,9,19,1,5
1,21,49,OK,0.1456,0.1364,0.5475,481.00,19.00,0.1224,6,44,44,8,30,9,108,2,6,19,1,3
1,22,3,OK,0.2485,0.0208,0.8693,298.60,201.40,0.0204,1,48,48,11,12,9,156,4,2,19,1,9
1,22,6,OK,0.2694,0.1471,0.7327,310.00,190.00,0.1020,5,34,34,8,11,9,108,2,3,19,1,9
1,22,0,OK,0.5183,0.5455,0.9136,289.00,211.00,0.4898,24,44,44,8,8,9,84,2,3,19,1,9
1,22,2,OK,0.2481,0.1136,0.6042,319.00,181.00,0.1020,5,44,44,8,12,9,108,2,3,19,1,9
1,22,5,OK,0.4474,0.4773,0.8895,341.00,159.00,0.4286,21,44,44,8,11,9,108,4,3,18,1,9
1,22,1,OK,0.6053,0.7500,0.9127,310.00,190.00,0.6735,33,44,44,8,11,9,108,2,3,19,1,9
1,22,4,OK,0.5116,0.6591,0.8851,379.00,121.00,0.5918,29,44,44,8,11,9,48,4,3,19,1,9
1,22,7,OK,0.4596,0.5682,0.8603,385.30,114.70,0.5102,25,44,44,5,12,9,96,2,3,19,1,9
1,22,13,OVER-BUDGET,0.0000,0.9167,0.9533,500.35,0.00,0.4490,22,24,24,11,11,9,84,4,3,5,1,2
1,22,15,ALL-DEAD,0.2754,0.0000,0.0000,82.70,417.30,0.0000,0,16,16,8,12,2,168,2,3,19,1,9
1,22,9,OK,0.5190,0.4894,0.9303,274.00,226.00,0.4694,23,47,47,8,6,9,156,4,3,19,1,9
1,22,16,OVER-BUDGET,0.0000,0.1000,0.1202,500.85,0.00,0.0204,1,10,10,8,8,3,84,3,3,4,1,9
1,22,8,OK,0.5996,0.7273,0.8923,298.00,202.00,0.6531,32,44,44,8,11,9,120,1,3,19,1,9
1,22,14,OK,0.4982,0.7419,0.9144,302.50,197.50,0.4694,23,31,31,8,8,9,84,3,3,19,1,9
1,22,10,OK,0.3846,0.9474,0.9549,397.00,103.00,0.3673,18,19,19,8,20,9,84,2,6,19,1,9
1,22,18,OVER-BUDGET,0.0000,0.8182,0.8949,501.90,0.00,0.7347,36,44,44,8,8,9,36,4,8,11,2,9
1,22,12,OK,0.5707,0.7955,0.9318,400.00,100.00,0.7143,35,44,44,3,5,9,48,4,8,19,1,9
1,22,22,ALL-DEAD,0.2160,0.0000,0.0000,172.80,327.20,0.0000,0,44,44,8,28,6,48,1,3,19,1,9
1,22,19,OK,0.4740,0.9091,0.9189,289.00,211.00,0.4082,20,22,22,8,8,9,84,2,3,19,1,2
1,22,20,OVER-BUDGET,0.0000,0.9318,0.9395,501.40,0.00,0.8367,41,44,44,3,7,9,168,2,3,19,4,9
1,22,11,OVER-BUDGET,0.0000,0.9091,0.9157,500.10,0.00,0.8163,40,44,44,1,8,9,84,2,3,19,1,9
1,22,17,OK,0.5627,0.9706,0.9535,382.00,118.00,0.6735,33,34,34,8,18,9,72,2,3,19,1,9
1,22,26,OVER-BUDGET,0.0000,0.2273,0.7334,500.40,0.00,0.2041,10,44,44,11,11,5,108,3,3,7,2,6
1,22,25,OVER-BUDGET,0.0000,0.9091,0.9271,500.40,0.00,0.8163,40,44,44,2,8,9,84,2,1,18,4,9
1,22,24,OK,0.5624,0.9375,0.9508,331.00,169.00,0.6122,30,32,32,8,11,9,108,4,3,19,1,9
1,22,30,ALL-DEAD,0.1693,0.0000,0.0000,243.50,256.50,0.0000,0,42,42,8,5,0,84,2,3,19,1,9
1,22,33,ALL-DEAD,0.0074,0.0000,0.0000,488.80,11.20,0.0000,0,44,44,8,8,5,48,2,3,19,3,9
1,22,28,OK,0.3406,1.0000,0.9516,361.00,139.00,0.2449,12,12,12,8,17,9,120,2,3,19,1,9
1,22,23,OVER-BUDGET,0.0000,0.2286,0.5242,500.45,0.00,0.1633,8,35,35,1,9,9,156,1,2,18,1,3
1,22,21,OVER-BUDGET,0.0000,0.5227,0.6991,501.00,0.00,0.4694,23,44,44,2,8,9,84,4,3,19,1,9
1,22,31,OK,0.1106,0.0208,0.2478,394.50,105.50,0.0204,1,48,48,8,8,9,156,3,3,12,1,9
1,22,27,OK,0.2870,0.6071,0.6754,477.00,23.00,0.3469,17,28,28,8,25,9,84,2,3,16,1,9
1,22,38,ALL-DEAD,0.2070,0.0000,0.0000,186.30,313.70,0.0000,0,42,42,3,26,1,96,2,3,19,1,9
1,22,39,ALL-DEAD,0.2358,0.0000,0.0000,142.70,357.30,0.0000,0,44,44,2,8,4,108,2,3,13,1,9
1,22,29,OVER-BUDGET,0.0000,0.7727,0.9137,503.00,0.00,0.6939,34,44,44,8,26,9,108,2,9,13,1,9
1,22,35,ALL-DEAD,0.1339,0.0000,0.0000,297.15,202.85,0.0000,0,44,44,8,11,9,108,2,3,19,1,9
1,22,40,ALL-DEAD,0.1912,0.0000,0.0000,210.30,289.70,0.0000,0,48,48,11,14,6,84,2,3,19,1,9
1,22,36,OVER-BUDGET,0.0000,0.7500,0.9380,500.20,0.00,0.7347,36,48,48,11,12,9,156,2,7,19,4,5
1,22,32,OK,0.2051,0.2500,0.4107,451.00,49.00,0.2245,11,44,44,8,23,9,60,3,3,19,1,9
1,22,37,OVER-BUDGET,0.0000,0.7273,0.9340,500.55,0.00,0.6531,32,44,44,8,7,9,84,3,3,18,2,5
1,22,41,OK,0.4274,0.3636,0.9537,298.00,202.00,0.3265,16,44,44,8,11,0,120,1,3,19,1,2
1,22,43,OVER-BUDGET,0.0000,0.2353,0.5821,502.90,0.00,0.0816,4,17,17,8,11,0,96,2,3,8,1,9
1,22,45,OVER-BUDGET,0.0000,0.6591,0.7910,500.20,0.00,0.5918,29,44,44,11,8,9,48,4,3,19,4,9
1,22,48,ALL-DEAD,0.1989,0.0000,0.0000,198.60,301.40,0.0000,0,21,21,1,8,1,168,2,3,19,2,9
1,22,34,OK,0.1491,0.0909,0.5986,451.00,49.00,0.0816,4,44,44,8,26,9,84,2,3,19,1,5
1,22,42,OK,0.5673,0.6591,0.9532,307.00,193.00,0.5918,29,44,44,8,8,9,48,2,3,19,1,9
1,22,49,ALL-DEAD,0.1983,0.0000,0.0000,199.60,300.40,0.0000,0,44,44,6,24,4,120,4,3,15,1,9
1,22,44,OK,0.4349,0.5000,0.9557,389.00,111.00,0.4490,22,44,44,8,11,9,48,4,3,18,1,8
1,22,47,OVER-BUDGET,0.0000,0.7045,0.9034,500.50,0.00,0.6327,31,44,44,8,28,9,36,2,3,19,2,9
1,22,46,OVER-BUDGET,0.0000,0.6364,0.9761,500.25,0.00,0.5714,28,44,44,4,25,9,108,2,3,19,1,0
1,23,3,OK,0.4884,0.5227,0.8569,307.00,193.00,0.4694,23,44,44,8,8,9,48,2,3,19,1,9
1,23,1,OK,0.3296,0.2273,0.6999,298.00,202.00,0.2041,10,44,44,8,11,9,120,1,3,19,1,9
1,23,5,OK,0.4325,0.5938,0.8977,331.00,169.00,0.3878,19,32,32,8,11,9,108,4,3,19,1,9
1,23,6,OK,0.5840,0.6170,0.9112,274.00,226.00,0.5918,29,47,47,8,6,9,156,4,3,19,1,9
1,23,7,OK,0.5843,0.6818,0.9022,289.00,211.00,0.6122,30,44,44,8,8,9,84,2,3,19,1,9
1,23,0,OK,0.5184,0.5682,0.9368,310.00,190.00,0.5102,25,44,44,8,11,9,108,2,3,19,1,9
1,23,2,OK,0.4260,0.5455,0.7553,400.00,100.00,0.4898,24,44,44,3,5,9,48,4,8,19,1,9
1,23,4,OK,0.5746,1.0000,0.9589,382.00,118.00,0.6939,34,34,34,8,18,9,72,2,3,19,1,9
1,23,11,ALL-DEAD,0.1513,0.0000,0.0000,270.70,229.30,0.0000,0,44,44,8,18,4,108,3,4,18,1,9
1,23,10,OK,0.0546,0.0227,0.1734,465.75,34.25,0.0204,1,44,44,8,11,7,168,1,8,10,1,3
1,23,8,ALL-DEAD,0.1015,0.0000,0.0000,346.15,153.85,0.0000,0,44,44,8,11,9,48,4,3,19,1,9
1,23,9,OK,0.5248,0.8065,0.9484,302.50,197.50,0.5102,25,31,31,8,8,9,84,3,3,19,1,9
1,23,16,ALL-DEAD,0.1977,0.0000,0.0000,200.40,299.60,0.0000,0,30,30,8,11,3,156,2,8,19,1,5
1,23,12,OK,0.6321,0.7500,0.8801,263.50,236.50,0.6735,33,44,44,12,11,9,156,1,3,19,1,9
1,23,13,OVER-BUDGET,0.0000,0.4545,0.8442,500.60,0.00,0.4082,20,44,44,8,11,2,48,2,6,19,2,9
1,23,17,OK,0.3647,0.3182,0.8822,346.00,154.00,0.2857,14,44,44,10,5,9,36,4,9,19,1,1
1,23,14,OK,0.5341,0.6364,0.9025,331.00,169.00,0.5714,28,44,44,8,11,9,108,4,2,19,1,9
1,23,18,OK,0.4073,0.4773,0.5996,349.00,151.00,0.4286,21,44,44,8,11,6,72,4,3,19,1,9
1,23,22,OK,0.3679,0.2955,0.8375,316.00,184.00,0.2653,13,44,44,8,11,5,120,3,3,19,1,6
1,23,25,ALL-DEAD,0.1538,0.0000,0.0000,267.00,233.00,0.0000,0,44,44,5,25,1,156,2,3,19,4,9
1,23,23,OK,0.4711,0.8696,0.9690,302.50,197.50,0.4082,20,23,23,8,11,9,84,1,9,19,1,4
1,23,19,OK,0.5696,0.7955,0.9666,408.00,92.00,0.7143,35,44,44,8,11,9,120,1,4,12,1,9
1,23,15,OVER-BUDGET,0.0000,0.9474,0.8897,500.80,0.00,0.3673,18,19,19,3,22,9,84,2,8,19,1,9
1,23,21,OK,0.3041,0.2727,0.7960,388.00,112.00,0.2449,12,44,44,8,18,9,60,2,3,19,1,2
1,23,26,OVER-BUDGET,0.0000,0.5000,0.8958,500.40,0.00,0.1633,8,16,16,8,8,4,48,2,3,19,3,9
1,23,20,OVER-BUDGET,0.0000,0.8864,0.9638,502.15,0.00,0.7959,39,44,44,6,17,9,108,2,3,19,2,9
1,23,28,ALL-DEAD,0.2064,0.0000,0.0000,187.25,312.75,0.0000,0,44,44,5,29,7,48,1,8,13,1,9
1,23,27,OK,0.5940,0.7045,0.9391,298.00,202.00,0.6327,31,44,44,8,11,9,120,1,3,19,1,9
1,23,34,ALL-DEAD,0.1896,0.0000,0.0000,212.75,287.25,0.0000,0,44,44,3,5,6,108,2,3,19,1,3
1,23,33,OK,0.3738,0.9091,0.9862,283.00,217.00,0.2041,10,11,11,6,6,9,108,2,3,19,1,1
1,23,30,OK,0.1089,0.0455,0.6787,492.40,7.60,0.0408,2,44,44,7,8,1,72,2,3,19,2,9
1,23,24,OK,0.4805,0.6842,0.9723,391.00,109.00,0.5306,26,38,38,3,8,9,120,1,1,19,1,6
1,23,37,ALL-DEAD,0.1717,0.0000,0.0000,239.90,260.10,0.0000,0,34,34,8,18,3,60,2,3,20,2,9
1,23,32,OK,0.4836,0.5581,0.9053,340.05,159.95,0.4898,24,43,43,11,11,9,108,1,3,14,1,9
1,23,36,ALL-DEAD,0.2112,0.0000,0.0000,180.00,320.00,0.0000,0,44,44,8,27,5,84,2,1,19,1,9
1,23,31,OVER-BUDGET,0.0000,0.9091,0.9529,500.70,0.00,0.8163,40,44,44,8,19,9,48,4,8,9,1,9
1,23,29,OK,0.5843,0.7111,0.9626,334.00,166.00,0.6531,32,45,45,8,11,9,24,1,6,19,1,9
1,23,43,OVER-BUDGET,0.0000,0.8864,0.9439,500.50,0.00,0.7959,39,44,44,8,19,9,120,1,9,3,1,6
1,23,35,OVER-BUDGET,0.0000,0.7143,0.9412,502.95,0.00,0.6122,30,42,42,8,11,9,120,1,3,19,3,9
1,23,44,OVER-BUDGET,0.0000,0.8864,0.9160,501.05,0.00,0.7959,39,44,44,7,11,9,120,2,3,20,4,9
1,23,39,OVER-BUDGET,0.0000,1.0000,0.9762,500.45,0.00,0.2857,14,14,14,4,11,9,108,2,6,11,1,9
1,23,41,OK,0.2061,0.3529,0.5399,490.00,10.00,0.2449,12,34,34,3,5,9,24,4,8,19,1,9
1,23,38,OK,0.4528,0.5682,0.9672,415.00,85.00,0.5102,25,44,44,8,24,9,120,1,3,19,1,4
1,23,42,OK,0.4459,0.5455,0.9213,400.00,100.00,0.4898,24,44,44,3,5,9,48,4,8,19,1,4
1,23,46,OK,0.5099,0.5319,0.9647,328.00,172.00,0.5102,25,47,47,8,12,8,144,4,3,19,1,9
1,23,47,OK,0.5040,0.4773,0.8770,253.00,247.00,0.4286,21,44,44,12,7,9,108,2,3,19,1,9
1,23,45,OK,0.6042,0.7500,0.9531,319.00,181.00,0.6735,33,44,44,8,11,9,156,4,6,19,1,9
1,23,40,OK,0.4959,0.7727,0.9465,498.90,1.10,0.6939,34,44,44,7,23,9,60,4,3,19,1,9
1,23,49,OK,0.5464,0.5909,0.8289,265.00,235.00,0.5306,26,44,44,8,6,9,108,2,9,19,1,9
1,23,48,OK,0.6343,0.8182,0.8734,310.00,190.00,0.7347,36,44,44,8,11,9,108,2,3,19,1,9
1,24,6,OK,0.2744,0.1064,0.5763,274.00,226.00,0.1020,5,47,47,8,6,9,156,4,3,19,1,9
1,24,1,OK,0.6235,0.7273,0.9015,263.50,236.50,0.6531,32,44,44,12,11,9,156,1,3,19,1,9
1,24,2,OK,0.4764,0.5227,0.8233,319.00,181.00,0.4694,23,44,44,8,11,9,156,4,6,19,1,9
1,24,0,OK,0.5444,0.6364,0.8723,310.00,190.00,0.5714,28,44,44,8,11,9,108,2,3,19,1,9
1,24,4,OK,0.5956,0.7045,0.9030,289.00,211.00,0.6327,31,44,44,8,8,9,84,2,3,19,1,9
1,24,3,OK,0.2228,0.0227,0.6523,298.00,202.00,0.0204,1,44,44,8,11,9,120,1,3,19,1,9
1,24,7,OK,0.3341,0.4706,0.6386,382.00,118.00,0.3265,16,34,34,8,18,9,72,2,3,19,1,9
1,24,5,OK,0.5857,0.7333,0.8813,334.00,166.00,0.6735,33,45,45,8,11,9,24,1,6,19,1,9
1,24,11,ALL-DEAD,0.0521,0.0000,0.0000,421.05,78.95,0.0000,0,40,40,8,8,1,108,1,3,19,3,9
1,24,15,ALL-DEAD,0.2191,0.0000,0.0000,168.05,331.95,0.0000,0,44,44,12,11,1,156,2,9,18,1,9
1,24,14,OVER-BUDGET,0.0000,0.9000,0.9070,502.55,0.00,0.3673,18,20,20,8,11,9,108,2,6,14,3,9
1,24,12,ALL-DEAD,0.1043,0.0000,0.0000,341.95,158.05,0.0000,0,44,44,8,11,3,60,4,8,19,1,9
1,24,9,OK,0.5289,0.5455,0.8700,265.00,235.00,0.4898,24,44,44,8,6,9,108,2,9,19,1,9
1,24,8,OK,0.5069,0.6818,0.9122,408.00,92.00,0.6122,30,44,44,8,11,9,120,1,4,12,1,9
1,24,16,OK,0.1865,0.0889,0.5803,391.00,109.00,0.0816,4,45,45,12,11,9,24,3,3,19,1,9
1,24,18,OK,0.3881,1.0000,0.9429,253.50,246.50,0.2041,10,10,10,8,7,9,108,1,4,20,1,9
1,24,20,ALL-DEAD,0.1552,0.0000,0.0000,264.80,235.20,0.0000,0,45,45,8,16,8,24,1,6,19,1,9
1,24,10,OK,0.6013,0.7727,0.8927,329.50,170.50,0.6939,34,44,44,6,11,9,156,1,6,19,1,9
1,24,13,OVER-BUDGET,0.0000,0.7273,0.9517,500.05,0.00,0.6531,32,44,44,8,14,9,156,3,8,9,1,9
1,24,23,ALL-DEAD,0.2459,0.0000,0.0000,127.35,372.65,0.0000,0,44,44,12,9,9,156,1,7,18,1,9
1,24,19,OVER-BUDGET,0.0000,0.8636,0.9184,500.70,0.00,0.7755,38,44,44,9,11,9,156,2,9,6,1,9
1,24,25,OVER-BUDGET,0.0000,0.4091,0.8718,501.80,0.00,0.3673,18,44,44,12,9,8,156,2,3,19,3,9
1,24,21,OK,0.5144,0.6591,0.9440,385.50,114.50,0.5918,29,44,44,12,12,9,84,1,3,12,1,9
1,24,22,OK,0.5871,0.7021,0.9422,343.00,157.00,0.6735,33,47,47,8,11,9,84,4,4,19,1,9
1,24,24,OK,0.5920,0.7273,0.9530,320.50,179.50,0.6531,32,44,44,8,11,9,108,3,2,19,1,9
1,24,17,OK,0.4419,0.6591,0.9645,499.00,1.00,0.5918,29,44,44,3,11,9,72,3,6,19,1,0
1,24,28,OK,0.3576,0.4091,0.9443,436.00,64.00,0.3673,18,44,44,12,11,9,24,4,8,19,1,8
1,24,26,OK,0.4071,0.4091,0.6065,299.50,200.50,0.3673,18,44,44,8,11,9,108,1,3,19,1,9
1,24,27,OK,0.5860,0.7500,0.9086,338.50,161.50,0.6735,33,44,44,12,21,9,48,1,3,19,1,9
1,24,32,OVER-BUDGET,0.0000,0.9318,0.9145,501.40,0.00,0.8367,41,44,44,8,11,9,84,1,3,5,2,9
1,24,35,ALL-DEAD,0.2107,0.0000,0.0000,180.80,319.20,0.0000,0,44,44,8,14,6,156,4,6,19,1,9
1,24,34,ALL-DEAD,0.0642,0.0000,0.0000,402.80,97.20,0.0000,0,31,31,8,22,6,120,1,6,5,1,9
1,24,30,OK,0.5236,0.5455,0.9527,288.00,212.00,0.4898,24,44,44,12,11,9,108,4,3,20,1,9
1,24,33,OVER-BUDGET,0.0000,0.5682,0.8341,502.00,0.00,0.5102,25,44,44,2,13,9,144,1,3,12,3,2
1,24,31,OK,0.5908,0.7143,0.8162,263.50,236.50,0.6122,30,42,42,12,11,9,156,1,8,19,1,9
1,24,29,OVER-BUDGET,0.0000,0.5227,0.9351,500.05,0.00,0.4694,23,44,44,1,11,9,60,2,3,19,2,6
1,24,43,ALL-DEAD,0.2897,0.0000,0.0000,61.00,439.00,0.0000,0,12,12,12,15,7,120,1,3,19,1,9
1,24,40,OVER-BUDGET,0.0000,1.0000,0.9529,500.05,0.00,0.8980,44,44,44,12,18,9,72,1,3,2,2,9
1,24,39,ALL-DEAD,0.2021,0.0000,0.0000,193.75,306.25,0.0000,0,39,39,3,11,8,108,2,6,19,1,9
1,24,41,ALL-DEAD,0.1204,0.0000,0.0000,317.55,182.45,0.0000,0,44,44,8,11,5,156,2,3,7,1,9
1,24,37,OK,0.3563,0.3182,0.8207,347.50,152.50,0.2857,14,44,44,12,25,7,156,1,3,19,1,7
1,24,44,OK,0.2482,0.1364,0.2891,278.50,221.50,0.1224,6,44,44,12,11,0,156,3,3,19,1,1
1,24,46,OVER-BUDGET,0.0000,1.0000,0.9275,500.70,0.00,0.5510,27,27,27,8,22,9,156,3,3,14,4,9
1,24,47,ALL-DEAD,0.1895,0.0000,0.0000,212.95,287.05,0.0000,0,47,47,4,11,5,132,2,1,19,1,9
1,24,38,OK,0.4366,0.4545,0.9748,355.90,144.10,0.4082,20,44,44,5,11,9,156,1,3,19,1,3
1,24,36,OK,0.6583,0.8864,0.9415,337.00,163.00,0.7959,39,44,44,6,11,9,72,1,3,19,1,9
1,24,48,OVER-BUDGET,0.0000,0.8864,0.9253,500.60,0.00,0.7959,39,44,44,12,27,9,156,2,3,4,1,9
1,24,45,OK,0.5649,0.7500,0.6940,331.50,168.50,0.6735,33,44,44,8,11,9,156,1,3,16,1,9
1,24,42,OVER-BUDGET,0.0000,0.5227,0.8824,500.70,0.00,0.4694,23,44,44,6,11,9,108,2,3,10,1,3
1,24,49,OK,0.6404,0.7708,0.8394,311.50,188.50,0.7551,37,48,48,8,11,9,156,3,4,19,1,9
1,25,2,OK,0.2770,0.0227,0.9138,263.50,236.50,0.0204,1,44,44,12,11,9,156,1,3,19,1,9
1,25,4,OK,0.4942,0.5000,0.8999,289.00,211.00,0.4490,22,44,44,8,8,9,84,2,3,19,1,9
1,25,6,OK,0.5528,0.6190,0.8743,263.50,236.50,0.5306,26,42,42,12,11,9,156,1,8,19,1,9
1,25,7,OK,0.5185,0.5745,0.9317,343.00,157.00,0.5510,27,47,47,8,11,9,84,4,4,19,1,9
1,25,5,OK,0.5745,0.7045,0.9010,320.50,179.50,0.6327,31,44,44,8,11,9,108,3,2,19,1,9
1,25,3,OK,0.6107,0.7727,0.9708,329.50,170.50,0.6939,34,44,44,6,11,9,156,1,6,19,1,9
1,25,0,OK,0.6370,0.8409,0.9507,337.00,163.00,0.7551,37,44,44,6,11,9,72,1,3,19,1,9
1,25,1,OK,0.6296,0.7292,0.9360,311.50,188.50,0.7143,35,48,48,8,11,9,156,3,4,19,1,9
1,25,12,OVER-BUDGET,0.0000,0.9091,0.9648,503.00,0.00,0.8163,40,44,44,6,11,9,72,1,3,3,1,9
1,25,15,OVER-BUDGET,0.0000,0.9535,0.9176,502.50,0.00,0.8367,41,43,43,8,9,9,108,2,9,5,3,6
1,25,10,ALL-DEAD,0.1585,0.0000,0.0000,259.80,240.20,0.0000,0,42,42,12,11,9,156,2,8,19,1,9
1,25,9,OK,0.2540,0.1111,0.7364,334.00,166.00,0.1020,5,45,45,8,11,9,24,1,6,19,1,9
1,25,17,OVER-BUDGET,0.0000,0.8864,0.9178,502.65,0.00,0.7959,39,44,44,5,8,9,60,3,3,3,1,9
1,25,8,OK,0.6102,0.7955,0.9231,338.50,161.50,0.7143,35,44,44,12,21,9,48,1,3,19,1,9
1,25,18,OVER-BUDGET,0.0000,0.7500,0.8946,500.35,0.00,0.6735,33,44,44,12,11,9,156,1,3,4,1,9
1,25,13,OK,0.3346,0.2727,0.7696,337.00,163.00,0.2449,12,44,44,6,11,9,72,1,3,19,1,9
1,25,19,OK,0.2803,0.2619,0.6418,379.00,121.00,0.2245,11,42,42,12,9,9,24,3,8,19,1,9
1,25,16,OK,0.5273,0.8182,0.9112,479.00,21.00,0.7347,36,44,44,8,8,9,84,2,3,19,2,9
1,25,22,OVER-BUDGET,0.0000,0.7556,0.9283,500.50,0.00,0.6939,34,45,45,6,11,9,72,2,6,19,4,5
1,25,14,OK,0.4493,0.6410,0.9303,413.50,86.50,0.5102,25,39,39,6,16,9,108,3,3,19,1,9
1,25,11,OK,0.4434,0.6591,0.7133,451.00,49.00,0.5918,29,44,44,5,15,9,24,1,4,19,1,9
1,25,23,OVER-BUDGET,0.0000,0.8182,0.9491,502.10,0.00,0.7347,36,44,44,8,14,9,156,3,3,19,4,9
1,25,21,OK,0.3892,0.3636,0.7063,310.80,189.20,0.3265,16,44,44,7,11,9,156,1,3,19,1,5
1,25,27,ALL-DEAD,0.1611,0.0000,0.0000,255.95,244.05,0.0000,0,48,48,5,11,7,156,4,7,19,2,1
1,25,20,OK,0.5249,0.7955,0.9434,471.50,28.50,0.7143,35,44,44,8,11,9,24,1,6,11,1,9
1,25,29,ALL-DEAD,0.0639,0.0000,0.0000,403.15,96.85,0.0000,0,44,44,1,11,7,72,4,3,7,1,5
1,25,24,OK,0.5098,0.5909,0.8786,329.50,170.50,0.5306,26,44,44,6,11,9,156,1,3,19,1,6
1,25,26,OK,0.5725,0.6591,0.9392,296.50,203.50,0.5918,29,44,44,8,11,9,156,1,3,19,1,9
1,25,25,OK,0.6440,0.8636,0.9157,337.00,163.00,0.7755,38,44,44,6,11,9,72,1,3,19,1,9
1,25,34,ALL-DEAD,0.1502,0.0000,0.0000,272.50,227.50,0.0000,0,48,48,8,30,3,156,2,4,7,1,9
1,25,30,OK,0.4546,0.5227,0.7408,337.00,163.00,0.4694,23,44,44,6,11,9,72,1,3,19,1,9
1,25,28,OK,0.5185,0.6818,0.8962,387.60,112.40,0.6122,30,44,44,7,17,9,48,1,3,19,1,9
1,25,32,OK,0.1953,0.0682,0.5907,362.50,137.50,0.0612,3,44,44,6,11,9,84,3,6,19,1,9
1,25,31,OK,0.5432,0.6364,0.9703,329.50,170.50,0.5714,28,44,44,6,11,9,156,1,3,19,1,5
1,25,41,OVER-BUDGET,0.0000,0.4286,0.4739,502.10,0.00,0.1224,6,14,14,10,11,6,144,4,6,4,1,6
1,25,33,OVER-BUDGET,0.0000,0.5938,0.8837,500.25,0.00,0.3878,19,32,32,3,11,9,36,3,3,19,1,5
1,25,38,OVER-BUDGET,0.0000,0.5000,0.8698,502.10,0.00,0.4490,22,44,44,7,11,9,72,1,3,19,3,1
1,25,35,OK,0.6424,0.7500,0.9491,311.50,188.50,0.7347,36,48,48,8,11,9,156,3,4,19,1,9
1,25,40,OK,0.3915,0.3409,0.7735,302.50,197.50,0.3061,15,44,44,8,8,9,84,3,9,19,1,9
1,25,39,OK,0.6260,0.7273,0.9231,263.50,236.50,0.6531,32,44,44,12,11,9,156,1,3,19,1,9
1,25,43,OVER-BUDGET,0.0000,0.4324,0.8954,501.00,0.00,0.3265,16,37,37,12,12,0,72,1,0,19,4,9
1,25,37,OK,0.4236,1.0000,0.9768,427.00,73.00,0.4694,23,23,23,8,23,9,72,2,3,19,1,6
1,25,45,OVER-BUDGET,0.0000,0.4792,0.6440,501.10,0.00,0.4694,23,48,48,5,11,3,72,1,5,11,4,9
1,25,36,OVER-BUDGET,0.0000,0.8409,0.9120,500.50,0.00,0.7551,37,44,44,2,20,9,156,1,6,19,1,9
1,25,48,OVER-BUDGET,0.0000,0.1951,0.3825,501.00,0.00,0.1633,8,41,41,8,11,0,156,3,4,13,3,9
1,25,47,OVER-BUDGET,0.0000,0.8409,0.9314,501.10,0.00,0.7551,37,44,44,12,11,9,72,1,3,19,4,9
1,25,42,OK,0.4960,0.6364,0.8816,385.00,115.00,0.5714,28,44,44,6,15,9,72,1,3,19,1,9
1,25,46,OK,0.4422,0.6897,0.9179,337.00,163.00,0.4082,20,29,29,6,11,9,72,1,3,19,1,7
1,25,49,OVER-BUDGET,0.0000,0.8718,0.9581,501.00,0.00,0.6939,34,39,39,8,11,9,156,4,4,7,1,9
1,25,44,OK,0.5701,0.7708,0.9130,431.50,68.50,0.7551,37,48,48,8,26,9,156,1,7,19,1,9
1,26,4,OK,0.2398,0.0227,0.6037,263.50,236.50,0.0204,1,44,44,12,11,9,156,1,3,19,1,9
1,26,1,OK,0.5833,0.6458,0.9247,311.50,188.50,0.6327,31,48,48,8,11,9,156,3,4,19,1,9
1,26,7,OK,0.5201,0.6136,0.8212,320.50,179.50,0.5510,27,44,44,8,11,9,108,3,2,19,1,9
1,26,6,OK,0.5023,0.5909,0.8652,338.50,161.50,0.5306,26,44,44,12,21,9,48,1,3,19,1,9
1,26,5,OK,0.4873,0.6364,0.5036,329.50,170.50,0.5714,28,44,44,6,11,9,156,1,6,19,1,9
1,26,2,OK,0.5382,0.6364,0.9695,337.00,163.00,0.5714,28,44,44,6,11,9,72,1,3,19,1,9
1,26,0,OK,0.4492,0.5227,0.6953,337.00,163.00,0.4694,23,44,44,6,11,9,72,1,3,19,1,9
1,26,12,OVER-BUDGET,0.0000,0.6591,0.3549,502.90,0.00,0.5918,29,44,44,6,11,3,72,1,3,1,1,9
1,26,3,OK,0.6209,0.7500,0.7697,311.50,188.50,0.7347,36,48,48,8,11,9,156,3,4,19,1,9
1,26,10,ALL-DEAD,0.2175,0.0000,0.0000,170.50,329.50,0.0000,0,44,44,6,8,1,72,1,3,19,1,0
1,26,14,ALL-DEAD,0.1982,0.0000,0.0000,199.65,300.35,0.0000,0,44,44,2,11,2,156,4,3,19,1,2
1,26,16,ALL-DEAD,0.1574,0.0000,0.0000,261.55,238.45,0.0000,0,44,44,12,11,6,84,3,3,14,1,8
1,26,11,OK,0.4645,0.3958,0.9742,296.50,203.50,0.3878,19,48,48,8,11,0,156,1,3,19,1,9
1,26,18,ALL-DEAD,0.2711,0.0000,0.0000,89.25,410.75,0.0000,0,48,48,8,11,4,156,3,6,19,1,0
1,26,8,OK,0.2223,0.0227,0.6396,296.50,203.50,0.0204,1,44,44,8,11,9,156,1,3,19,1,9
1,26,19,ALL-DEAD,0.1337,0.0000,0.0000,297.35,202.65,0.0000,0,44,44,8,11,3,156,3,1,19,2,9
1,26,20,OVER-BUDGET,0.0000,0.8864,0.9324,500.70,0.00,0.7959,39,44,44,6,11,9,156,1,5,19,4,2
1,26,24,OVER-BUDGET,0.0000,0.9091,0.8976,500.85,0.00,0.8163,40,44,44,12,11,9,156,1,3,1,1,9
1,26,13,OK,0.2191,0.1053,0.7006,363.40,136.60,0.0816,4,38,38,5,11,9,72,1,6,19,1,9
1,26,17,OK,0.5018,0.5227,0.9519,304.00,196.00,0.4694,23,44,44,8,11,9,72,1,4,19,1,0
1,26,15,OVER-BUDGET,0.0000,0.6154,0.8892,500.75,0.00,0.4898,24,39,39,8,18,9,84,3,4,19,2,4
1,26,28,ALL-DEAD,0.2621,0.0000,0.0000,102.90,397.10,0.0000,0,44,44,6,11,4,72,1,3,19,1,9
1,26,25,ALL-DEAD,0.2202,0.0000,0.0000,166.30,333.70,0.0000,0,44,44,6,21,4,72,1,3,19,1,9
1,26,26,ALL-DEAD,0.2264,0.0000,0.0000,157.00,343.00,0.0000,0,44,44,3,13,2,72,1,4,19,1,0
1,26,21,OVER-BUDGET,0.0000,0.7727,0.9458,500.15,0.00,0.6939,34,44,44,6,11,9,168,1,3,8,1,7
1,26,22,OK,0.5256,0.6591,0.7276,329.20,170.80,0.5918,29,44,44,10,11,9,72,4,3,19,1,9
1,26,32,ALL-DEAD,0.2486,0.0000,0.0000,123.40,376.60,0.0000,0,44,44,12,17,2,72,1,1,9,1,9
1,26,23,ALL-DEAD,0.0429,0.0000,0.0000,435.00,65.00,0.0000,0,44,44,6,15,8,48,2,3,13,1,9
1,26,9,OK,0.5493,0.7292,0.9272,431.50,68.50,0.7143,35,48,48,8,26,9,156,1,7,19,1,9
1,26,30,ALL-DEAD,0.1764,0.0000,0.0000,232.75,267.25,0.0000,0,48,48,8,11,5,24,1,3,19,1,9
1,26,35,OVER-BUDGET,0.0000,0.8864,0.8749,500.95,0.00,0.7959,39,44,44,8,11,9,156,1,7,3,1,9
1,26,27,OVER-BUDGET,0.0000,0.7955,0.9532,503.00,0.00,0.7143,35,44,44,6,11,9,48,1,8,6,1,9
1,26,34,OK,0.4370,0.3125,0.9548,266.50,233.50,0.3061,15,48,48,8,6,5,156,3,4,19,1,2
1,26,31,OK,0.4733,0.7105,0.9623,417.05,82.95,0.5510,27,38,38,11,11,9,72,3,3,12,1,9
1,26,38,OVER-BUDGET,0.0000,0.8750,0.9494,500.40,0.00,0.8571,42,48,48,6,17,9,156,3,3,3,1,9
1,26,36,OK,0.5038,0.6774,0.9376,264.25,235.75,0.4286,21,31,31,12,11,9,132,1,6,19,1,1
1,26,37,OVER-BUDGET,0.0000,0.4773,0.9479,502.70,0.00,0.4286,21,44,44,12,11,9,72,1,3,6,1,2
1,26,43,OVER-BUDGET,0.0000,1.0000,0.9718,500.70,0.00,0.5102,25,25,25,12,21,9,84,1,3,6,4,9
1,26,40,OVER-BUDGET,0.0000,0.9375,0.9919,501.75,0.00,0.3061,15,16,16,2,11,9,156,3,4,19,4,9
1,26,44,OVER-BUDGET,0.0000,0.9792,0.8271,500.50,0.00,0.9592,47,48,48,6,10,9,156,1,3,2,2,1
1,26,41,ALL-DEAD,0.1204,0.0000,0.0000,317.65,182.35,0.0000,0,44,44,6,11,3,72,2,8,19,3,9
1,26,33,OK,0.5117,0.7273,0.9379,439.50,60.50,0.6531,32,44,44,6,11,9,144,1,6,12,1,0
1,26,29,OVER-BUDGET,0.0000,0.7727,0.8173,502.50,0.00,0.6939,34,44,44,6,30,9,36,1,3,13,1,9
1,26,39,OVER-BUDGET,0.0000,0.7556,0.9726,500.55,0.00,0.6939,34,45,45,8,11,9,24,3,6,19,2,6
1,26,47,OK,0.3085,0.9091,0.9862,382.00,118.00,0.2041,10,11,11,6,11,9,72,4,3,19,1,1
1,26,45,OVER-BUDGET,0.0000,0.8409,0.9608,501.00,0.00,0.7551,37,44,44,6,25,9,72,1,5,7,1,9
1,26,42,OK,0.6737,0.7917,0.9405,296.50,203.50,0.7755,38,48,48,8,11,9,156,1,4,19,1,9
1,26,49,OVER-BUDGET,0.0000,0.6591,0.9230,501.55,0.00,0.5918,29,44,44,6,11,9,72,1,3,6,1,9
1,26,48,OK,0.5983,0.7857,0.9267,323.20,176.80,0.6735,33,42,42,10,11,9,60,3,4,19,1,6
1,26,46,OVER-BUDGET,0.0000,0.5000,0.9698,502.00,0.00,0.4490,22,44,44,6,20,9,72,1,3,11,1,2
1,27,2,OK,0.5429,0.6667,0.9327,323.20,176.80,0.5714,28,42,42,10,11,9,60,3,4,19,1,6
1,27,6,OK,0.5752,0.7045,0.9546,329.20,170.80,0.6327,31,44,44,10,11,9,72,4,3,19,1,9
1,27,0,OK,0.5085,0.5417,0.6859,296.50,203.50,0.5306,26,48,48,8,11,9,156,1,4,19,1,9
1,27,3,OK,0.6076,0.6875,0.9395,311.50,188.50,0.6735,33,48,48,8,11,9,156,3,4,19,1,9
1,27,7,OK,0.5916,0.7273,0.9495,320.50,179.50,0.6531,32,44,44,8,11,9,108,3,2,19,1,9
1,27,1,OK,0.6201,0.7083,0.9502,311.50,188.50,0.6939,34,48,48,8,11,9,156,3,4,19,1,9
1,27,5,OK,0.6258,0.8182,0.9508,337.00,163.00,0.7347,36,44,44,6,11,9,72,1,3,19,1,9
1,27,12,ALL-DEAD,0.1703,0.0000,0.0000,241.95,258.05,0.0000,0,48,48,8,11,5,156,3,4,19,1,9
1,27,10,ALL-DEAD,0.0349,0.0000,0.0000,447.15,52.85,0.0000,0,22,22,8,11,7,24,4,3,17,1,9
1,27,9,OK,0.4947,0.6452,0.9555,264.25,235.75,0.4082,20,31,31,12,11,9,132,1,6,19,1,1
1,27,13,OVER-BUDGET,0.0000,0.9667,0.9626,500.85,0.00,0.5918,29,30,30,8,26,9,156,3,7,5,1,9
1,27,4,OK,0.5044,0.6458,0.9273,431.50,68.50,0.6327,31,48,48,8,26,9,156,1,7,19,1,9
1,27,18,ALL-DEAD,0.2573,0.0000,0.0000,110.15,389.85,0.0000,0,37,37,3,14,8,108,1,4,19,1,9
1,27,14,OVER-BUDGET,0.0000,0.7674,0.9219,501.45,0.00,0.6735,33,43,43,8,11,9,156,1,4,19,3,9
1,27,11,OVER-BUDGET,0.0000,0.0217,0.6891,500.40,0.00,0.0204,1,46,46,8,11,9,156,1,4,9,1,9
1,27,15,OK,0.3920,0.5000,0.8900,425.00,75.00,0.4286,21,42,42,12,11,0,108,3,4,11,1,6
1,27,17,OVER-BUDGET,0.0000,0.3409,0.9135,501.95,0.00,0.3061,15,44,44,11,11,3,156,2,3,7,1,1
1,27,19,ALL-DEAD,0.1447,0.0000,0.0000,280.80,219.20,0.0000,0,31,31,8,11,1,156,1,4,19,1,9
1,27,8,OK,0.5601,0.8182,0.9675,439.50,60.50,0.7347,36,44,44,6,11,9,144,1,6,12,1,0
1,27,16,OK,0.5760,0.7045,0.8227,304.00,196.00,0.6327,31,44,44,8,11,9,156,2,4,19,1,9
1,27,25,OVER-BUDGET,0.0000,0.7857,0.9379,500.50,0.00,0.6735,33,42,42,10,11,9,60,3,4,4,1,6
1,27,24,OK,0.4312,0.5152,0.8513,290.50,209.50,0.3469,17,33,33,12,10,9,84,3,4,19,1,8
1,27,26,OVER-BUDGET,0.0000,1.0000,0.9783,500.55,0.00,0.2653,13,13,13,8,11,9,156,3,1,7,1,0
1,27,20,OK,0.5374,0.5952,0.9113,276.70,223.30,0.5102,25,42,42,10,11,9,144,1,4,19,1,9
1,27,22,OK,0.3443,0.7273,0.8996,414.00,86.00,0.3265,16,22,22,8,11,9,156,2,4,12,1,9
1,27,28,ALL-DEAD,0.1911,0.0000,0.0000,210.45,289.55,0.0000,0,48,48,8,11,5,48,4,9,19,1,2
1,27,23,OK,0.4501,0.4375,0.7910,319.00,181.00,0.4286,21,48,48,8,11,9,156,4,4,19,1,9
1,27,27,ALL-DEAD,0.2128,0.0000,0.0000,177.50,322.50,0.0000,0,48,48,3,11,3,48,2,4,19,1,9
1,27,33,ALL-DEAD,0.2402,0.0000,0.0000,136.00,364.00,0.0000,0,48,48,8,10,1,156,2,4,12,1,9
1,27,21,OVER-BUDGET,0.0000,0.7292,0.8607,500.35,0.00,0.7143,35,48,48,8,11,9,108,1,4,9,1,9
1,27,30,OVER-BUDGET,0.0000,0.8723,0.9414,501.45,0.00,0.8367,41,47,47,10,11,9,156,3,1,7,2,9
1,27,29,OK,0.4445,0.7083,0.8712,274.00,226.00,0.3469,17,24,24,8,6,9,156,1,7,17,1,9
1,27,37,OVER-BUDGET,0.0000,0.9667,0.9293,500.50,0.00,0.5918,29,30,30,5,11,9,156,1,4,8,2,9
1,27,35,OVER-BUDGET,0.0000,0.3571,0.9913,500.30,0.00,0.3061,15,42,42,8,11,0,156,3,4,19,3,7
1,27,31,OVER-BUDGET,0.0000,0.7500,0.8878,500.75,0.00,0.7347,36,48,48,10,13,9,60,3,4,19,3,9
1,27,38,ALL-DEAD,0.1061,0.0000,0.0000,339.30,160.70,0.0000,0,20,20,1,23,0,156,2,4,19,1,9
1,27,42,ALL-DEAD,0.2286,0.0000,0.0000,153.60,346.40,0.0000,0,42,42,7,26,1,36,3,9,19,1,6
1,27,34,OK,0.4671,0.4167,0.9023,296.50,203.50,0.4082,20,48,48,8,11,9,156,1,5,19,1,6
1,27,40,ALL-DEAD,0.1905,0.0000,0.0000,211.40,288.60,0.0000,0,26,26,8,11,6,132,1,4,19,1,9
1,27,36,OVER-BUDGET,0.0000,0.9048,0.9443,500.55,0.00,0.7755,38,42,42,8,11,9,156,3,4,7,1,9
1,27,39,ALL-DEAD,0.1457,0.0000,0.0000,279.25,220.75,0.0000,0,48,48,11,23,0,156,1,4,19,1,9
1,27,46,ALL-DEAD,0.2160,0.0000,0.0000,172.70,327.30,0.0000,0,48,48,8,11,5,156,3,4,16,1,9
1,27,41,OK,0.3520,1.0000,0.9910,334.00,166.00,0.2245,11,11,11,8,11,9,72,3,4,19,1,9
1,27,49,ALL-DEAD,0.2582,0.0000,0.0000,108.80,391.20,0.0000,0,48,48,8,6,1,156,1,7,14,1,2
1,27,43,OVER-BUDGET,0.0000,0.6458,0.8854,501.20,0.00,0.6327,31,48,48,9,11,9,156,1,3,19,4,9
1,27,45,OK,0.5354,0.6316,0.9324,266.50,233.50,0.4898,24,38,38,8,6,9,156,3,8,19,1,9
1,27,47,OVER-BUDGET,0.0000,0.8125,0.8994,502.20,0.00,0.7959,39,48,48,8,26,9,132,2,7,19,4,4
1,27,32,OVER-BUDGET,0.0000,0.7073,0.9361,500.30,0.00,0.5918,29,41,41,3,21,9,156,1,4,17,1,9
1,27,44,OVER-BUDGET,0.0000,0.2292,0.6678,500.75,0.00,0.2245,11,48,48,4,15,9,156,1,4,10,1,3
1,27,48,OVER-BUDGET,0.0000,0.2917,0.5638,500.00,0.00,0.2857,14,48,48,2,11,9,156,3,4,19,1,9
1,28,2,ALL-DEAD,0.1550,0.0000,0.0000,265.20,234.80,0.0000,0,48,48,8,11,9,156,3,4,19,1,9
1,28,5,OK,0.2416,0.1136,0.6066,329.20,170.80,0.1020,5,44,44,10,11,9,72,4,3,19,1,9
1,28,4,OK,0.3850,0.3636,0.6336,304.00,196.00,0.3265,16,44,44,8,11,9,156,2,4,19,1,9
1,28,7,OK,0.5425,0.6667,0.9296,323.20,176.80,0.5714,28,42,42,10,11,9,60,3,4,19,1,6
1,28,3,OK,0.6164,0.7727,0.9689,320.50,179.50,0.6939,34,44,44,8,11,9,108,3,2,19,1,9
1,28,1,OK,0.5409,0.5833,0.8514,311.50,188.50,0.5714,28,48,48,8,11,9,156,3,4,19,1,9
1,28,0,OK,0.6172,0.7955,0.9732,337.00,163.00,0.7143,35,44,44,6,11,9,72,1,3,19,1,9
1,28,6,OK,0.5016,0.7045,0.9473,439.50,60.50,0.6327,31,44,44,6,11,9,144,1,6,12,1,0
1,28,8,OK,0.6278,0.7857,0.9168,276.70,223.30,0.6735,33,42,42,10,11,9,144,1,4,19,1,9
1,28,9,OK,0.5628,0.7105,0.8802,266.50,233.50,0.5510,27,38,38,8,6,9,156,3,8,19,1,9
1,28,13,OVER-BUDGET,0.0000,0.8636,0.9536,500.30,0.00,0.7755,38,44,44,6,11,9,72,1,3,19,4,9
1,28,16,ALL-DEAD,0.2539,0.0000,0.0000,115.35,384.65,0.0000,0,44,44,6,11,7,72,1,3,19,1,9
1,28,15,OVER-BUDGET,0.0000,0.9545,0.8439,501.15,0.00,0.4286,21,22,22,1,11,9,156,4,5,20,4,9
1,28,18,OVER-BUDGET,0.0000,0.9524,0.9338,500.35,0.00,0.8163,40,42,42,6,11,9,72,3,3,9,4,8
1,28,10,OVER-BUDGET,0.0000,0.8065,0.8753,501.25,0.00,0.5102,25,31,31,8,30,9,156,1,7,8,1,9
1,28,12,OK,0.4722,0.5227,0.9354,345.75,154.25,0.4694,23,44,44,6,11,9,96,3,4,20,1,8
1,28,22,ALL-DEAD,0.2201,0.0000,0.0000,166.55,333.45,0.0000,0,47,47,8,11,2,156,3,4,19,1,9
1,28,23,ALL-DEAD,0.0507,0.0000,0.0000,423.25,76.75,0.0000,0,14,14,4,15,4,156,1,4,19,4,9
1,28,14,OVER-BUDGET,0.0000,0.4792,0.7114,501.75,0.00,0.4694,23,48,48,3,11,9,156,4,3,12,1,9
1,28,11,OK,0.2840,0.3409,0.7270,457.00,43.00,0.3061,15,44,44,6,21,9,72,1,3,19,1,0
1,28,25,ALL-DEAD,0.1978,0.0000,0.0000,200.30,299.70,0.0000,0,44,44,6,11,6,72,2,3,19,1,8
1,28,21,OVER-BUDGET,0.0000,0.2500,0.4167,501.55,0.00,0.2245,11,44,44,6,11,9,60,1,3,19,3,9
1,28,19,OK,0.6733,0.8125,0.8986,306.50,193.50,0.7959,39,48,48,8,11,9,156,1,4,18,1,9
1,28,26,ALL-DEAD,0.1337,0.0000,0.0000,297.35,202.65,0.0000,0,44,44,8,11,2,156,3,3,19,1,9
1,28,17,OK,0.5078,0.8462,0.9622,466.75,33.25,0.6735,33,39,39,6,21,9,132,3,3,19,1,9
1,28,20,OVER-BUDGET,0.0000,0.8511,0.9704,500.20,0.00,0.8163,40,47,47,4,11,9,156,4,4,11,1,9
1,28,24,OK,0.6148,0.7955,0.9362,334.00,166.00,0.7143,35,44,44,8,11,9,144,3,4,17,1,9
1,28,30,OK,0.3131,0.1458,0.6705,266.50,233.50,0.1429,7,48,48,8,6,8,156,3,7,19,1,9
1,28,31,OVER-BUDGET,0.0000,0.8800,0.9175,501.40,0.00,0.4490,22,25,25,11,11,9,108,1,2,19,4,9
1,28,28,OVER-BUDGET,0.0000,0.4583,0.7589,500.30,0.00,0.4490,22,48,48,8,11,9,156,3,8,19,3,7
1,28,35,ALL-DEAD,0.1648,0.0000,0.0000,250.25,249.75,0.0000,0,48,48,8,11,3,156,3,3,19,1,0
1,28,27,OK,0.5148,0.5909,0.9619,337.00,163.00,0.5306,26,44,44,6,11,9,72,1,3,19,1,8
1,28,37,OVER-BUDGET,0.0000,0.5000,0.6329,503.20,0.00,0.4898,24,48,48,7,18,7,108,4,4,3,1,7
1,28,39,ALL-DEAD,0.2296,0.0000,0.0000,152.10,347.90,0.0000,0,44,44,8,24,8,156,3,4,19,1,9
1,28,29,OVER-BUDGET,0.0000,0.6818,0.8168,503.45,0.00,0.6122,30,44,44,6,11,9,72,1,8,19,2,9
1,28,32,OK,0.1566,0.0417,0.6862,421.50,78.50,0.0408,2,48,48,8,11,9,156,3,4,12,1,9
1,28,40,ALL-DEAD,0.1113,0.0000,0.0000,331.30,168.70,0.0000,0,48,48,8,22,7,156,2,5,6,1,9
1,28,38,OK,0.4312,0.3409,0.9642,277.05,222.95,0.3061,15,44,44,11,11,3,156,2,4,19,1,9
1,28,36,OK,0.5194,0.5909,0.9570,329.20,170.80,0.5306,26,44,44,10,11,9,72,4,3,19,1,0
1,28,34,OK,0.6053,0.7500,0.9123,361.00,139.00,0.7347,36,48,48,4,8,9,120,3,5,19,1,9
1,28,42,OK,0.5052,0.5000,0.9466,280.75,219.25,0.4490,22,44,44,6,7,0,168,1,3,19,1,9
1,28,47,ALL-DEAD,0.2127,0.0000,0.0000,177.75,322.25,0.0000,0,38,38,6,23,8,144,1,6,11,1,0
1,28,46,OVER-BUDGET,0.0000,0.9500,0.9464,501.45,0.00,0.3878,19,20,20,8,11,9,72,1,3,4,1,7
1,28,49,OVER-BUDGET,0.0000,1.0000,0.9055,502.00,0.00,0.9796,48,48,48,8,25,9,156,3,4,2,4,9
1,28,33,OK,0.1434,0.0682,0.8757,493.00,7.00,0.0612,3,44,44,6,24,9,72,1,3,19,1,1
1,28,43,OK,0.5277,0.6364,0.9647,352.05,147.95,0.5714,28,44,44,11,11,9,156,3,4,14,1,3
1,28,45,OK,0.5637,0.6364,0.9591,296.50,203.50,0.5714,28,44,44,8,11,9,156,1,4,19,1,9
1,28,48,OK,0.1173,0.0208,0.0808,354.00,146.00,0.0204,1,48,48,8,11,3,72,1,5,15,1,1
1,28,41,OVER-BUDGET,0.0000,0.7083,0.9628,501.80,0.00,0.6939,34,48,48,6,11,9,24,1,7,19,2,4
1,28,44,OVER-BUDGET,0.0000,0.7436,0.9686,501.25,0.00,0.5918,29,39,39,6,30,9,72,3,3,19,1,9
1,29,7,OK,0.5592,0.6842,0.9438,266.50,233.50,0.5306,26,38,38,8,6,9,156,3,8,19,1,9
1,29,6,ALL-DEAD,0.1370,0.0000,0.0000,292.35,207.65,0.0000,0,44,44,8,11,9,156,1,4,19,1,9
1,29,3,OK,0.5438,0.6591,0.8317,320.50,179.50,0.5918,29,44,44,8,11,9,108,3,2,19,1,9
1,29,1,OK,0.5849,0.6905,0.9337,276.70,223.30,0.5918,29,42,42,10,11,9,144,1,4,19,1,9
1,29,0,OK,0.3921,0.3333,0.7066,306.50,193.50,0.3265,16,48,48,8,11,9,156,1,4,18,1,9
1,29,5,OK,0.2403,0.1042,0.7699,361.00,139.00,0.1020,5,48,48,4,8,9,120,3,5,19,1,9
1,29,4,OK,0.5870,0.7500,0.8921,334.00,166.00,0.6735,33,44,44,8,11,9,144,3,4,17,1,9
1,29,2,OK,0.5402,0.6591,0.8924,337.00,163.00,0.5918,29,44,44,6,11,9,72,1,3,19,1,9
1,29,13,OVER-BUDGET,0.0000,0.8571,0.8710,501.80,0.00,0.7347,36,42,42,10,11,9,108,1,2,11,4,9
1,29,12,OVER-BUDGET,0.0000,0.9583,0.9495,500.65,0.00,0.9388,46,48,48,8,26,9,108,1,5,3,1,4
1,29,8,OK,0.4382,0.4524,0.9019,323.20,176.80,0.3878,19,42,42,10,11,9,60,3,4,19,1,6
1,29,16,OVER-BUDGET,0.0000,0.3333,0.7483,501.90,0.00,0.2653,13,39,39,6,6,4,156,3,8,3,1,9
1,29,9,OK,0.4694,0.4792,0.7239,311.50,188.50,0.4694,23,48,48,8,11,9,156,3,4,19,1,9
1,29,17,OK,0.2546,0.0625,0.7997,276.70,223.30,0.0204,1,16,16,10,11,0,144,1,4,19,1,9
1,29,11,ALL-DEAD,0.0711,0.0000,0.0000,392.20,107.80,0.0000,0,48,48,6,11,9,156,2,9,14,1,9
1,29,14,OVER-BUDGET,0.0000,0.4524,0.8205,500.25,0.00,0.3878,19,42,42,5,11,9,36,1,4,8,1,2
1,29,10,OVER-BUDGET,0.0000,0.0833,0.7301,500.45,0.00,0.0816,4,48,48,5,11,9,72,1,3,18,2,9
1,29,18,OVER-BUDGET,0.0000,0.6042,0.8620,501.35,0.00,0.5918,29,48,48,11,11,9,144,2,4,19,4,8
1,29,20,OVER-BUDGET,0.0000,0.1875,0.7575,500.30,0.00,0.1837,9,48,48,8,8,0,156,1,7,18,4,0
1,29,22,OVER-BUDGET,0.0000,0.0833,0.3511,500.50,0.00,0.0204,1,12,12,10,5,2,156,3,4,19,4,9
1,29,15,OK,0.5608,0.8857,0.9845,356.50,143.50,0.6327,31,35,35,8,16,9,144,3,9,19,1,9
1,29,25,ALL-DEAD,0.1664,0.0000,0.0000,247.85,252.15,0.0000,0,48,48,11,11,7,96,1,6,18,2,7
1,29,24,OK,0.4494,0.3750,0.9456,297.20,202.80,0.3673,18,48,48,10,11,0,60,1,4,18,1,9
1,29,28,ALL-DEAD,0.1898,0.0000,0.0000,212.35,287.65,0.0000,0,44,44,6,11,8,72,3,3,19,1,9
1,29,23,OVER-BUDGET,0.0000,0.6667,0.9449,501.70,0.00,0.5714,28,42,42,8,11,9,144,4,4,6,1,2
1,29,21,OK,0.5298,0.6136,0.9667,332.20,167.80,0.5510,27,44,44,5,8,9,120,3,3,19,1,0
1,29,27,OVER-BUDGET,0.0000,0.4773,0.7438,500.35,0.00,0.4286,21,44,44,8,7,9,156,1,4,19,3,9
1,29,26,OK,0.5569,0.5833,0.9572,306.50,193.50,0.5714,28,48,48,8,11,9,156,1,4,18,1,7
1,29,19,OVER-BUDGET,0.0000,0.7500,0.9790,502.80,0.00,0.6735,33,44,44,3,14,9,72,4,3,19,1,6
1,29,33,OK,0.4955,0.5000,0.9468,278.50,221.50,0.4286,21,42,42,12,11,9,144,3,5,19,1,2
1,29,32,OVER-BUDGET,0.0000,0.7083,0.8692,500.10,0.00,0.6939,34,48,48,8,11,9,156,1,4,6,1,5
1,29,29,OK,0.5014,0.7143,0.8609,407.00,93.00,0.6122,30,42,42,8,18,9,24,1,4,18,1,9
1,29,35,ALL-DEAD,0.0332,0.0000,0.0000,449.75,50.25,0.0000,0,48,48,8,11,4,156,1,4,18,2,8
1,29,31,ALL-DEAD,0.0606,0.0000,0.0000,408.25,91.75,0.0000,0,42,42,4,11,9,72,4,4,19,1,6
1,29,38,ALL-DEAD,0.2495,0.0000,0.0000,121.95,378.05,0.0000,0,44,44,8,11,3,132,1,3,19,1,9
1,29,34,OK,0.4941,0.6667,0.8753,386.70,113.30,0.5714,28,42,42,10,11,9,156,1,4,12,1,9
1,29,30,OVER-BUDGET,0.0000,0.3182,0.4268,500.35,0.00,0.2857,14,44,44,1,11,9,72,1,4,19,1,9
1,29,41,ALL-DEAD,0.2439,0.0000,0.0000,130.45,369.55,0.0000,0,48,48,6,11,3,120,1,3,19,1,9
1,29,45,ALL-DEAD,0.1796,0.0000,0.0000,227.95,272.05,0.0000,0,48,48,8,11,2,24,1,4,18,1,6
1,29,39,OVER-BUDGET,0.0000,0.3095,0.3531,500.00,0.00,0.2653,13,42,42,6,21,8,72,2,5,19,3,2
1,29,44,OVER-BUDGET,0.0000,0.8276,0.8983,500.10,0.00,0.4898,24,29,29,8,8,9,168,4,5,18,3,9
1,29,46,ALL-DEAD,0.0932,0.0000,0.0000,358.80,141.20,0.0000,0,44,44,10,26,4,72,1,3,10,2,9
1,29,36,OK,0.5002,0.8824,0.9460,424.40,75.60,0.6122,30,34,34,10,27,9,156,4,4,18,1,9
1,29,40,OVER-BUDGET,0.0000,0.5625,0.7255,500.40,0.00,0.5510,27,48,48,1,16,9,156,1,4,18,1,9
1,29,42,OVER-BUDGET,0.0000,0.7955,0.8791,500.90,0.00,0.7143,35,44,44,7,11,9,144,1,4,17,2,9
1,29,43,OVER-BUDGET,0.0000,0.7292,0.9499,500.30,0.00,0.7143,35,48,48,8,11,9,156,2,4,18,2,9
1,29,48,OK,0.5270,0.5476,0.9396,263.50,236.50,0.4694,23,42,42,12,11,9,144,1,4,19,1,1
1,29,47,OK,0.4244,0.5417,0.9096,464.60,35.40,0.5306,26,48,48,10,8,9,120,3,5,19,2,9
1,29,37,OVER-BUDGET,0.0000,0.8333,0.9340,500.75,0.00,0.8163,40,48,48,3,20,9,120,1,4,19,1,9
1,29,49,OK,0.3691,0.2917,0.6881,304.00,196.00,0.2857,14,48,48,8,11,5,72,1,4,19,1,9
1,30,3,OK,0.5629,0.7105,0.8811,266.50,233.50,0.5510,27,38,38,8,6,9,156,3,8,19,1,9
1,30,1,OK,0.5843,0.6905,0.9281,276.70,223.30,0.5918,29,42,42,10,11,9,144,1,4,19,1,9
1,30,4,OK,0.2926,0.1250,0.8127,306.50,193.50,0.1224,6,48,48,8,11,9,156,1,4,18,1,7
1,30,0,OK,0.5487,0.6591,0.9471,334.00,166.00,0.5918,29,44,44,8,11,9,144,3,4,17,1,9
1,30,5,OK,0.6033,0.7500,0.9535,320.50,179.50,0.6735,33,44,44,8,11,9,108,3,2,19,1,9
1,30,7,OK,0.5500,0.6591,0.9482,332.20,167.80,0.5918,29,44,44,5,8,9,120,3,3,19,1,0
1,30,2,OK,0.5460,0.8571,0.9542,356.50,143.50,0.6122,30,35,35,8,16,9,144,3,9,19,1,9
1,30,6,OK,0.5431,0.6591,0.9172,337.00,163.00,0.5918,29,44,44,6,11,9,72,1,3,19,1,9
1,30,13,ALL-DEAD,0.2292,0.0000,0.0000,152.75,347.25,0.0000,0,17,17,3,11,7,144,1,9,19,2,0
1,30,8,OK,0.5059,0.5000,0.9509,263.50,236.50,0.4286,21,42,42,12,11,9,144,1,4,19,1,1
1,30,14,OVER-BUDGET,0.0000,0.5263,0.9257,501.05,0.00,0.4082,20,38,38,8,6,9,144,3,4,17,3,9
1,30,12,OVER-BUDGET,0.0000,0.7105,0.9354,501.40,0.00,0.5510,27,38,38,8,6,9,120,3,4,19,3,9
1,30,11,OK,0.5813,0.7143,0.8571,285.25,214.75,0.6122,30,42,42,12,11,9,168,1,4,17,1,9
1,30,15,OVER-BUDGET,0.0000,0.6429,0.8129,500.25,0.00,0.5510,27,42,42,10,11,9,144,1,0,7,1,9
1,30,9,OK,0.1913,0.0952,0.7085,407.00,93.00,0.0816,4,42,42,8,18,9,24,1,4,18,1,9
1,30,17,OVER-BUDGET,0.0000,0.5682,0.7726,502.05,0.00,0.5102,25,44,44,7,16,3,144,3,4,19,3,9
1,30,22,ALL-DEAD,0.2645,0.0000,0.0000,99.25,400.75,0.0000,0,35,35,12,20,1,144,3,9,19,1,8
1,30,16,OK,0.3977,0.4318,0.7972,365.50,134.50,0.3878,19,44,44,8,11,9,60,3,0,17,1,6
1,30,10,OK,0.6091,0.8542,0.9325,444.00,56.00,0.8367,41,48,48,8,16,9,156,3,2,13,1,9
1,30,21,OK,0.4472,0.7778,0.9401,350.50,149.50,0.4286,21,27,27,8,16,9,132,2,9,19,1,9
1,30,25,OVER-BUDGET,0.0000,0.9167,0.9587,500.35,0.00,0.8980,44,48,48,8,27,9,24,1,7,19,4,9
1,30,19,OK,0.4582,0.5952,0.9547,404.50,95.50,0.5102,25,42,42,6,16,9,144,3,9,19,1,5
1,30,20,OK,0.5418,0.7273,0.9564,397.20,102.80,0.6531,32,44,44,7,14,9,84,3,3,17,1,9
1,30,26,OK,0.6335,0.8571,0.9165,319.00,181.00,0.7347,36,42,42,8,11,9,144,1,9,17,1,9
1,30,18,OK,0.4904,0.6818,0.9742,444.25,55.75,0.6122,30,44,44,8,26,9,168,3,2,19,1,9
1,30,27,ALL-DEAD,0.1528,0.0000,0.0000,268.45,231.55,0.0000,0,44,44,2,11,8,144,3,8,17,1,9
1,30,23,OK,0.1426,0.0286,0.9989,482.50,17.50,0.0204,1,35,35,8,30,9,144,3,4,19,1,9
1,30,34,OVER-BUDGET,0.0000,0.9773,0.7749,501.50,0.00,0.8776,43,44,44,7,5,9,144,3,9,1,3,9
1,30,24,OK,0.4758,0.8571,0.9637,464.50,35.50,0.6122,30,35,35,8,28,9,144,3,8,19,1,9
1,30,29,OK,0.4792,0.5610,0.8221,314.55,185.45,0.4694,23,41,41,11,11,9,144,4,2,17,1,9
1,30,35,OVER-BUDGET,0.0000,0.9048,0.5496,502.00,0.00,0.7755,38,42,42,10,11,2,36,3,4,1,3,9
1,30,31,OVER-BUDGET,0.0000,0.5714,0.6991,500.75,0.00,0.4082,20,35,35,1,24,9,144,3,4,19,1,9
1,30,33,OK,0.4453,0.5143,0.9966,312.70,187.30,0.3673,18,35,35,10,16,4,156,1,1,19,1,9
1,30,30,OK,0.5838,0.7381,0.9348,312.70,187.30,0.6327,31,42,42,10,16,9,144,1,5,19,1,9
1,30,28,OK,0.5049,0.8286,0.9799,406.30,93.70,0.5918,29,35,35,10,29,9,144,1,5,19,1,9
1,30,37,OVER-BUDGET,0.0000,0.9048,0.9200,502.40,0.00,0.7755,38,42,42,4,21,9,144,1,4,5,1,9
1,30,32,OK,0.4989,0.7381,0.6857,396.00,104.00,0.6327,31,42,42,9,22,9,144,4,4,19,1,9
1,30,38,OK,0.5889,0.7250,0.9232,268.75,231.25,0.5918,29,40,40,10,10,9,168,1,4,19,1,6
1,30,36,OK,0.5914,0.8684,0.9288,334.00,166.00,0.6735,33,38,38,8,11,9,156,3,4,17,1,9
1,30,39,OK,0.5482,0.8485,0.9125,311.50,188.50,0.5714,28,33,33,8,11,9,144,3,4,19,1,9
1,30,46,ALL-DEAD,0.2003,0.0000,0.0000,196.50,303.50,0.0000,0,11,11,8,30,4,144,3,4,17,1,9
1,30,41,OK,0.5172,0.5952,0.7432,276.70,223.30,0.5102,25,42,42,10,11,9,144,1,4,19,1,9
1,30,40,OK,0.5359,0.7955,0.9583,457.50,42.50,0.7143,35,44,44,8,15,9,144,3,9,12,1,9
1,30,42,OVER-BUDGET,0.0000,0.6579,0.8783,502.40,0.00,0.5102,25,38,38,8,11,9,48,2,4,17,2,7
1,30,45,OVER-BUDGET,0.0000,0.1333,0.5243,501.10,0.00,0.0816,4,30,30,8,16,0,72,3,9,19,2,9
1,30,47,OVER-BUDGET,0.0000,0.9091,0.9013,500.30,0.00,0.8163,40,44,44,8,11,9,84,3,2,17,4,9
1,30,44,OK,0.4656,0.4762,0.9728,311.50,188.50,0.4082,20,42,42,8,11,9,144,3,2,19,1,1
1,30,48,OVER-BUDGET,0.0000,0.5476,0.9005,501.85,0.00,0.4694,23,42,42,10,11,9,144,3,0,19,3,6
1,30,43,OK,0.2849,0.2955,0.7785,431.00,69.00,0.2653,13,44,44,9,22,9,144,4,4,16,1,7
1,30,49,OK,0.4549,0.5455,0.7982,364.00,136.00,0.4898,24,44,44,8,16,9,144,1,4,17,1,9
2,1,1,OVER-BUDGET,0.0000,1.0000,0.8676,501.90,0.00,0.4286,21,21,21,9,9,1,84,2,6,4,4,3
2,1,3,OVER-BUDGET,0.0000,1.0000,0.8221,500.20,0.00,0.2857,14,14,14,7,12,3,24,4,1,1,2,1
2,1,2,OVER-BUDGET,0.0000,0.9091,0.3976,501.00,0.00,0.4082,20,22,22,9,25,2,72,1,5,1,2,8
2,1,8,OVER-BUDGET,0.0000,0.6111,0.8486,500.75,0.00,0.2245,11,18,18,9,5,0,72,2,0,3,2,0
2,1,7,OVER-BUDGET,0.0000,0.0952,0.1866,500.70,0.00,0.0408,2,21,21,9,27,4,36,3,3,10,3,9
2,1,4,OVER-BUDGET,0.0000,0.1333,0.3189,500.30,0.00,0.0816,4,30,30,3,21,5,60,2,3,8,3,6
2,1,5,ALL-DEAD,0.0125,0.0000,0.0000,481.00,19.00,0.0000,0,31,31,8,5,3,168,1,6,19,4,2
2,1,10,OVER-BUDGET,0.0000,0.3214,0.2267,500.10,0.00,0.1837,9,28,28,3,22,0,60,2,6,3,1,0
2,1,11,OVER-BUDGET,0.0000,0.6429,0.7383,500.05,0.00,0.1837,9,14,14,11,8,0,84,3,6,15,4,3
2,1,6,OVER-BUDGET,0.0000,0.5526,0.6814,500.10,0.00,0.4286,21,38,38,11,28,1,120,2,6,11,4,2
2,1,14,ALL-DEAD,0.2265,0.0000,0.0000,156.75,343.25,0.0000,0,24,24,3,5,1,72,2,0,20,2,3
2,1,15,ALL-DEAD,0.1088,0.0000,0.0000,335.10,164.90,0.0000,0,11,11,12,11,1,36,3,7,8,3,6
2,1,9,ALL-DEAD,0.0534,0.0000,0.0000,419.10,80.90,0.0000,0,23,23,10,27,0,36,1,2,15,2,0
2,1,18,ALL-DEAD,0.2064,0.0000,0.0000,187.20,312.80,0.0000,0,24,24,11,17,1,144,3,1,14,3,9
2,1,13,ALL-DEAD,0.0490,0.0000,0.0000,425.75,74.25,0.0000,0,28,28,11,25,5,72,2,2,8,2,0
2,1,16,ALL-DEAD,0.0451,0.0000,0.0000,431.70,68.30,0.0000,0,24,24,1,24,2,120,2,3,16,2,2
2,1,22,ALL-DEAD,0.0643,0.0000,0.0000,402.60,97.40,0.0000,0,38,38,7,18,2,96,3,8,12,3,2
2,1,20,ALL-DEAD,0.1312,0.0000,0.0000,301.25,198.75,0.0000,0,27,27,6,11,5,60,3,6,13,1,5
2,1,17,ALL-DEAD,0.1047,0.0000,0.0000,341.35,158.65,0.0000,0,37,37,2,27,6,48,3,4,14,2,7
2,1,25,OVER-BUDGET,0.0000,0.8696,0.8114,500.40,0.00,0.4082,20,23,23,11,7,2,108,2,9,4,3,6
2,1,26,ALL-DEAD,0.1462,0.0000,0.0000,278.50,221.50,0.0000,0,22,22,11,11,4,84,4,3,13,4,0
2,1,21,OVER-BUDGET,0.0000,0.5854,0.3661,500.05,0.00,0.4898,24,41,41,3,14,0,156,3,5,11,4,2
2,1,0,OVER-BUDGET,0.0000,0.9000,0.8829,501.75,0.00,0.1837,9,10,10,3,23,9,120,2,9,8,1,9
2,1,27,OVER-BUDGET,0.0000,0.9697,0.8877,501.20,0.00,0.6531,32,33,33,6,24,7,36,2,4,2,4,8
2,1,28,OVER-BUDGET,0.0000,0.9375,0.7648,500.75,0.00,0.6122,30,32,32,2,5,7,72,2,2,2,4,3
2,1,12,OVER-BUDGET,0.0000,0.8636,0.9290,500.60,0.00,0.7755,38,44,44,8,13,9,108,1,2,6,1,5
2,1,30,ALL-DEAD,0.2113,0.0000,0.0000,179.90,320.10,0.0000,0,16,16,10,24,3,60,1,0,10,1,5
2,1,31,OVER-BUDGET,0.0000,0.9111,0.5341,501.00,0.00,0.8367,41,45,45,1,10,3,144,4,2,2,4,4
2,1,23,OVER-BUDGET,0.0000,0.5000,0.9189,500.80,0.00,0.4694,23,46,46,6,16,0,156,3,7,7,2,5
2,1,34,OVER-BUDGET,0.0000,0.8780,0.4884,500.80,0.00,0.7347,36,41,41,7,12,7,108,1,1,2,3,9
2,1,37,ALL-DEAD,0.1952,0.0000,0.0000,204.25,295.75,0.0000,0,19,19,6,19,2,24,3,9,18,3,5
2,1,24,OVER-BUDGET,0.0000,1.0000,0.9751,501.40,0.00,0.3673,18,18,18,5,8,9,120,4,2,17,3,1
2,1,33,OVER-BUDGET,0.0000,0.5854,0.8985,500.95,0.00,0.4898,24,41,41,7,17,8,156,3,8,4,2,9
2,1,29,ALL-DEAD,0.1650,0.0000,0.0000,250.00,250.00,0.0000,0,39,39,1,10,1,84,3,4,17,2,1
2,1,35,ALL-DEAD,0.1657,0.0000,0.0000,249.00,251.00,0.0000,0,28,28,3,25,5,36,4,8,20,3,5
2,1,39,OVER-BUDGET,0.0000,0.7500,0.5747,500.05,0.00,0.3673,18,24,24,9,21,7,36,4,1,4,4,2
2,1,36,OVER-BUDGET,0.0000,1.0000,0.8953,500.10,0.00,0.7959,39,39,39,6,9,9,48,4,0,8,3,5
2,1,40,ALL-DEAD,0.1365,0.0000,0.0000,293.20,206.80,0.0000,0,15,15,3,12,7,132,2,8,5,1,3
2,1,43,ALL-DEAD,0.1092,0.0000,0.0000,334.50,165.50,0.0000,0,36,36,6,15,4,108,3,4,14,3,9
2,1,45,OVER-BUDGET,0.0000,1.0000,0.8790,500.75,0.00,0.2041,10,10,10,12,5,1,84,2,1,8,4,0
2,1,42,ALL-DEAD,0.0659,0.0000,0.0000,400.20,99.80,0.0000,0,31,31,9,6,4,48,4,1,17,2,8
2,1,41,OVER-BUDGET,0.0000,0.4722,0.9350,501.30,0.00,0.3469,17,36,36,9,8,0,36,4,9,17,3,0
2,1,44,ALL-DEAD,0.1383,0.0000,0.0000,290.45,209.55,0.0000,0,24,24,2,29,4,48,3,0,20,2,6
2,1,32,OVER-BUDGET,0.0000,0.4792,0.6613,501.00,0.00,0.4694,23,48,48,10,20,8,72,2,6,17,3,1
2,1,47,OVER-BUDGET,0.0000,1.0000,0.8917,502.50,0.00,0.2857,14,14,14,7,10,0,84,2,8,7,4,5
2,1,38,OVER-BUDGET,0.0000,0.1667,0.1473,501.70,0.00,0.0816,4,24,24,7,24,8,96,4,4,12,3,7
2,1,46,ALL-DEAD,0.0883,0.0000,0.0000,366.20,133.80,0.0000,0,19,19,10,26,6,168,4,8,16,3,3
2,1,19,OK,0.1217,0.0345,0.8213,482.00,18.00,0.0204,1,29,29,8,28,9,144,4,6,18,1,4
2,1,48,ALL-DEAD,0.0719,0.0000,0.0000,391.00,109.00,0.0000,0,39,39,4,20,4,108,2,3,14,3,9
2,1,49,OVER-BUDGET,0.0000,0.1351,0.2631,501.00,0.00,0.1020,5,37,37,5,20,7,36,4,4,14,2,9
2,2,3,ALL-DEAD,0.0937,0.0000,0.0000,358.10,141.90,0.0000,0,19,19,6,19,2,24,3,9,18,3,5
2,2,1,ALL-DEAD,0.1810,0.0000,0.0000,225.80,274.20,0.0000,0,16,16,10,24,3,60,1,0,10,1,5
2,2,7,ALL-DEAD,0.1467,0.0000,0.0000,277.80,222.20,0.0000,0,24,24,2,29,4,48,3,0,20,2,6
2,2,2,ALL-DEAD,0.0469,0.0000,0.0000,428.95,71.05,0.0000,0,24,24,11,17,1,144,3,1,14,3,9
2,2,6,OVER-BUDGET,0.0000,0.4545,0.5437,500.15,0.00,0.2041,10,22,22,11,11,4,84,4,3,13,4,0
2,2,4,ALL-DEAD,0.1361,0.0000,0.0000,293.75,206.25,0.0000,0,28,28,3,25,5,36,4,8,20,3,5
2,2,0,ALL-DEAD,0.1299,0.0000,0.0000,303.25,196.75,0.0000,0,24,24,3,5,1,72,2,0,20,2,3
2,2,5,ALL-DEAD,0.1404,0.0000,0.0000,287.25,212.75,0.0000,0,39,39,1,10,1,84,3,4,17,2,1
2,2,12,ALL-DEAD,0.1866,0.0000,0.0000,217.20,282.80,0.0000,0,16,16,3,27,1,144,2,0,16,2,3
2,2,10,ALL-DEAD,0.1859,0.0000,0.0000,218.40,281.60,0.0000,0,16,16,10,24,3,60,1,0,10,1,5
2,2,11,ALL-DEAD,0.1737,0.0000,0.0000,236.85,263.15,0.0000,0,19,19,6,19,2,96,4,1,18,2,8
2,2,9,ALL-DEAD,0.1967,0.0000,0.0000,201.95,298.05,0.0000,0,27,27,6,11,5,60,3,6,13,1,5
2,2,13,ALL-DEAD,0.1360,0.0000,0.0000,294.00,206.00,0.0000,0,24,24,3,25,1,36,4,1,20,4,3
2,2,15,ALL-DEAD,0.2120,0.0000,0.0000,178.80,321.20,0.0000,0,24,24,11,17,1,72,4,0,11,2,9
2,2,8,ALL-DEAD,0.0315,0.0000,0.0000,452.20,47.80,0.0000,0,15,15,3,12,7,132,2,8,5,1,3
2,2,19,ALL-DEAD,0.2553,0.0000,0.0000,113.25,386.75,0.0000,0,16,16,10,24,3,120,1,0,10,1,5
2,2,18,ALL-DEAD,0.1902,0.0000,0.0000,211.85,288.15,0.0000,0,24,24,11,11,1,144,3,1,14,3,9
2,2,24,ALL-DEAD,0.2142,0.0000,0.0000,175.50,324.50,0.0000,0,16,16,10,24,1,144,3,0,10,1,9
2,2,14,ALL-DEAD,0.1934,0.0000,0.0000,206.90,293.10,0.0000,0,44,44,3,24,3,60,1,9,20,2,5
2,2,21,OVER-BUDGET,0.0000,0.0833,0.2968,500.80,0.00,0.0408,2,24,24,6,16,1,144,3,1,14,4,9
2,2,22,ALL-DEAD,0.1833,0.0000,0.0000,222.20,277.80,0.0000,0,40,40,3,23,5,120,1,0,19,2,5
2,2,20,OVER-BUDGET,0.0000,0.1250,0.5613,501.75,0.00,0.0612,3,24,24,12,25,5,36,4,8,20,4,9
2,2,17,ALL-DEAD,0.0536,0.0000,0.0000,418.75,81.25,0.0000,0,20,20,3,5,1,72,2,0,20,2,7
2,2,16,ALL-DEAD,0.0681,0.0000,0.0000,396.75,103.25,0.0000,0,24,24,3,5,6,60,4,0,10,1,3
2,2,26,ALL-DEAD,0.0749,0.0000,0.0000,386.55,113.45,0.0000,0,24,24,3,17,2,144,3,0,14,3,9
2,2,27,ALL-DEAD,0.0535,0.0000,0.0000,418.90,81.10,0.0000,0,16,16,12,24,3,60,2,0,3,1,5
2,2,33,ALL-DEAD,0.1845,0.0000,0.0000,220.50,279.50,0.0000,0,24,24,11,15,1,108,3,1,14,3,9
2,2,29,ALL-DEAD,0.1201,0.0000,0.0000,318.00,182.00,0.0000,0,20,20,3,15,4,132,3,8,20,3,7
2,2,23,OVER-BUDGET,0.0000,0.9412,0.9463,500.75,0.00,0.3265,16,17,17,3,5,9,84,2,0,6,1,3
2,2,28,ALL-DEAD,0.0642,0.0000,0.0000,402.75,97.25,0.0000,0,19,19,3,5,3,168,1,0,19,3,0
2,2,32,ALL-DEAD,0.1749,0.0000,0.0000,235.00,265.00,0.0000,0,28,28,3,25,3,36,4,0,17,1,5
2,2,25,ALL-DEAD,0.0995,0.0000,0.0000,349.30,150.70,0.0000,0,39,39,1,19,1,168,3,0,20,2,3
2,2,31,ALL-DEAD,0.1521,0.0000,0.0000,269.50,230.50,0.0000,0,24,24,3,5,1,72,2,0,20,2,3
2,2,35,ALL-DEAD,0.1990,0.0000,0.0000,198.50,301.50,0.0000,0,16,16,10,24,5,60,2,0,10,1,7
2,2,37,ALL-DEAD,0.1917,0.0000,0.0000,209.50,290.50,0.0000,0,24,24,3,5,1,72,2,0,20,2,9
2,2,34,ALL-DEAD,0.0810,0.0000,0.0000,377.25,122.75,0.0000,0,24,24,8,27,1,84,1,0,5,1,4
2,2,30,ALL-DEAD,0.1433,0.0000,0.0000,282.85,217.15,0.0000,0,48,48,2,19,5,24,3,1,18,3,5
2,2,40,ALL-DEAD,0.1618,0.0000,0.0000,254.85,245.15,0.0000,0,24,24,3,7,1,120,4,0,12,2,9
2,2,42,ALL-DEAD,0.2412,0.0000,0.0000,134.50,365.50,0.0000,0,24,24,3,5,1,72,2,0,20,2,5
2,2,43,ALL-DEAD,0.2177,0.0000,0.0000,170.15,329.85,0.0000,0,24,24,3,6,1,72,3,0,14,2,3
2,2,41,ALL-DEAD,0.1551,0.0000,0.0000,265.00,235.00,0.0000,0,24,24,3,23,0,48,2,0,16,2,3
2,2,48,ALL-DEAD,0.2595,0.0000,0.0000,106.75,393.25,0.0000,0,24,24,3,5,7,72,2,0,20,2,3
2,2,38,ALL-DEAD,0.0753,0.0000,0.0000,385.85,114.15,0.0000,0,32,32,3,17,1,36,3,0,20,3,9
2,2,49,ALL-DEAD,0.2415,0.0000,0.0000,134.05,365.95,0.0000,0,24,24,10,17,3,144,3,1,10,1,9
2,2,46,ALL-DEAD,0.1710,0.0000,0.0000,240.90,259.10,0.0000,0,32,32,10,24,1,60,4,0,10,1,2
2,2,36,ALL-DEAD,0.0195,0.0000,0.0000,470.40,29.60,0.0000,0,48,48,10,19,2,24,3,9,10,1,5
2,2,45,OK,0.2653,0.6250,0.8354,420.00,80.00,0.2041,10,16,16,12,5,0,72,2,2,20,2,3
2,2,39,ALL-DEAD,0.0432,0.0000,0.0000,434.50,65.50,0.0000,0,39,39,1,30,1,84,3,4,17,1,1
2,2,47,OVER-BUDGET,0.0000,0.8261,0.8173,502.40,0.00,0.3878,19,23,23,6,9,2,24,3,9,18,3,5
2,2,44,OVER-BUDGET,0.0000,0.8974,0.7272,500.90,0.00,0.7143,35,39,39,1,22,9,84,2,4,20,3,1
2,3,6,ALL-DEAD,0.2562,0.0000,0.0000,111.80,388.20,0.0000,0,16,16,10,24,1,144,3,0,10,1,9
2,3,4,ALL-DEAD,0.2459,0.0000,0.0000,127.50,372.50,0.0000,0,24,24,3,5,1,72,2,0,20,2,5
2,3,3,ALL-DEAD,0.2526,0.0000,0.0000,117.30,382.70,0.0000,0,24,24,10,17,3,144,3,1,10,1,9
2,3,8,ALL-DEAD,0.1941,0.0000,0.0000,205.90,294.10,0.0000,0,16,16,10,24,5,60,2,0,10,1,7
2,3,2,ALL-DEAD,0.1834,0.0000,0.0000,222.05,277.95,0.0000,0,16,16,10,24,3,120,1,0,10,1,5
2,3,5,ALL-DEAD,0.1357,0.0000,0.0000,294.35,205.65,0.0000,0,24,24,3,6,1,72,3,0,14,2,3
2,3,0,OK,0.0992,0.1250,0.1997,420.00,80.00,0.0408,2,16,16,12,5,0,72,2,2,20,2,3
2,3,7,ALL-DEAD,0.0244,0.0000,0.0000,463.05,36.95,0.0000,0,24,24,11,17,1,72,4,0,11,2,9
2,3,9,ALL-DEAD,0.1563,0.0000,0.0000,263.25,236.75,0.0000,0,27,27,6,11,5,60,3,6,13,1,5
2,3,1,ALL-DEAD,0.1011,0.0000,0.0000,346.75,153.25,0.0000,0,24,24,3,5,7,72,2,0,20,2,3
2,3,10,OVER-BUDGET,0.0000,0.0417,0.3365,501.25,0.00,0.0204,1,24,24,3,5,5,72,3,8,8,2,3
2,3,15,OVER-BUDGET,0.0000,0.9615,0.6813,501.25,0.00,0.5102,25,26,26,12,5,8,72,2,2,2,2,5
2,3,11,OK,0.2871,0.6875,0.9239,420.00,80.00,0.2245,11,16,16,12,5,0,72,2,2,20,2,3
2,3,13,ALL-DEAD,0.1228,0.0000,0.0000,313.95,186.05,0.0000,0,16,16,4,24,0,120,1,0,11,1,5
2,3,18,OVER-BUDGET,0.0000,0.1250,0.2447,500.75,0.00,0.0408,2,16,16,10,24,1,72,3,0,4,1,3
2,3,16,ALL-DEAD,0.0733,0.0000,0.0000,389.00,111.00,0.0000,0,24,24,3,22,1,84,2,0,16,2,3
2,3,14,OK,0.2047,0.5625,0.8637,500.00,0.00,0.1837,9,16,16,12,5,0,72,3,2,17,2,3
2,3,22,ALL-DEAD,0.2807,0.0000,0.0000,74.75,425.25,0.0000,0,16,16,3,5,7,120,1,5,16,1,2
2,3,17,OVER-BUDGET,0.0000,0.5417,0.8835,501.00,0.00,0.2653,13,24,24,9,5,7,72,2,0,13,2,2
2,3,25,OVER-BUDGET,0.0000,0.9375,0.9499,501.25,0.00,0.3061,15,16,16,12,5,9,84,2,2,2,2,3
2,3,24,OVER-BUDGET,0.0000,1.0000,0.5660,500.50,0.00,0.5306,26,26,26,3,17,3,96,3,0,1,2,9
2,3,19,ALL-DEAD,0.1010,0.0000,0.0000,347.00,153.00,0.0000,0,24,24,3,5,7,72,2,0,20,2,3
2,3,27,OVER-BUDGET,0.0000,0.8750,0.4561,502.30,0.00,0.4286,21,24,24,10,24,3,144,3,0,2,2,3
2,3,21,OVER-BUDGET,0.0000,0.3750,0.9432,502.25,0.00,0.1224,6,16,16,10,5,0,72,3,2,20,3,3
2,3,26,ALL-DEAD,0.2049,0.0000,0.0000,189.50,310.50,0.0000,0,24,24,3,5,2,72,2,0,14,3,4
2,3,20,OVER-BUDGET,0.0000,0.8750,0.9052,501.05,0.00,0.2857,14,16,16,12,14,0,72,3,0,20,3,0
2,3,23,OK,0.2378,0.3750,0.9141,408.00,92.00,0.1224,6,16,16,12,5,7,120,2,1,20,2,3
2,3,30,ALL-DEAD,0.2640,0.0000,0.0000,100.00,400.00,0.0000,0,41,41,10,5,7,72,1,2,15,1,3
2,3,12,OVER-BUDGET,0.0000,0.2500,0.3409,502.00,0.00,0.1837,9,36,36,3,5,1,72,2,0,20,2,9
2,3,28,OVER-BUDGET,0.0000,0.5833,0.9559,500.75,0.00,0.2857,14,24,24,5,5,0,72,2,0,8,2,4
2,3,36,ALL-DEAD,0.2234,0.0000,0.0000,161.50,338.50,0.0000,0,16,16,12,5,7,72,4,7,11,2,7
2,3,35,ALL-DEAD,0.2005,0.0000,0.0000,196.20,303.80,0.0000,0,31,31,10,22,1,144,3,1,10,1,9
2,3,32,ALL-DEAD,0.1255,0.0000,0.0000,309.90,190.10,0.0000,0,22,22,3,14,7,72,2,6,20,2,3
2,3,29,OVER-BUDGET,0.0000,0.0417,0.6191,501.50,0.00,0.0204,1,24,24,3,5,6,72,2,0,20,4,3
2,3,33,ALL-DEAD,0.1069,0.0000,0.0000,338.00,162.00,0.0000,0,38,38,12,5,0,72,2,2,20,2,3
2,3,37,ALL-DEAD,0.2002,0.0000,0.0000,196.70,303.30,0.0000,0,16,16,3,12,0,72,2,2,20,1,9
2,3,34,OVER-BUDGET,0.0000,0.4286,0.7158,502.00,0.00,0.1224,6,14,14,3,5,7,72,2,2,5,1,3
2,3,39,ALL-DEAD,0.1300,0.0000,0.0000,303.00,197.00,0.0000,0,16,16,12,24,6,72,1,0,20,2,9
2,3,41,OVER-BUDGET,0.0000,0.7500,0.9538,502.50,0.00,0.2449,12,16,16,10,5,0,72,2,1,10,4,9
2,3,40,ALL-DEAD,0.1767,0.0000,0.0000,232.25,267.75,0.0000,0,24,24,3,10,5,108,1,0,19,2,3
2,3,42,ALL-DEAD,0.1945,0.0000,0.0000,205.30,294.70,0.0000,0,16,16,5,17,6,60,3,7,18,1,3
2,3,43,OVER-BUDGET,0.0000,0.6957,0.7747,502.10,0.00,0.3265,16,23,23,10,17,3,144,1,1,10,4,5
2,3,31,OVER-BUDGET,0.0000,0.3333,0.3648,501.55,0.00,0.1633,8,24,24,10,17,3,144,3,1,10,1,9
2,3,49,ALL-DEAD,0.2246,0.0000,0.0000,159.75,340.25,0.0000,0,14,14,9,5,1,72,4,3,20,3,3
2,3,48,ALL-DEAD,0.1015,0.0000,0.0000,346.20,153.80,0.0000,0,24,24,3,6,7,36,2,2,20,4,3
2,3,38,OK,0.3561,0.4565,0.6072,428.00,72.00,0.4286,21,46,46,7,5,7,132,2,0,10,1,0
2,3,45,ALL-DEAD,0.0964,0.0000,0.0000,353.90,146.10,0.0000,0,16,16,1,24,0,120,2,0,20,1,3
2,3,44,OVER-BUDGET,0.0000,0.6875,0.8422,500.60,0.00,0.2245,11,16,16,12,14,0,24,2,2,12,2,3
2,3,47,OVER-BUDGET,0.0000,0.4468,0.8896,501.50,0.00,0.4286,21,47,47,12,5,0,72,2,2,12,4,3
2,3,46,OK,0.2098,0.5625,0.6979,462.00,38.00,0.1837,9,16,16,5,5,0,72,2,2,20,2,3
2,4,2,ALL-DEAD,0.2833,0.0000,0.0000,70.75,429.25,0.0000,0,16,16,3,5,7,120,1,5,16,1,2
2,4,4,ALL-DEAD,0.2587,0.0000,0.0000,108.10,391.90,0.0000,0,16,16,10,24,1,144,3,0,10,1,9
2,4,3,ALL-DEAD,0.2777,0.0000,0.0000,79.25,420.75,0.0000,0,41,41,10,5,7,72,1,2,15,1,3
2,4,8,ALL-DEAD,0.2013,0.0000,0.0000,195.00,305.00,0.0000,0,14,14,9,5,1,72,4,3,20,3,3
2,4,5,ALL-DEAD,0.1722,0.0000,0.0000,239.05,260.95,0.0000,0,24,24,10,17,3,144,3,1,10,1,9
2,4,6,ALL-DEAD,0.1665,0.0000,0.0000,247.75,252.25,0.0000,0,24,24,3,5,1,72,2,0,20,2,5
2,4,7,OK,0.1794,0.1250,0.8016,408.00,92.00,0.0408,2,16,16,12,5,7,120,2,1,20,2,3
2,4,13,ALL-DEAD,0.2548,0.0000,0.0000,113.95,386.05,0.0000,0,24,24,10,17,3,144,3,1,10,1,9
2,4,1,OK,0.2190,0.3750,0.8234,420.00,80.00,0.1224,6,16,16,12,5,0,72,2,2,20,2,3
2,4,9,OVER-BUDGET,0.0000,0.2500,0.9665,502.00,0.00,0.0816,4,16,16,12,5,7,72,4,7,11,2,7
2,4,12,ALL-DEAD,0.1937,0.0000,0.0000,206.50,293.50,0.0000,0,46,46,3,5,1,72,4,8,17,2,0
2,4,0,ALL-DEAD,0.1137,0.0000,0.0000,327.75,172.25,0.0000,0,46,46,7,5,7,132,2,0,10,1,0
2,4,11,OVER-BUDGET,0.0000,0.5652,0.9271,502.25,0.00,0.5306,26,46,46,8,5,0,132,2,6,10,3,0
2,4,15,OVER-BUDGET,0.0000,0.2609,0.6799,501.00,0.00,0.2449,12,46,46,10,5,5,156,3,6,10,4,9
2,4,16,ALL-DEAD,0.2118,0.0000,0.0000,179.10,320.90,0.0000,0,24,24,3,9,7,96,1,5,16,1,6
2,4,21,OVER-BUDGET,0.0000,0.8462,0.4104,501.70,0.00,0.2245,11,13,13,6,17,3,156,3,6,1,1,3
2,4,10,ALL-DEAD,0.1328,0.0000,0.0000,298.75,201.25,0.0000,0,46,46,1,5,7,108,2,0,10,1,0
2,4,18,OVER-BUDGET,0.0000,0.4348,0.9610,501.00,0.00,0.4082,20,46,46,7,5,7,132,3,9,10,3,0
2,4,17,ALL-DEAD,0.1454,0.0000,0.0000,279.75,220.25,0.0000,0,46,46,2,5,5,132,4,0,10,1,8
2,4,20,ALL-DEAD,0.0069,0.0000,0.0000,489.50,10.50,0.0000,0,10,10,12,5,7,120,3,9,20,3,1
2,4,22,ALL-DEAD,0.1515,0.0000,0.0000,270.50,229.50,0.0000,0,46,46,7,5,7,132,2,0,10,1,0
2,4,14,ALL-DEAD,0.1308,0.0000,0.0000,301.80,198.20,0.0000,0,46,46,7,14,7,72,2,2,15,1,6
2,4,23,OVER-BUDGET,0.0000,0.2424,0.8805,502.25,0.00,0.1633,8,33,33,10,5,0,108,4,0,10,2,0
2,4,19,OK,0.4079,0.4783,0.9452,428.00,72.00,0.4490,22,46,46,7,5,6,132,2,0,10,1,7
2,4,25,ALL-DEAD,0.2275,0.0000,0.0000,155.25,344.75,0.0000,0,45,45,11,25,6,84,1,0,15,1,3
2,4,27,ALL-DEAD,0.2081,0.0000,0.0000,184.75,315.25,0.0000,0,16,16,7,15,0,144,3,2,20,1,8
2,4,26,ALL-DEAD,0.1615,0.0000,0.0000,255.25,244.75,0.0000,0,36,36,7,5,2,132,4,0,11,1,0
2,4,32,OVER-BUDGET,0.0000,0.9722,0.9318,500.00,0.00,0.7143,35,36,36,3,17,7,120,1,5,1,4,2
2,4,34,ALL-DEAD,0.2000,0.0000,0.0000,197.00,303.00,0.0000,0,28,28,8,27,7,72,1,5,16,2,8
2,4,28,OK,0.4253,0.3333,0.8319,228.00,272.00,0.2653,13,39,39,12,5,0,120,2,8,20,1,3
2,4,24,OK,0.0765,0.0217,0.3787,470.00,30.00,0.0204,1,46,46,12,10,1,72,2,7,19,2,9
2,4,35,ALL-DEAD,0.2280,0.0000,0.0000,154.50,345.50,0.0000,0,16,16,12,27,0,108,1,2,15,1,5
2,4,29,ALL-DEAD,0.1010,0.0000,0.0000,347.00,153.00,0.0000,0,24,24,3,5,2,72,2,8,20,2,5
2,4,33,ALL-DEAD,0.2010,0.0000,0.0000,195.50,304.50,0.0000,0,46,46,7,27,2,132,2,0,18,1,0
2,4,38,ALL-DEAD,0.1957,0.0000,0.0000,203.55,296.45,0.0000,0,46,46,7,27,4,144,2,0,10,1,0
2,4,30,OK,0.4078,0.3171,0.7527,240.00,260.00,0.2653,13,41,41,12,5,9,72,2,2,20,1,3
2,4,36,ALL-DEAD,0.1719,0.0000,0.0000,239.50,260.50,0.0000,0,16,16,7,29,8,120,2,2,16,1,2
2,4,31,OK,0.2505,0.6000,0.9653,500.00,0.00,0.2449,12,20,20,9,10,7,36,2,0,10,1,0
2,4,43,ALL-DEAD,0.2409,0.0000,0.0000,135.00,365.00,0.0000,0,37,37,5,5,7,120,1,0,10,1,1
2,4,40,OVER-BUDGET,0.0000,0.7500,0.7882,500.50,0.00,0.2449,12,16,16,12,5,9,132,1,2,12,3,3
2,4,44,OVER-BUDGET,0.0000,0.5122,0.9316,501.25,0.00,0.4286,21,41,41,7,5,8,48,4,6,10,4,5
2,4,37,OVER-BUDGET,0.0000,0.2353,0.3319,500.70,0.00,0.1633,8,34,34,8,14,0,120,2,2,12,2,3
2,4,41,OK,0.1613,0.0244,0.8550,428.00,72.00,0.0204,1,41,41,7,5,7,132,2,3,10,1,0
2,4,39,ALL-DEAD,0.0668,0.0000,0.0000,398.80,101.20,0.0000,0,41,41,7,18,7,72,2,2,20,2,3
2,4,47,OVER-BUDGET,0.0000,0.1739,0.1623,501.40,0.00,0.1633,8,46,46,3,24,7,132,3,0,5,3,9
2,4,45,OK,0.3666,0.4146,0.5660,336.50,163.50,0.3469,17,41,41,7,5,7,72,3,0,15,1,0
2,4,46,OK,0.0969,0.0233,0.3180,428.00,72.00,0.0204,1,43,43,7,5,7,132,2,0,10,1,5
2,4,48,ALL-DEAD,0.0434,0.0000,0.0000,434.25,65.75,0.0000,0,37,37,2,5,7,120,2,0,10,1,5
2,4,49,OK,0.4155,0.7273,0.9221,310.20,189.80,0.3265,16,22,22,10,16,9,72,1,3,20,1,2
2,4,42,OVER-BUDGET,0.0000,0.3171,0.9024,500.70,0.00,0.2653,13,41,41,4,21,9,132,1,0,9,1,3
2,5,7,ALL-DEAD,0.2093,0.0000,0.0000,182.90,317.10,0.0000,0,16,16,10,24,1,144,3,0,10,1,9
2,5,8,ALL-DEAD,0.2504,0.0000,0.0000,120.65,379.35,0.0000,0,24,24,10,17,3,144,3,1,10,1,9
2,5,2,ALL-DEAD,0.1515,0.0000,0.0000,270.50,229.50,0.0000,0,46,46,7,5,6,132,2,0,10,1,7
2,5,0,OK,0.2429,0.0256,0.4350,228.00,272.00,0.0204,1,39,39,12,5,0,120,2,8,20,1,3
2,5,6,OK,0.2700,0.1220,0.6330,291.00,209.00,0.1020,5,41,41,10,5,7,72,1,2,15,1,3
2,5,4,OK,0.2237,0.0488,0.7775,336.50,163.50,0.0408,2,41,41,7,5,7,72,3,0,15,1,0
2,5,3,OK,0.4849,0.4634,0.8338,240.00,260.00,0.3878,19,41,41,12,5,9,72,2,2,20,1,3
2,5,10,OVER-BUDGET,0.0000,0.6667,0.4727,500.95,0.00,0.2857,14,21,21,3,16,7,72,1,2,2,1,2
2,5,12,OVER-BUDGET,0.0000,0.1951,0.9904,500.25,0.00,0.1633,8,41,41,10,5,7,72,1,9,15,4,7
2,5,9,ALL-DEAD,0.0132,0.0000,0.0000,480.00,20.00,0.0000,0,20,20,9,10,7,36,2,0,10,1,0
2,5,5,OK,0.1584,0.1250,0.3303,354.00,146.00,0.0408,2,16,16,3,5,7,120,1,5,16,1,2
2,5,11,OVER-BUDGET,0.0000,0.0217,0.5427,501.75,0.00,0.0204,1,46,46,7,5,8,132,4,0,6,1,1
2,5,13,OVER-BUDGET,0.0000,0.2195,0.8600,501.25,0.00,0.1837,9,41,41,7,5,7,72,2,8,15,3,1
2,5,17,ALL-DEAD,0.2241,0.0000,0.0000,160.50,339.50,0.0000,0,12,12,5,30,7,72,2,8,16,1,9
2,5,14,OK,0.4838,0.4146,0.9455,228.00,272.00,0.3469,17,41,41,12,5,0,120,2,7,20,1,3
2,5,16,ALL-DEAD,0.2249,0.0000,0.0000,159.30,340.70,0.0000,0,22,22,10,21,2,72,1,3,20,1,5
2,5,19,ALL-DEAD,0.2615,0.0000,0.0000,103.75,396.25,0.0000,0,39,39,12,5,2,120,3,8,20,1,0
2,5,1,OK,0.4543,0.8636,0.9650,310.20,189.80,0.3878,19,22,22,10,16,9,72,1,3,20,1,2
2,5,22,ALL-DEAD,0.2345,0.0000,0.0000,144.65,355.35,0.0000,0,22,22,10,13,8,36,1,3,19,1,6
2,5,15,OVER-BUDGET,0.0000,0.3830,0.6851,500.30,0.00,0.3673,18,47,47,7,7,6,132,2,8,5,1,7
2,5,18,ALL-DEAD,0.1404,0.0000,0.0000,287.25,212.75,0.0000,0,39,39,7,15,0,120,2,2,20,2,3
2,5,20,ALL-DEAD,0.0997,0.0000,0.0000,348.95,151.05,0.0000,0,39,39,12,16,7,120,1,8,20,3,2
2,5,26,ALL-DEAD,0.1375,0.0000,0.0000,291.65,208.35,0.0000,0,22,22,3,28,7,120,1,5,20,1,2
2,5,30,OVER-BUDGET,0.0000,0.9024,0.7374,501.00,0.00,0.7551,37,41,41,12,5,3,72,3,9,4,4,3
2,5,28,OK,0.4302,0.7222,0.9282,238.00,262.00,0.2653,13,18,18,12,5,9,120,2,8,19,1,0
2,5,23,OK,0.4044,0.4615,0.6191,306.00,194.00,0.3673,18,39,39,12,18,7,120,2,9,20,1,3
2,5,29,OK,0.3415,0.9167,0.9312,339.00,161.00,0.2245,11,12,12,12,5,9,120,1,9,12,1,3
2,5,27,OVER-BUDGET,0.0000,1.0000,0.9318,501.75,0.00,0.3469,17,17,17,3,20,9,36,1,4,20,4,7
2,5,21,OK,0.4431,0.8182,0.9652,310.20,189.80,0.3673,18,22,22,10,16,9,72,1,9,20,1,2
2,5,32,ALL-DEAD,0.2166,0.0000,0.0000,171.75,328.25,0.0000,0,22,22,10,15,0,120,3,8,20,1,4
2,5,33,OVER-BUDGET,0.0000,0.4000,0.4459,502.00,0.00,0.2041,10,25,25,7,20,0,120,2,8,9,4,2
2,5,24,ALL-DEAD,0.0560,0.0000,0.0000,415.10,84.90,0.0000,0,41,41,7,28,7,132,3,0,12,1,7
2,5,25,OK,0.3998,0.5185,0.9456,304.20,195.80,0.2857,14,27,27,10,16,9,120,1,3,20,1,1
2,5,39,ALL-DEAD,0.2468,0.0000,0.0000,126.00,374.00,0.0000,0,16,16,12,9,3,120,2,8,20,1,3
2,5,38,ALL-DEAD,0.2100,0.0000,0.0000,181.75,318.25,0.0000,0,31,31,12,5,2,48,2,2,20,1,0
2,5,34,OK,0.2812,0.4231,0.5740,365.40,134.60,0.2245,11,26,26,10,7,4,72,1,3,12,1,2
2,5,35,ALL-DEAD,0.1930,0.0000,0.0000,207.65,292.35,0.0000,0,28,28,12,19,6,120,2,4,19,1,8
2,5,40,OVER-BUDGET,0.0000,1.0000,0.9206,502.60,0.00,0.4490,22,22,22,7,6,9,48,2,0,10,4,2
2,5,44,ALL-DEAD,0.2978,0.0000,0.0000,48.75,451.25,0.0000,0,16,16,12,5,7,120,1,1,20,1,2
2,5,31,OK,0.2227,0.0652,0.7008,341.00,159.00,0.0612,3,46,46,12,19,0,120,3,8,18,1,2
2,5,46,OVER-BUDGET,0.0000,0.9091,0.8404,500.75,0.00,0.4082,20,22,22,12,5,6,72,4,3,2,2,2
2,5,42,OVER-BUDGET,0.0000,0.6585,0.8639,502.00,0.00,0.5510,27,41,41,12,8,0,120,2,8,6,4,3
2,5,41,ALL-DEAD,0.1430,0.0000,0.0000,283.35,216.65,0.0000,0,16,16,1,16,0,132,1,4,10,1,0
2,5,36,OK,0.3271,0.1795,0.7731,264.00,236.00,0.1429,7,39,39,12,11,0,120,2,3,20,1,5
2,5,43,ALL-DEAD,0.2199,0.0000,0.0000,166.75,333.25,0.0000,0,40,40,2,5,2,120,2,3,20,1,3
2,5,47,OVER-BUDGET,0.0000,0.1707,0.4391,501.10,0.00,0.1429,7,41,41,10,29,7,72,1,3,3,2,2
2,5,48,ALL-DEAD,0.2003,0.0000,0.0000,196.55,303.45,0.0000,0,12,12,10,16,4,72,1,3,15,1,0
2,5,49,OVER-BUDGET,0.0000,0.3415,0.9074,500.50,0.00,0.2857,14,41,41,12,5,0,120,4,7,20,4,3
2,5,37,OK,0.4255,0.5897,0.9542,420.00,80.00,0.4694,23,39,39,12,20,0,96,2,2,13,1,3
2,5,45,OK,0.1866,0.1000,0.6520,352.80,147.20,0.0204,1,10,10,10,19,0,60,2,8,20,1,0
2,6,1,ALL-DEAD,0.2567,0.0000,0.0000,111.00,389.00,0.0000,0,41,41,12,5,0,120,2,7,20,1,3
2,6,0,ALL-DEAD,0.2392,0.0000,0.0000,137.50,362.50,0.0000,0,41,41,12,5,9,72,2,2,20,1,3
2,6,6,ALL-DEAD,0.1921,0.0000,0.0000,208.90,291.10,0.0000,0,39,39,12,18,7,120,2,9,20,1,3
2,6,4,OK,0.4615,0.8889,0.9082,238.00,262.00,0.3265,16,18,18,12,5,9,120,2,8,19,1,0
2,6,8,OK,0.3437,0.9167,0.9494,339.00,161.00,0.2245,11,12,12,12,5,9,120,1,9,12,1,3
2,6,9,ALL-DEAD,0.1581,0.0000,0.0000,260.40,239.60,0.0000,0,39,39,12,11,0,120,2,3,20,1,5
2,6,2,OK,0.4334,0.7727,0.9776,310.20,189.80,0.3469,17,22,22,10,16,9,72,1,3,20,1,2
2,6,3,OK,0.4286,0.7727,0.9377,310.20,189.80,0.3469,17,22,22,10,16,9,72,1,9,20,1,2
2,6,5,OK,0.1907,0.2308,0.3076,420.00,80.00,0.1837,9,39,39,12,20,0,96,2,2,13,1,3
2,6,7,OK,0.4359,0.6296,0.9651,304.20,195.80,0.3469,17,27,27,10,16,9,120,1,3,20,1,1
2,6,10,OVER-BUDGET,0.0000,0.0732,0.4086,500.50,0.00,0.0612,3,41,41,12,30,0,24,2,7,20,4,3
2,6,13,ALL-DEAD,0.0633,0.0000,0.0000,404.10,95.90,0.0000,0,22,22,10,12,4,168,1,3,20,3,0
2,6,14,ALL-DEAD,0.0625,0.0000,0.0000,405.25,94.75,0.0000,0,41,41,1,5,1,120,2,7,10,3,2
2,6,11,OK,0.4279,0.7273,0.9859,303.00,197.00,0.3265,16,22,22,12,18,9,72,1,7,20,1,0
2,6,12,OK,0.4808,0.4390,0.9625,252.60,247.40,0.3673,18,41,41,10,8,9,72,1,7,20,1,2
2,6,17,OK,0.4618,0.7273,0.9571,246.50,253.50,0.3265,16,22,22,7,5,9,72,1,2,20,1,2
2,6,18,OK,0.3876,0.3659,0.9578,342.00,158.00,0.3061,15,41,41,12,17,3,72,4,9,20,1,3
2,6,19,OK,0.4352,0.5600,0.8873,240.00,260.00,0.2857,14,25,25,12,5,9,72,2,2,20,1,3
2,6,15,OVER-BUDGET,0.0000,0.5122,0.8418,502.25,0.00,0.4286,21,41,41,4,5,0,132,3,2,8,1,8
2,6,16,OK,0.3068,0.4545,0.8651,362.50,137.50,0.2041,10,22,22,12,14,7,108,2,3,14,1,8
2,6,21,OVER-BUDGET,0.0000,0.5556,0.8827,502.80,0.00,0.4082,20,36,36,10,16,0,96,1,3,4,1,3
2,6,26,ALL-DEAD,0.1049,0.0000,0.0000,341.00,159.00,0.0000,0,25,25,12,5,1,72,4,2,6,2,8
2,6,20,OK,0.3639,0.9091,0.9492,461.40,38.60,0.4082,20,22,22,10,12,9,72,1,3,20,2,2
2,6,28,OVER-BUDGET,0.0000,0.3171,0.8845,500.75,0.00,0.2653,13,41,41,12,5,1,120,2,7,7,1,3
2,6,25,OVER-BUDGET,0.0000,0.3846,0.9152,500.25,0.00,0.3061,15,39,39,12,5,9,72,2,2,20,3,3
2,6,23,OK,0.4769,0.4634,0.8332,252.00,248.00,0.3878,19,41,41,12,6,9,120,4,7,20,1,3
2,6,24,OK,0.4414,0.5161,0.8065,250.00,250.00,0.3265,16,31,31,9,5,9,72,2,4,20,1,3
2,6,22,OK,0.5184,0.5897,0.9534,279.00,221.00,0.4694,23,39,39,12,14,9,144,2,9,20,1,0
2,6,29,OK,0.4436,0.3902,0.8185,248.75,251.25,0.3265,16,41,41,11,5,9,120,4,7,20,1,3
2,6,34,ALL-DEAD,0.1013,0.0000,0.0000,346.50,153.50,0.0000,0,41,41,12,5,9,72,2,2,8,1,3
2,6,35,ALL-DEAD,0.0997,0.0000,0.0000,348.90,151.10,0.0000,0,41,41,12,18,5,72,2,4,20,3,1
2,6,30,OK,0.4455,1.0000,0.9623,255.00,245.00,0.3061,15,15,15,8,5,9,72,2,2,20,1,3
2,6,27,OK,0.3614,0.5417,0.8604,330.00,170.00,0.2653,13,24,24,12,22,9,120,2,2,20,1,3
2,6,36,OK,0.4445,0.4483,0.9546,221.25,278.75,0.2653,13,29,29,12,5,9,96,1,3,20,1,7
2,6,38,ALL-DEAD,0.2099,0.0000,0.0000,181.95,318.05,0.0000,0,41,41,10,16,7,108,1,3,20,2,0
2,6,37,OVER-BUDGET,0.0000,0.1538,0.6725,500.25,0.00,0.1224,6,39,39,8,5,0,96,2,2,4,1,7
2,6,39,ALL-DEAD,0.2185,0.0000,0.0000,168.95,331.05,0.0000,0,41,41,12,18,1,120,1,6,20,1,3
2,6,33,OK,0.3755,0.3659,0.7467,322.00,178.00,0.3061,15,41,41,12,7,9,96,2,2,14,1,3
2,6,32,OVER-BUDGET,0.0000,0.8537,0.9269,500.45,0.00,0.7143,35,41,41,5,9,9,72,2,5,20,4,3
2,6,31,OVER-BUDGET,0.0000,0.8049,0.8950,501.65,0.00,0.6735,33,41,41,12,27,9,120,1,2,19,4,3
2,6,40,OK,0.2205,0.0667,0.3142,240.00,260.00,0.0204,1,15,15,12,5,8,72,2,7,20,1,3
2,6,43,OK,0.4123,0.6111,0.9110,228.00,272.00,0.2245,11,18,18,12,5,0,120,2,5,20,1,4
2,6,41,OVER-BUDGET,0.0000,0.9091,0.8692,500.75,0.00,0.4082,20,22,22,6,5,9,132,2,3,15,3,9
2,6,49,ALL-DEAD,0.2838,0.0000,0.0000,70.00,430.00,0.0000,0,41,41,12,5,2,120,2,2,20,1,5
2,6,42,ALL-DEAD,0.1739,0.0000,0.0000,236.50,263.50,0.0000,0,49,49,4,20,0,72,2,2,20,1,4
2,6,46,OK,0.5197,0.5366,0.9087,252.00,248.00,0.4490,22,41,41,12,7,9,72,2,6,20,1,3
2,6,47,OK,0.3403,0.6667,0.8152,302.70,197.30,0.2041,10,15,15,7,9,9,72,2,2,20,1,3
2,6,44,OVER-BUDGET,0.0000,0.0455,0.3598,502.00,0.00,0.0408,2,44,44,10,16,9,168,1,2,6,1,3
2,6,45,OVER-BUDGET,0.0000,0.5122,0.8894,500.75,0.00,0.4286,21,41,41,1,5,9,120,2,7,8,1,3
2,6,48,OVER-BUDGET,0.0000,0.6829,0.9414,500.45,0.00,0.5714,28,41,41,6,19,9,120,2,2,20,3,3
2,7,7,OK,0.4148,0.3793,0.8942,221.25,278.75,0.2245,11,29,29,12,5,9,96,1,3,20,1,7
2,7,5,OK,0.4084,0.6111,0.9334,238.00,262.00,0.2245,11,18,18,12,5,9,120,2,8,19,1,0
2,7,6,OK,0.4211,0.8667,0.9459,255.00,245.00,0.2653,13,15,15,8,5,9,72,2,2,20,1,3
2,7,0,OK,0.4370,0.3415,0.9685,252.00,248.00,0.2857,14,41,41,12,7,9,72,2,6,20,1,3
2,7,4,OK,0.4405,0.7273,0.7802,246.50,253.50,0.3265,16,22,22,7,5,9,72,1,2,20,1,2
2,7,3,OK,0.4940,0.4878,0.8823,252.00,248.00,0.4082,20,41,41,12,6,9,120,4,7,20,1,3
2,7,2,OK,0.4912,0.4878,0.8617,252.60,247.40,0.4082,20,41,41,10,8,9,72,1,7,20,1,2
2,7,1,OK,0.5308,0.6154,0.9627,279.00,221.00,0.4898,24,39,39,12,14,9,144,2,9,20,1,0
2,7,12,ALL-DEAD,0.2243,0.0000,0.0000,160.20,339.80,0.0000,0,41,41,10,23,6,96,4,7,20,1,2
2,7,9,OK,0.4811,0.5806,0.9506,250.00,250.00,0.3673,18,31,31,9,5,9,72,2,4,20,1,3
2,7,8,OK,0.4657,0.4390,0.8156,248.75,251.25,0.3673,18,41,41,11,5,9,120,4,7,20,1,3
2,7,11,ALL-DEAD,0.1673,0.0000,0.0000,246.45,253.55,0.0000,0,41,41,12,29,5,36,2,7,20,1,5
2,7,10,ALL-DEAD,0.1618,0.0000,0.0000,254.90,245.10,0.0000,0,41,41,12,16,9,168,1,4,20,1,2
2,7,16,OVER-BUDGET,0.0000,0.9487,0.9465,501.10,0.00,0.7551,37,39,39,11,27,9,48,2,8,6,2,0
2,7,19,OVER-BUDGET,0.0000,0.0612,0.7991,500.90,0.00,0.0612,3,49,49,12,14,3,144,1,3,12,4,5
2,7,17,OK,0.3341,0.1707,0.8642,270.00,230.00,0.1429,7,41,41,12,8,9,108,4,9,20,1,3
2,7,20,OK,0.4336,0.9333,0.9396,252.00,248.00,0.2857,14,15,15,12,7,9,72,2,2,20,1,4
2,7,14,OVER-BUDGET,0.0000,0.6667,0.9566,500.75,0.00,0.2857,14,21,21,12,21,9,156,3,1,9,1,3
2,7,21,OK,0.5131,0.5122,0.9479,252.00,248.00,0.4286,21,41,41,12,7,9,72,2,6,20,1,3
2,7,13,OVER-BUDGET,0.0000,0.3659,0.8873,501.10,0.00,0.3061,15,41,41,3,7,9,72,1,6,20,2,3
2,7,18,OK,0.5496,0.6923,0.9493,299.00,201.00,0.5510,27,39,39,12,14,9,72,1,9,18,1,7
2,7,25,ALL-DEAD,0.2052,0.0000,0.0000,189.05,310.95,0.0000,0,44,44,12,7,2,108,2,6,20,1,3
2,7,28,OVER-BUDGET,0.0000,0.9512,0.9047,500.25,0.00,0.7959,39,41,41,10,8,9,72,1,5,1,1,2
2,7,22,OK,0.5095,0.4884,0.9283,254.00,246.00,0.4286,21,43,43,9,7,9,120,2,6,20,1,3
2,7,15,OK,0.2075,0.2273,0.6734,393.00,107.00,0.1020,5,22,22,3,7,9,72,3,3,20,1,6
2,7,27,ALL-DEAD,0.2056,0.0000,0.0000,188.55,311.45,0.0000,0,48,48,10,7,5,72,2,8,20,1,3
2,7,26,ALL-DEAD,0.1710,0.0000,0.0000,240.90,259.10,0.0000,0,41,41,12,7,5,72,2,6,20,1,3
2,7,29,OVER-BUDGET,0.0000,0.9792,0.9450,500.40,0.00,0.9592,47,48,48,1,14,9,36,2,3,3,1,0
2,7,23,OVER-BUDGET,0.0000,0.5882,0.8175,501.20,0.00,0.4082,20,34,34,12,24,9,36,4,7,20,2,2
2,7,32,OK,0.4369,0.8000,0.9621,285.00,215.00,0.3265,16,20,20,12,14,9,108,2,9,20,1,3
2,7,36,OVER-BUDGET,0.0000,0.8571,0.8241,500.20,0.00,0.6122,30,35,35,12,7,9,72,2,6,2,1,6
2,7,24,OK,0.1354,0.1111,0.5841,435.00,65.00,0.0408,2,18,18,12,30,9,144,2,8,15,1,0
2,7,30,OVER-BUDGET,0.0000,0.6667,0.8831,500.30,0.00,0.5306,26,39,39,12,14,9,144,2,9,20,3,9
2,7,31,OK,0.4879,0.5122,0.9688,294.00,206.00,0.4286,21,41,41,6,7,9,72,2,6,20,1,4
2,7,39,ALL-DEAD,0.1839,0.0000,0.0000,221.40,278.60,0.0000,0,39,39,10,8,8,144,2,9,13,2,7
2,7,35,OVER-BUDGET,0.0000,0.7949,0.8980,501.90,0.00,0.6327,31,39,39,12,12,9,96,2,6,20,3,0
2,7,41,OVER-BUDGET,0.0000,1.0000,0.9911,501.50,0.00,0.8367,41,41,41,1,20,9,72,1,7,2,1,3
2,7,34,OVER-BUDGET,0.0000,1.0000,0.9812,502.15,0.00,0.3061,15,15,15,5,9,9,72,2,7,10,1,3
2,7,42,OVER-BUDGET,0.0000,0.9444,0.9584,500.70,0.00,0.6939,34,36,36,12,27,9,36,3,6,3,1,3
2,7,37,OK,0.4444,0.3902,0.8761,258.00,242.00,0.3265,16,41,41,12,7,9,60,2,6,20,1,3
2,7,40,OK,0.5156,0.5366,0.8587,249.00,251.00,0.4490,22,41,41,12,9,9,72,1,7,20,1,3
2,7,44,ALL-DEAD,0.1688,0.0000,0.0000,244.25,255.75,0.0000,0,48,48,7,5,9,144,2,9,18,1,0
2,7,38,OVER-BUDGET,0.0000,0.5417,0.6720,501.35,0.00,0.5306,26,48,48,12,27,9,120,4,7,20,3,3
2,7,48,ALL-DEAD,0.1993,0.0000,0.0000,198.10,301.90,0.0000,0,41,41,12,21,2,72,2,6,12,1,3
2,7,43,OK,0.1759,0.1026,0.6547,420.50,79.50,0.0816,4,39,39,12,11,9,120,3,7,11,1,8
2,7,45,OK,0.4984,0.5366,0.9131,285.00,215.00,0.4490,22,41,41,12,10,9,72,3,2,20,1,3
2,7,47,OK,0.3938,0.4634,0.8831,387.00,113.00,0.3878,19,41,41,12,7,9,72,3,6,12,1,5
2,7,49,OVER-BUDGET,0.0000,0.4878,0.8899,503.00,0.00,0.4082,20,41,41,9,5,9,24,2,6,6,1,3
2,7,33,OK,0.3666,0.5366,0.9529,492.00,8.00,0.4490,22,41,41,2,7,9,72,4,7,20,1,3
2,7,46,OK,0.4408,0.6829,0.9886,488.10,11.90,0.5714,28,41,41,7,27,9,72,2,9,20,1,0
2,8,3,OK,0.4492,0.3902,0.8824,252.00,248.00,0.3265,16,41,41,12,7,9,72,2,6,20,1,3
2,8,6,OK,0.4399,0.3659,0.8989,252.00,248.00,0.3061,15,41,41,12,6,9,120,4,7,20,1,3
2,8,7,OK,0.4133,0.3415,0.7739,252.60,247.40,0.2857,14,41,41,10,8,9,72,1,7,20,1,2
2,8,4,ALL-DEAD,0.1626,0.0000,0.0000,253.65,246.35,0.0000,0,43,43,9,7,9,120,2,6,20,1,3
2,8,2,OK,0.5126,0.5122,0.9267,249.00,251.00,0.4286,21,41,41,12,9,9,72,1,7,20,1,3
2,8,5,OK,0.4383,0.3902,0.9734,285.00,215.00,0.3265,16,41,41,12,10,9,72,3,2,20,1,3
2,8,11,ALL-DEAD,0.1962,0.0000,0.0000,202.70,297.30,0.0000,0,13,13,12,28,8,168,2,9,4,1,3
2,8,0,OK,0.4492,0.4615,0.9543,299.00,201.00,0.3673,18,39,39,12,14,9,72,1,9,18,1,7
2,8,1,OK,0.5388,0.6410,0.9358,279.00,221.00,0.5102,25,39,39,12,14,9,144,2,9,20,1,0
2,8,12,ALL-DEAD,0.2293,0.0000,0.0000,152.50,347.50,0.0000,0,39,39,12,15,2,144,2,9,18,1,3
2,8,13,ALL-DEAD,0.2476,0.0000,0.0000,124.80,375.20,0.0000,0,33,33,12,14,4,120,1,4,20,1,3
2,8,9,OK,0.4357,0.4516,0.9467,250.00,250.00,0.2857,14,31,31,9,5,9,72,2,4,20,1,3
2,8,16,ALL-DEAD,0.1358,0.0000,0.0000,294.30,205.70,0.0000,0,39,39,4,22,2,96,2,9,7,1,0
2,8,18,OK,0.2397,0.0513,0.3804,240.00,260.00,0.0408,2,39,39,12,5,1,72,2,9,20,1,8
2,8,20,OVER-BUDGET,0.0000,0.9744,0.9482,501.75,0.00,0.7755,38,39,39,12,15,9,144,1,7,3,3,0
2,8,15,OVER-BUDGET,0.0000,0.3171,0.6668,500.60,0.00,0.2653,13,41,41,12,7,9,72,1,9,20,3,7
2,8,8,OK,0.5316,0.6098,0.9590,294.00,206.00,0.5102,25,41,41,6,7,9,72,2,6,20,1,4
2,8,23,ALL-DEAD,0.2008,0.0000,0.0000,195.70,304.30,0.0000,0,38,38,12,14,1,144,4,9,17,3,0
2,8,17,OK,0.4708,0.7917,0.9634,285.00,215.00,0.3878,19,24,24,12,10,9,72,3,6,20,1,3
2,8,19,OVER-BUDGET,0.0000,0.7667,0.8456,502.20,0.00,0.4694,23,30,30,12,14,9,144,1,9,4,1,3
2,8,22,ALL-DEAD,0.1674,0.0000,0.0000,246.40,253.60,0.0000,0,41,41,1,14,3,144,2,9,20,1,8
2,8,25,OVER-BUDGET,0.0000,0.9032,0.9689,500.30,0.00,0.5714,28,31,31,10,21,9,72,4,9,2,1,0
2,8,21,OK,0.4788,0.5385,0.9626,306.70,193.30,0.4286,21,39,39,11,14,9,72,1,9,18,1,1
2,8,14,OK,0.3020,0.3846,0.4701,383.00,117.00,0.3061,15,39,39,3,7,9,72,1,6,18,1,9
2,8,26,OVER-BUDGET,0.0000,0.9000,0.8632,501.75,0.00,0.5510,27,30,30,1,17,9,120,4,8,6,1,3
2,8,24,OVER-BUDGET,0.0000,0.6923,0.9619,501.90,0.00,0.5510,27,39,39,12,14,9,72,2,9,8,1,7
2,8,10,OK,0.3424,0.4615,0.9603,462.00,38.00,0.3673,18,39,39,4,14,9,72,2,9,20,1,7
2,8,28,OK,0.4832,0.4878,0.8742,267.00,233.00,0.4082,20,41,41,12,12,9,72,1,7,20,1,3
2,8,27,OK,0.3654,0.3590,0.6298,299.00,201.00,0.2857,14,39,39,12,14,9,72,1,9,18,1,7
2,8,33,OVER-BUDGET,0.0000,0.8372,0.8984,502.45,0.00,0.7347,36,43,43,4,14,6,120,1,2,4,3,3
2,8,34,ALL-DEAD,0.2119,0.0000,0.0000,179.00,321.00,0.0000,0,41,41,12,5,6,120,4,7,11,1,3
2,8,29,OK,0.4276,0.6410,0.9536,450.75,49.25,0.5102,25,39,39,12,14,9,168,1,9,20,2,4
2,8,31,OK,0.3686,0.3077,0.6346,261.00,239.00,0.2449,12,39,39,12,11,9,144,2,9,20,1,0
2,8,35,OVER-BUDGET,0.0000,1.0000,0.9597,501.00,0.00,0.2041,10,10,10,12,17,9,72,1,8,18,4,0
2,8,41,OVER-BUDGET,0.0000,0.9512,0.8185,502.50,0.00,0.7959,39,41,41,12,7,9,72,3,6,6,4,3
2,8,32,OK,0.6664,0.8043,0.9598,294.00,206.00,0.7551,37,46,46,12,14,9,72,2,9,20,1,0
2,8,40,OVER-BUDGET,0.0000,0.5641,0.6577,501.25,0.00,0.4490,22,39,39,11,9,0,72,1,7,8,1,0
2,8,38,OK,0.2484,0.1220,0.6400,325.00,175.00,0.1020,5,41,41,9,10,9,72,3,2,18,1,7
2,8,37,OK,0.5468,0.7179,0.9149,314.00,186.00,0.5714,28,39,39,12,14,9,72,2,4,18,1,7
2,8,39,OK,0.5317,0.6098,0.9598,294.00,206.00,0.5102,25,41,41,12,14,9,144,4,7,20,1,1
2,8,45,OVER-BUDGET,0.0000,0.5128,0.9497,500.85,0.00,0.4082,20,39,39,12,14,0,72,1,3,5,1,7
2,8,43,OK,0.5249,0.7188,0.9246,264.00,236.00,0.4694,23,32,32,12,9,9,36,1,7,20,1,3
2,8,44,OVER-BUDGET,0.0000,0.7436,0.9319,500.90,0.00,0.5918,29,39,39,9,14,9,72,2,9,18,3,7
2,8,30,OVER-BUDGET,0.0000,0.3429,0.7329,500.50,0.00,0.2449,12,35,35,4,30,9,72,1,9,20,1,7
2,8,42,OK,0.5249,0.6410,0.9746,307.00,193.00,0.5102,25,39,39,9,14,9,144,2,9,20,1,0
2,8,46,OVER-BUDGET,0.0000,0.0513,0.4305,502.70,0.00,0.0408,2,39,39,11,14,9,144,2,4,7,1,8
2,8,36,OVER-BUDGET,0.0000,0.6667,0.9560,500.70,0.00,0.2857,14,21,21,3,14,9,144,2,8,20,1,8
2,8,48,OVER-BUDGET,0.0000,0.7674,0.8835,502.30,0.00,0.6735,33,43,43,12,13,9,36,1,2,20,4,7
2,8,47,OK,0.4038,0.4878,0.7323,361.45,138.55,0.4082,20,41,41,11,9,9,72,3,7,14,1,7
2,8,49,OK,0.2578,0.4000,0.7149,443.50,56.50,0.2449,12,30,30,5,15,9,72,1,4,17,1,7
2,9,6,OK,0.4700,0.5625,0.9349,264.00,236.00,0.3673,18,32,32,12,9,9,36,1,7,20,1,3
2,9,7,OK,0.5026,0.4878,0.9373,249.00,251.00,0.4082,20,41,41,12,9,9,72,1,7,20,1,3
2,9,0,ALL-DEAD,0.1411,0.0000,0.0000,286.20,213.80,0.0000,0,46,46,12,14,9,72,2,9,20,1,0
2,9,4,OK,0.4769,0.4878,0.9702,294.00,206.00,0.4082,20,41,41,6,7,9,72,2,6,20,1,4
2,9,1,OK,0.4699,0.5385,0.9286,314.00,186.00,0.4286,21,39,39,12,14,9,72,2,4,18,1,7
2,9,10,OVER-BUDGET,0.0000,1.0000,0.9535,501.40,0.00,0.7143,35,35,35,12,14,9,72,2,9,2,4,5
2,9,2,OK,0.5161,0.5897,0.9340,279.00,221.00,0.4694,23,39,39,12,14,9,144,2,9,20,1,0
2,9,3,OK,0.4796,0.5610,0.7123,294.00,206.00,0.4694,23,41,41,12,14,9,144,4,7,20,1,1
2,9,14,ALL-DEAD,0.2751,0.0000,0.0000,83.25,416.75,0.0000,0,18,18,12,20,3,72,1,3,15,1,0
2,9,5,OK,0.5137,0.6410,0.8808,307.00,193.00,0.5102,25,39,39,9,14,9,144,2,9,20,1,0
2,9,8,ALL-DEAD,0.2048,0.0000,0.0000,189.75,310.25,0.0000,0,41,41,12,12,9,72,1,7,20,1,3
2,9,16,ALL-DEAD,0.1418,0.0000,0.0000,285.10,214.90,0.0000,0,18,18,12,14,3,72,3,4,18,1,0
2,9,11,OVER-BUDGET,0.0000,0.9130,0.9730,502.90,0.00,0.8571,42,46,46,5,14,9,72,2,9,5,1,0
2,9,18,OVER-BUDGET,0.0000,0.4146,0.9141,502.00,0.00,0.3469,17,41,41,11,8,5,72,2,6,17,4,4
2,9,17,OVER-BUDGET,0.0000,1.0000,0.9758,500.20,0.00,0.2653,13,13,13,12,14,9,72,2,8,20,3,0
2,9,9,OK,0.5131,0.6410,0.8738,306.70,193.30,0.5102,25,39,39,11,14,9,72,1,9,18,1,1
2,9,12,OK,0.5384,0.6923,0.9385,314.00,186.00,0.5510,27,39,39,12,14,9,72,2,9,18,1,7
2,9,13,OVER-BUDGET,0.0000,0.7692,0.8610,501.20,0.00,0.6122,30,39,39,12,14,9,72,2,4,18,2,7
2,9,15,OK,0.4933,0.6410,0.8995,341.30,158.70,0.5102,25,39,39,10,14,9,84,3,4,18,1,4
2,9,25,ALL-DEAD,0.1022,0.0000,0.0000,345.20,154.80,0.0000,0,11,11,1,14,0,72,2,9,20,4,7
2,9,20,OK,0.4930,0.4348,0.9397,264.00,236.00,0.4082,20,46,46,12,9,9,72,2,9,20,1,0
2,9,19,OVER-BUDGET,0.0000,0.6923,0.9403,501.70,0.00,0.5510,27,39,39,12,14,9,72,4,9,8,1,0
2,9,28,ALL-DEAD,0.2323,0.0000,0.0000,148.10,351.90,0.0000,0,39,39,12,14,8,132,2,7,20,1,0
2,9,24,OK,0.3663,0.6667,0.7973,294.00,206.00,0.2449,12,18,18,12,14,9,72,2,9,20,1,0
2,9,23,OK,0.2349,0.1087,0.7971,374.00,126.00,0.1020,5,46,46,12,14,9,24,2,7,18,1,4
2,9,22,OVER-BUDGET,0.0000,0.6923,0.9301,500.30,0.00,0.5510,27,39,39,12,14,9,120,2,1,8,1,7
2,9,31,OVER-BUDGET,0.0000,0.8780,0.8766,500.10,0.00,0.7347,36,41,41,10,14,9,72,4,4,4,1,7
2,9,27,OK,0.5768,0.6304,0.9610,294.00,206.00,0.5918,29,46,46,12,14,9,72,2,4,20,1,0
2,9,21,OK,0.4256,0.5652,0.9719,474.00,26.00,0.5306,26,46,46,3,6,9,72,2,9,12,1,3
2,9,34,ALL-DEAD,0.2355,0.0000,0.0000,143.25,356.75,0.0000,0,39,39,12,9,8,132,1,7,7,1,2
2,9,26,OK,0.3287,0.8333,0.9950,438.00,62.00,0.3061,15,18,18,6,14,9,24,2,6,20,1,0
2,9,33,OK,0.4053,0.4390,0.9790,370.00,130.00,0.3673,18,41,41,6,10,9,36,2,3,19,1,4
2,9,38,OVER-BUDGET,0.0000,0.9167,0.9870,506.00,0.00,0.2245,11,12,12,12,14,9,144,4,9,18,3,9
2,9,29,OVER-BUDGET,0.0000,0.6304,0.9574,501.80,0.00,0.5918,29,46,46,12,24,9,144,3,2,10,1,0
2,9,32,OK,0.5721,0.8462,0.9764,372.00,128.00,0.6735,33,39,39,12,22,9,36,2,9,20,1,0
2,9,39,ALL-DEAD,0.2166,0.0000,0.0000,171.80,328.20,0.0000,0,39,39,5,28,6,144,2,9,20,1,0
2,9,37,OVER-BUDGET,0.0000,0.8718,0.9292,500.40,0.00,0.6939,34,39,39,2,14,9,72,1,5,14,2,1
2,9,30,OVER-BUDGET,0.0000,0.2609,0.8182,500.20,0.00,0.2449,12,46,46,3,14,9,144,4,9,20,1,1
2,9,36,OK,0.5227,0.6087,0.9503,357.00,143.00,0.5714,28,46,46,9,14,9,72,3,4,18,1,7
2,9,41,OK,0.5170,0.5897,0.9414,279.00,221.00,0.4694,23,39,39,12,14,9,144,2,9,20,1,0
2,9,35,OK,0.5014,0.6591,0.9794,411.60,88.40,0.5918,29,44,44,5,14,9,72,2,4,20,1,0
2,9,44,ALL-DEAD,0.2121,0.0000,0.0000,178.70,321.30,0.0000,0,46,46,12,14,9,132,2,9,20,1,0
2,9,46,OVER-BUDGET,0.0000,0.5854,0.9303,501.20,0.00,0.4898,24,41,41,12,14,5,144,4,7,7,1,0
2,9,42,OK,0.3707,0.5385,0.5693,399.00,101.00,0.4286,21,39,39,12,14,9,72,1,8,12,1,9
2,9,43,OK,0.5811,0.7436,0.9145,279.00,221.00,0.5918,29,39,39,12,14,9,144,2,9,20,1,0
2,9,48,OVER-BUDGET,0.0000,0.8182,0.9612,500.45,0.00,0.1837,9,11,11,12,14,9,168,1,7,18,3,4
2,9,40,OVER-BUDGET,0.0000,0.5641,0.8207,500.70,0.00,0.4490,22,39,39,3,14,9,72,3,9,18,1,6
2,9,45,OVER-BUDGET,0.0000,0.1282,0.8827,501.40,0.00,0.1020,5,39,39,1,14,9,60,2,4,18,1,1
2,9,47,OK,0.4684,0.6739,0.9435,489.00,11.00,0.6327,31,46,46,12,14,9,72,3,9,10,1,0
2,9,49,OK,0.2579,0.5789,0.9939,477.00,23.00,0.2245,11,19,19,8,28,9,72,3,9,20,1,8
2,10,0,ALL-DEAD,0.1686,0.0000,0.0000,244.50,255.50,0.0000,0,39,39,12,14,9,144,2,9,20,1,0
2,10,5,OK,0.5305,0.6154,0.9608,279.00,221.00,0.4898,24,39,39,12,14,9,144,2,9,20,1,0
2,10,6,OK,0.5465,0.6667,0.9067,279.00,221.00,0.5306,26,39,39,12,14,9,144,2,9,20,1,0
2,10,3,OK,0.3674,0.3590,0.7294,314.00,186.00,0.2857,14,39,39,12,14,9,72,2,9,18,1,7
2,10,1,OK,0.5492,0.5870,0.9179,294.00,206.00,0.5510,27,46,46,12,14,9,72,2,4,20,1,0
2,10,4,OK,0.2415,0.1304,0.6644,357.00,143.00,0.1224,6,46,46,9,14,9,72,3,4,18,1,7
2,10,7,OK,0.4854,0.5641,0.9258,307.00,193.00,0.4490,22,39,39,9,14,9,144,2,9,20,1,0
2,10,11,OK,0.2907,0.2273,0.5417,243.00,257.00,0.1020,5,22,22,12,8,5,144,2,2,20,1,9
2,10,14,OVER-BUDGET,0.0000,0.9744,0.9081,502.40,0.00,0.7755,38,39,39,12,14,9,156,2,9,1,1,2
2,10,2,OK,0.5470,0.7949,0.9550,372.00,128.00,0.6327,31,39,39,12,22,9,36,2,9,20,1,0
2,10,17,OVER-BUDGET,0.0000,1.0000,0.9806,501.40,0.00,0.9388,46,46,46,7,22,9,36,3,9,2,1,0
2,10,9,OK,0.5335,0.5610,0.9139,249.00,251.00,0.4694,23,41,41,12,9,9,72,1,7,20,1,3
2,10,8,OK,0.5334,0.6667,0.9498,306.70,193.30,0.5306,26,39,39,11,14,9,72,1,9,18,1,1
2,10,13,OVER-BUDGET,0.0000,0.7419,0.9181,500.65,0.00,0.4694,23,31,31,12,17,9,72,2,1,20,3,7
2,10,10,OVER-BUDGET,0.0000,0.8718,0.9542,500.50,0.00,0.6939,34,39,39,2,14,9,144,2,9,20,3,0
2,10,12,OK,0.3896,0.5385,0.8922,429.00,71.00,0.4286,21,39,39,12,9,9,144,2,9,20,2,0
2,10,19,OK,0.3320,0.6000,0.9649,274.50,225.50,0.1224,6,10,10,12,12,0,144,3,9,20,1,0
2,10,16,OVER-BUDGET,0.0000,0.7826,0.9213,500.40,0.00,0.7347,36,46,46,4,23,9,36,4,9,20,3,4
2,10,24,OVER-BUDGET,0.0000,0.9487,0.9428,501.90,0.00,0.7551,37,39,39,12,14,9,48,2,9,1,2,0
2,10,21,OK,0.4402,0.3846,0.9040,252.50,247.50,0.3061,15,39,39,12,6,9,132,2,5,18,1,7
2,10,18,OVER-BUDGET,0.0000,0.8205,0.9492,502.00,0.00,0.6531,32,39,39,12,14,9,108,2,4,18,3,7
2,10,27,OVER-BUDGET,0.0000,0.9706,0.8264,500.20,0.00,0.6735,33,34,34,12,14,9,36,2,4,2,2,1
2,10,26,ALL-DEAD,0.2033,0.0000,0.0000,192.00,308.00,0.0000,0,39,39,12,10,2,144,2,9,20,1,0
2,10,25,ALL-DEAD,0.2016,0.0000,0.0000,194.50,305.50,0.0000,0,31,31,11,28,6,132,3,0,20,1,6
2,10,15,OK,0.4602,0.7949,0.8911,492.00,8.00,0.6327,31,39,39,12,22,9,36,2,9,12,1,0
2,10,20,OK,0.5840,0.7436,0.9390,279.00,221.00,0.5918,29,39,39,12,14,9,144,2,9,20,1,0
2,10,33,ALL-DEAD,0.1741,0.0000,0.0000,236.20,263.80,0.0000,0,39,39,6,28,3,24,2,9,20,1,6
2,10,28,OVER-BUDGET,0.0000,1.0000,0.9719,501.40,0.00,0.3469,17,17,17,12,14,9,72,3,4,18,3,5
2,10,23,OK,0.4657,0.5000,0.9872,382.00,118.00,0.4898,24,48,48,9,14,9,72,3,4,16,1,2
2,10,22,OK,0.4593,0.5897,0.9557,369.00,131.00,0.4694,23,39,39,12,29,9,144,2,9,20,1,8
2,10,30,ALL-DEAD,0.1626,0.0000,0.0000,253.70,246.30,0.0000,0,46,46,7,14,9,144,4,6,20,1,0
2,10,38,ALL-DEAD,0.2505,0.0000,0.0000,120.50,379.50,0.0000,0,15,15,12,15,7,144,3,5,20,1,0
2,10,32,OK,0.4195,0.4103,0.8164,285.00,215.00,0.3265,16,39,39,12,15,9,144,2,8,20,1,4
2,10,35,ALL-DEAD,0.1613,0.0000,0.0000,255.60,244.40,0.0000,0,39,39,12,28,2,144,2,7,20,1,6
2,10,34,OK,0.4522,0.4615,0.9434,292.50,207.50,0.3673,18,39,39,12,15,6,144,3,9,20,1,0
2,10,40,ALL-DEAD,0.2346,0.0000,0.0000,144.50,355.50,0.0000,0,39,39,12,20,7,72,4,9,20,1,6
2,10,43,OVER-BUDGET,0.0000,1.0000,0.9906,500.30,0.00,0.7959,39,39,39,2,12,9,36,2,9,1,4,0
2,10,42,ALL-DEAD,0.1667,0.0000,0.0000,247.45,252.55,0.0000,0,39,39,12,14,1,144,1,9,20,4,0
2,10,31,OK,0.4416,0.7179,0.9658,482.70,17.30,0.5714,28,39,39,5,8,9,144,1,9,20,2,5
2,10,44,OVER-BUDGET,0.0000,0.9500,0.4910,501.40,0.00,0.7755,38,40,40,9,28,8,72,2,1,3,4,7
2,10,39,ALL-DEAD,0.1698,0.0000,0.0000,242.80,257.20,0.0000,0,39,39,12,22,9,60,1,9,20,1,0
2,10,37,OK,0.5871,0.6522,0.9535,294.00,206.00,0.6122,30,46,46,12,14,9,72,2,9,20,1,0
2,10,46,ALL-DEAD,0.1624,0.0000,0.0000,253.90,246.10,0.0000,0,46,46,4,14,6,156,4,6,10,1,0
2,10,36,OK,0.4040,0.4783,0.6996,389.20,110.80,0.4490,22,46,46,7,14,9,72,3,4,18,1,7
2,10,41,OVER-BUDGET,0.0000,0.6667,0.9006,502.20,0.00,0.5306,26,39,39,12,9,9,36,1,9,20,3,4
2,10,48,OK,0.3097,0.1304,0.7465,268.50,231.50,0.1224,6,46,46,12,11,0,48,1,4,20,1,4
2,10,29,OVER-BUDGET,0.0000,0.5897,0.9483,500.50,0.00,0.4694,23,39,39,2,14,9,84,2,9,20,1,5
2,10,45,OVER-BUDGET,0.0000,0.8205,0.8350,500.55,0.00,0.6531,32,39,39,12,21,9,144,2,9,12,2,0
2,10,49,OK,0.5459,0.6410,0.9543,271.50,228.50,0.5102,25,39,39,12,14,9,144,1,0,20,1,7
2,10,47,OK,0.3661,0.5750,0.6078,447.00,53.00,0.4694,23,40,40,4,14,9,144,2,9,20,1,0
2,11,6,OK,0.5141,0.5122,0.9394,249.00,251.00,0.4286,21,41,41,12,9,9,72,1,7,20,1,3
2,11,4,OK,0.4069,0.3590,0.8656,279.00,221.00,0.2857,14,39,39,12,14,9,144,2,9,20,1,0
2,11,7,OK,0.4977,0.5897,0.9329,306.70,193.30,0.4694,23,39,39,11,14,9,72,1,9,18,1,1
2,11,1,OK,0.5054,0.5641,0.9386,279.00,221.00,0.4490,22,39,39,12,14,9,144,2,9,20,1,0
2,11,2,OK,0.5406,0.5652,0.9399,294.00,206.00,0.5306,26,46,46,12,14,9,72,2,4,20,1,0
2,11,0,OK,0.5090,0.5217,0.8639,294.00,206.00,0.4898,24,46,46,12,14,9,72,2,9,20,1,0
2,11,5,OK,0.5793,0.7179,0.9521,271.50,228.50,0.5714,28,39,39,12,14,9,144,1,0,20,1,7
2,11,3,OK,0.5047,0.6923,0.9764,372.00,128.00,0.5510,27,39,39,12,22,9,36,2,9,20,1,0
2,11,14,OVER-BUDGET,0.0000,0.3913,0.8566,502.40,0.00,0.3673,18,46,46,12,14,4,120,2,4,9,2,0
2,11,8,OK,0.5354,0.6410,0.9080,279.00,221.00,0.5102,25,39,39,12,14,9,144,2,9,20,1,0
2,11,10,OK,0.6074,0.7949,0.9247,275.00,225.00,0.6327,31,39,39,9,10,9,144,2,9,20,1,0
2,11,11,OK,0.5744,0.6304,0.9080,288.00,212.00,0.5918,29,46,46,12,13,9,72,2,9,20,1,0
2,11,9,OK,0.5253,0.6410,0.9778,307.00,193.00,0.5102,25,39,39,9,14,9,144,2,9,20,1,0
2,11,15,OK,0.4206,0.6522,0.9693,294.00,206.00,0.3061,15,23,23,12,14,9,72,2,9,20,1,3
2,11,13,OK,0.5677,0.7174,0.9320,370.50,129.50,0.6735,33,46,46,12,14,9,120,1,3,13,1,0
2,11,16,OK,0.3687,0.9231,0.9245,313.50,186.50,0.2449,12,13,13,12,11,9,144,1,0,15,1,7
2,11,12,OK,0.1784,0.0513,0.6949,390.00,110.00,0.0408,2,39,39,12,29,9,60,2,9,20,1,3
2,11,18,OK,0.3951,0.3696,0.5692,294.00,206.00,0.3469,17,46,46,12,14,2,72,2,9,20,1,4
2,11,17,OK,0.4052,0.6538,0.9176,342.00,158.00,0.3469,17,26,26,12,18,9,60,3,9,20,1,0
2,11,23,OK,0.3801,0.3696,0.8073,360.00,140.00,0.3469,17,46,46,12,5,9,24,2,9,15,1,0
2,11,21,OK,0.3923,0.4565,0.9142,429.00,71.00,0.4286,21,46,46,12,9,9,72,1,9,20,2,0
2,11,19,OK,0.4550,0.4130,0.9640,309.00,191.00,0.3878,19,46,46,12,14,9,72,3,9,20,1,5
2,11,22,OVER-BUDGET,0.0000,0.6304,0.9407,500.20,0.00,0.5918,29,46,46,12,14,9,72,2,9,20,3,0
2,11,24,OK,0.1589,0.0217,0.2458,321.00,179.00,0.0204,1,46,46,8,14,7,144,2,9,20,1,0
2,11,20,OK,0.5877,0.6304,0.9695,279.00,221.00,0.5918,29,46,46,12,14,9,72,1,1,20,1,0
2,11,27,OVER-BUDGET,0.0000,0.4103,0.7222,502.10,0.00,0.3265,16,39,39,10,12,0,144,2,4,3,1,7
2,11,25,OK,0.5256,0.5714,0.9578,354.00,146.00,0.5714,28,49,49,12,14,9,24,2,9,20,1,0
2,11,26,OK,0.5158,0.5217,0.9480,299.00,201.00,0.4898,24,46,46,9,13,9,72,1,9,20,1,0
2,11,35,ALL-DEAD,0.2511,0.0000,0.0000,119.60,380.40,0.0000,0,23,23,3,14,8,72,2,4,20,1,0
2,11,33,OK,0.5248,0.6486,0.9460,285.00,215.00,0.4898,24,37,37,12,15,9,144,2,9,20,1,0
2,11,31,OVER-BUDGET,0.0000,0.7391,0.9271,501.90,0.00,0.6939,34,46,46,12,22,9,144,4,9,7,1,0
2,11,28,OK,0.1768,0.1795,0.8162,499.50,0.50,0.1429,7,39,39,12,22,9,144,1,9,10,1,0
2,11,32,OK,0.5461,0.5870,0.8925,294.00,206.00,0.5510,27,46,46,12,14,9,144,4,9,20,1,0
2,11,30,OVER-BUDGET,0.0000,0.5870,0.8319,502.00,0.00,0.5510,27,46,46,6,14,9,72,1,4,11,1,0
2,11,36,OK,0.4877,0.5217,0.6862,294.00,206.00,0.4898,24,46,46,12,14,0,72,2,9,20,1,0
2,11,34,OK,0.5159,0.5217,0.8549,282.00,218.00,0.4898,24,46,46,12,14,9,120,2,1,20,1,0
2,11,40,OVER-BUDGET,0.0000,0.8889,0.9553,500.15,0.00,0.3265,16,18,18,6,9,9,168,2,9,4,1,0
2,11,43,ALL-DEAD,0.1156,0.0000,0.0000,324.90,175.10,0.0000,0,46,46,12,14,3,72,2,0,20,4,0
2,11,29,OVER-BUDGET,0.0000,0.6552,0.9829,501.10,0.00,0.3878,19,29,29,4,22,9,72,2,9,20,1,7
2,11,37,ALL-DEAD,0.1234,0.0000,0.0000,313.00,187.00,0.0000,0,46,46,12,14,9,72,4,4,20,1,1
2,11,38,OK,0.3839,0.5833,0.6660,277.50,222.50,0.2857,14,24,24,12,14,9,168,2,4,20,1,0
2,11,39,OK,0.3436,0.4615,0.9542,459.00,41.00,0.3673,18,39,39,12,14,9,144,2,9,20,2,0
2,11,49,OVER-BUDGET,0.0000,0.9375,0.8342,500.90,0.00,0.3061,15,16,16,12,14,4,144,2,8,4,3,7
2,11,44,OK,0.4565,0.4130,0.9765,309.00,191.00,0.3878,19,46,46,12,14,5,48,2,9,20,1,0
2,11,42,OK,0.5171,0.5000,0.9426,279.00,221.00,0.4694,23,46,46,12,14,9,144,2,9,20,1,8
2,11,47,OVER-BUDGET,0.0000,0.4375,0.9783,502.00,0.00,0.2857,14,32,32,12,14,7,120,2,9,9,1,0
2,11,48,OK,0.4340,0.4167,0.7227,314.00,186.00,0.4082,20,48,48,12,14,0,72,2,6,18,1,0
2,11,46,ALL-DEAD,0.1457,0.0000,0.0000,279.25,220.75,0.0000,0,46,46,9,15,0,72,2,7,20,1,7
2,11,41,OK,0.4352,1.0000,0.9889,411.60,88.40,0.4694,23,23,23,5,14,9,72,2,9,20,1,0
2,11,45,OK,0.3683,0.5641,0.9689,492.20,7.80,0.4490,22,39,39,11,14,9,84,3,0,20,2,1
2,12,2,OK,0.3157,0.1795,0.7196,271.50,228.50,0.1429,7,39,39,12,14,9,144,1,0,20,1,7
2,12,7,OK,0.5351,0.6410,0.9049,279.00,221.00,0.5102,25,39,39,12,14,9,144,2,9,20,1,0
2,12,1,OK,0.3651,0.2826,0.6109,279.00,221.00,0.2653,13,46,46,12,14,9,72,1,1,20,1,0
2,12,0,OK,0.5355,0.6410,0.8870,275.00,225.00,0.5102,25,39,39,9,10,9,144,2,9,20,1,0
2,12,3,OK,0.5458,0.5652,0.9500,288.00,212.00,0.5306,26,46,46,12,13,9,72,2,9,20,1,0
2,12,6,OK,0.5153,0.5217,0.9162,294.00,206.00,0.4898,24,46,46,12,14,9,72,2,4,20,1,0
2,12,5,OK,0.5336,0.5870,0.7883,294.00,206.00,0.5510,27,46,46,12,14,9,144,4,9,20,1,0
2,12,4,OK,0.5209,0.6304,0.9162,370.50,129.50,0.5918,29,46,46,12,14,9,120,1,3,13,1,0
2,12,9,ALL-DEAD,0.2057,0.0000,0.0000,188.40,311.60,0.0000,0,39,39,9,14,9,144,2,9,20,1,0
2,12,12,OVER-BUDGET,0.0000,0.4359,0.8717,502.00,0.00,0.3469,17,39,39,9,10,2,168,2,9,12,4,1
2,12,15,ALL-DEAD,0.2357,0.0000,0.0000,142.85,357.15,0.0000,0,46,46,12,22,1,72,1,4,19,1,0
2,12,14,ALL-DEAD,0.0762,0.0000,0.0000,384.50,115.50,0.0000,0,45,45,9,10,0,48,2,9,20,2,6
2,12,10,OK,0.4908,0.5128,0.9546,270.00,230.00,0.4082,20,39,39,12,10,9,144,4,9,20,1,0
2,12,11,OK,0.3394,0.6452,0.9462,498.00,2.00,0.4082,20,31,31,12,8,9,24,2,9,20,2,0
2,12,19,OVER-BUDGET,0.0000,0.7500,0.7921,502.00,0.00,0.4286,21,28,28,12,20,1,132,2,1,8,3,4
2,12,8,OK,0.4346,0.4694,0.6671,354.00,146.00,0.4694,23,49,49,12,14,9,24,2,9,20,1,0
2,12,23,OVER-BUDGET,0.0000,0.9565,0.9648,502.05,0.00,0.8980,44,46,46,2,14,9,72,1,1,9,4,0
2,12,21,OVER-BUDGET,0.0000,0.9231,0.9498,502.00,0.00,0.4898,24,26,26,9,10,9,144,4,1,5,1,0
2,12,22,ALL-DEAD,0.1729,0.0000,0.0000,238.00,262.00,0.0000,0,39,39,9,10,3,108,2,9,20,1,0
2,12,16,OVER-BUDGET,0.0000,0.5625,0.9415,502.50,0.00,0.5510,27,48,48,8,20,9,72,4,1,20,3,5
2,12,13,OK,0.5274,0.7179,0.9693,353.40,146.60,0.5714,28,39,39,10,22,9,144,2,9,20,1,0
2,12,18,OK,0.0964,0.0652,0.3140,462.00,38.00,0.0612,3,46,46,12,29,7,108,1,4,13,1,7
2,12,20,OK,0.5357,0.6667,0.9485,303.00,197.00,0.5306,26,39,39,6,9,9,144,2,9,20,1,0
2,12,29,OVER-BUDGET,0.0000,1.0000,0.8922,501.00,0.00,0.7959,39,39,39,10,8,9,144,2,9,1,1,8
2,12,17,OK,0.5545,0.6304,0.9816,331.50,168.50,0.5918,29,46,46,12,23,9,84,1,1,20,1,0
2,12,26,OVER-BUDGET,0.0000,1.0000,0.9616,500.20,0.00,0.3265,16,16,16,12,14,9,72,2,1,20,3,0
2,12,28,ALL-DEAD,0.1276,0.0000,0.0000,306.60,193.40,0.0000,0,46,46,8,14,4,144,3,0,10,1,0
2,12,25,OK,0.5172,0.6667,0.8994,322.00,178.00,0.5306,26,39,39,9,14,9,36,1,9,20,1,6
2,12,27,OK,0.5014,0.7714,0.9460,371.50,128.50,0.5510,27,35,35,12,14,9,144,4,0,14,1,7
2,12,34,ALL-DEAD,0.2043,0.0000,0.0000,190.40,309.60,0.0000,0,39,39,12,14,6,144,2,1,20,1,4
2,12,31,OVER-BUDGET,0.0000,0.8718,0.9684,501.00,0.00,0.6939,34,39,39,3,10,9,144,4,9,5,1,0
2,12,33,OVER-BUDGET,0.0000,0.9487,0.9357,502.15,0.00,0.7551,37,39,39,12,28,9,144,1,9,4,1,0
2,12,30,OK,0.5497,0.5510,0.9002,290.00,210.00,0.5510,27,49,49,9,10,9,72,2,3,20,1,0
2,12,32,OK,0.3100,0.1522,0.7129,279.00,221.00,0.1429,7,46,46,12,14,9,72,1,2,20,1,0
2,12,24,OK,0.5154,0.6957,0.9472,435.60,64.40,0.6531,32,46,46,5,14,9,84,4,1,20,1,0
2,12,36,OK,0.5700,0.6744,0.9512,302.50,197.50,0.5918,29,43,43,12,10,9,72,2,7,17,1,7
2,12,38,OVER-BUDGET,0.0000,0.6739,0.9283,501.05,0.00,0.6327,31,46,46,12,14,9,144,1,1,14,2,0
2,12,43,OVER-BUDGET,0.0000,0.8936,0.9419,502.50,0.00,0.8571,42,47,47,12,30,9,72,2,1,6,3,7
2,12,41,OK,0.4726,0.5000,0.7696,315.00,185.00,0.4694,23,46,46,6,10,9,144,2,7,20,1,0
2,12,44,OVER-BUDGET,0.0000,0.9487,0.8770,503.50,0.00,0.7551,37,39,39,9,10,9,24,2,9,12,3,0
2,12,42,OVER-BUDGET,0.0000,0.7568,0.9693,500.65,0.00,0.5714,28,37,37,12,23,9,144,1,0,7,1,7
2,12,37,OVER-BUDGET,0.0000,0.3590,0.8366,500.10,0.00,0.2857,14,39,39,2,18,9,144,1,9,13,1,7
2,12,49,OVER-BUDGET,0.0000,0.9333,0.9131,501.40,0.00,0.8571,42,45,45,9,9,9,144,1,5,1,4,0
2,12,45,OVER-BUDGET,0.0000,0.8205,0.9257,501.00,0.00,0.6531,32,39,39,7,10,9,72,4,9,20,4,7
2,12,35,OVER-BUDGET,0.0000,0.3696,0.9508,500.60,0.00,0.3469,17,46,46,2,14,9,84,3,1,20,1,7
2,12,39,OVER-BUDGET,0.0000,0.1282,0.8080,500.50,0.00,0.1020,5,39,39,4,15,9,24,2,9,20,1,0
2,12,40,OK,0.3257,0.4615,0.9863,492.00,8.00,0.3673,18,39,39,3,10,9,60,4,0,20,1,4
2,12,48,OVER-BUDGET,0.0000,0.2083,0.9699,500.60,0.00,0.2041,10,48,48,12,13,3,144,2,9,20,3,6
2,12,47,OVER-BUDGET,0.0000,0.9487,0.9613,500.50,0.00,0.7551,37,39,39,1,10,9,144,1,0,20,4,7
2,12,46,OK,0.2780,0.2000,0.8542,370.10,129.90,0.1633,8,40,40,7,17,9,144,2,9,20,1,7
2,13,0,OK,0.4897,0.5116,0.9370,302.50,197.50,0.4490,22,43,43,12,10,9,72,2,7,17,1,7
2,13,6,OK,0.2598,0.0256,0.8563,279.00,221.00,0.0204,1,39,39,12,14,9,144,2,9,20,1,0
2,13,5,OK,0.5424,0.6410,0.9444,275.00,225.00,0.5102,25,39,39,9,10,9,144,2,9,20,1,0
2,13,3,OK,0.4864,0.4565,0.9227,288.00,212.00,0.4286,21,46,46,12,13,9,72,2,9,20,1,0
2,13,7,OK,0.4560,0.4348,0.7962,294.00,206.00,0.4082,20,46,46,12,14,9,144,4,9,20,1,0
2,13,4,OK,0.5595,0.7179,0.9596,303.00,197.00,0.5714,28,39,39,6,9,9,144,2,9,20,1,0
2,13,2,OK,0.5085,0.5102,0.7445,290.00,210.00,0.5102,25,49,49,9,10,9,72,2,3,20,1,0
2,13,11,OVER-BUDGET,0.0000,0.2609,0.8781,501.00,0.00,0.2449,12,46,46,9,10,8,84,2,8,12,4,0
2,13,1,OK,0.3936,0.3696,0.7629,331.50,168.50,0.3469,17,46,46,12,23,9,84,1,1,20,1,0
2,13,14,ALL-DEAD,0.2330,0.0000,0.0000,147.00,353.00,0.0000,0,16,16,12,15,4,84,4,1,20,1,0
2,13,12,OVER-BUDGET,0.0000,0.4651,0.8769,500.60,0.00,0.4082,20,43,43,12,6,9,72,2,7,13,3,7
2,13,10,OK,0.4387,1.0000,0.9711,318.00,182.00,0.3673,18,18,18,6,9,9,144,4,9,20,1,0
2,13,19,OVER-BUDGET,0.0000,1.0000,0.9833,501.30,0.00,0.2245,11,11,11,12,21,9,72,2,9,1,4,0
2,13,9,OK,0.1838,0.0870,0.4451,370.50,129.50,0.0816,4,46,46,12,14,9,120,1,3,13,1,0
2,13,13,OVER-BUDGET,0.0000,0.8718,0.7493,500.55,0.00,0.6939,34,39,39,2,27,9,60,1,1,20,3,0
2,13,17,OVER-BUDGET,0.0000,0.6279,0.8923,500.80,0.00,0.5510,27,43,43,12,8,9,84,2,7,7,1,0
2,13,8,OK,0.3974,0.4359,0.9149,353.40,146.60,0.3469,17,39,39,10,22,9,144,2,9,20,1,0
2,13,15,OK,0.4176,0.4783,0.9103,406.90,93.10,0.4490,22,46,46,11,8,9,84,2,1,11,1,6
2,13,25,OVER-BUDGET,0.0000,0.9167,0.9115,502.50,0.00,0.6735,33,36,36,12,10,9,84,4,9,1,1,6
2,13,22,ALL-DEAD,0.1192,0.0000,0.0000,319.35,180.65,0.0000,0,37,37,6,23,0,36,3,1,13,1,2
2,13,16,OK,0.5093,0.6410,0.9542,327.00,173.00,0.5102,25,39,39,12,22,9,144,2,9,20,1,0
2,13,28,ALL-DEAD,0.2492,0.0000,0.0000,122.50,377.50,0.0000,0,46,46,12,10,3,132,2,7,17,1,0
2,13,23,OK,0.4360,0.4186,0.9458,317.50,182.50,0.3673,18,43,43,12,10,9,48,2,1,17,1,7
2,13,26,OVER-BUDGET,0.0000,0.2093,0.5817,501.00,0.00,0.1837,9,43,43,12,6,9,72,1,3,8,1,0
2,13,20,OVER-BUDGET,0.0000,0.1860,0.6102,502.50,0.00,0.1633,8,43,43,1,10,9,36,1,2,17,2,6
2,13,21,OK,0.5459,0.6923,0.9812,310.50,189.50,0.5510,27,39,39,6,9,9,144,3,9,20,1,0
2,13,29,ALL-DEAD,0.0701,0.0000,0.0000,393.75,106.25,0.0000,0,32,32,2,15,3,72,2,7,11,2,7
2,13,18,OK,0.4590,0.5435,0.9397,400.50,99.50,0.5102,25,46,46,8,23,9,84,1,1,20,1,8
2,13,34,ALL-DEAD,0.2207,0.0000,0.0000,165.60,334.40,0.0000,0,16,16,12,14,6,144,2,7,15,1,0
2,13,33,ALL-DEAD,0.2168,0.0000,0.0000,171.45,328.55,0.0000,0,46,46,12,23,4,120,1,3,13,1,0
2,13,35,OVER-BUDGET,0.0000,0.8837,0.8231,501.20,0.00,0.7755,38,43,43,12,12,9,72,2,7,5,3,7
2,13,31,ALL-DEAD,0.1949,0.0000,0.0000,204.70,295.30,0.0000,0,46,46,12,12,6,72,2,7,20,1,0
2,13,38,ALL-DEAD,0.2395,0.0000,0.0000,137.10,362.90,0.0000,0,49,49,9,22,1,72,2,3,20,1,0
2,13,27,OVER-BUDGET,0.0000,0.5581,0.9545,502.50,0.00,0.4898,24,43,43,4,30,9,24,2,7,17,2,7
2,13,40,ALL-DEAD,0.2848,0.0000,0.0000,68.50,431.50,0.0000,0,43,43,12,10,2,72,2,7,17,1,7
2,13,37,OVER-BUDGET,0.0000,0.8621,0.9350,501.00,0.00,0.5102,25,29,29,12,10,9,144,2,9,5,1,0
2,13,42,OVER-BUDGET,0.0000,1.0000,0.9547,500.65,0.00,0.9388,46,46,46,12,23,9,72,1,9,1,2,7
2,13,30,OK,0.4997,0.5814,0.9762,345.50,154.50,0.5102,25,43,43,7,10,9,72,2,7,17,1,0
2,13,43,OVER-BUDGET,0.0000,1.0000,0.9137,502.10,0.00,0.8776,43,43,43,12,23,9,132,2,7,6,4,7
2,13,24,OVER-BUDGET,0.0000,0.4783,0.9921,500.40,0.00,0.4490,22,46,46,5,24,9,72,3,9,20,1,8
2,13,46,ALL-DEAD,0.0901,0.0000,0.0000,363.50,136.50,0.0000,0,44,44,12,10,1,120,2,7,17,3,6
2,13,32,OVER-BUDGET,0.0000,0.7391,0.9522,503.40,0.00,0.6939,34,46,46,12,23,9,144,3,4,20,2,0
2,13,49,ALL-DEAD,0.2701,0.0000,0.0000,90.75,409.25,0.0000,0,46,46,5,13,4,84,2,9,20,1,0
2,13,39,OK,0.4850,0.5000,0.9637,331.50,168.50,0.4694,23,46,46,12,23,9,84,1,1,20,1,0
2,13,48,ALL-DEAD,0.1881,0.0000,0.0000,215.00,285.00,0.0000,0,49,49,6,10,7,72,2,8,20,1,0
2,13,41,OK,0.3390,0.7857,0.9439,345.00,155.00,0.2245,11,14,14,9,15,9,48,2,7,20,1,7
2,13,44,OVER-BUDGET,0.0000,0.7391,0.8825,500.70,0.00,0.6939,34,46,46,2,28,9,84,2,7,20,3,7
2,13,36,OVER-BUDGET,0.0000,0.6122,0.8736,500.75,0.00,0.6122,30,49,49,1,10,9,72,3,3,17,1,7
2,13,45,OK,0.5594,0.7368,0.9423,300.00,200.00,0.5714,28,38,38,8,10,9,72,2,7,20,1,7
2,13,47,OK,0.3935,0.4286,0.9711,437.50,62.50,0.4286,21,49,49,9,10,9,72,2,7,11,1,1
2,14,7,OK,0.2131,0.0233,0.5957,302.50,197.50,0.0204,1,43,43,12,10,9,72,2,7,17,1,7
2,14,3,OK,0.4338,0.4615,0.6941,275.00,225.00,0.3673,18,39,39,9,10,9,144,2,9,20,1,0
2,14,5,OK,0.4691,0.4082,0.8835,290.00,210.00,0.4082,20,49,49,9,10,9,72,2,3,20,1,0
2,14,2,OK,0.4888,0.5641,0.9730,310.50,189.50,0.4490,22,39,39,6,9,9,144,3,9,20,1,0
2,14,6,OK,0.5217,0.6279,0.9726,345.50,154.50,0.5510,27,43,43,7,10,9,72,2,7,17,1,0
2,14,1,OK,0.5492,0.7105,0.9510,300.00,200.00,0.5510,27,38,38,8,10,9,72,2,7,20,1,7
2,14,0,OK,0.5258,0.6410,0.9596,303.00,197.00,0.5102,25,39,39,6,9,9,144,2,9,20,1,0
2,14,4,OK,0.3198,0.2821,0.6842,327.00,173.00,0.2245,11,39,39,12,22,9,144,2,9,20,1,0
2,14,14,OVER-BUDGET,0.0000,0.5897,0.8629,502.00,0.00,0.4694,23,39,39,8,10,4,108,2,0,5,3,7
2,14,12,OVER-BUDGET,0.0000,0.9535,0.9465,500.30,0.00,0.8367,41,43,43,1,8,9,144,2,7,3,1,1
2,14,8,OK,0.2702,0.0217,0.9918,288.00,212.00,0.0204,1,46,46,12,13,9,72,2,9,20,1,0
2,14,16,ALL-DEAD,0.2010,0.0000,0.0000,195.50,304.50,0.0000,0,40,40,8,10,2,144,4,7,17,1,0
2,14,11,OK,0.5276,0.6154,0.9366,279.00,221.00,0.4898,24,39,39,6,7,9,144,2,6,20,1,7
2,14,19,ALL-DEAD,0.0410,0.0000,0.0000,437.90,62.10,0.0000,0,18,18,6,27,6,144,4,9,4,1,7
2,14,10,OK,0.3097,0.3673,0.7047,465.00,35.00,0.3673,18,49,49,8,10,9,72,1,3,20,2,7
2,14,9,OK,0.5626,0.6522,0.9556,331.50,168.50,0.6122,30,46,46,12,23,9,84,1,1,20,1,0
2,14,13,OK,0.5051,0.6667,0.9083,342.00,158.00,0.5306,26,39,39,12,22,9,144,4,1,20,1,0
2,14,20,ALL-DEAD,0.1339,0.0000,0.0000,297.10,202.90,0.0000,0,38,38,8,18,5,96,2,7,11,1,7
2,14,18,OK,0.5369,0.7105,0.9308,315.00,185.00,0.5510,27,38,38,12,10,9,72,2,5,16,1,7
2,14,15,OK,0.2048,0.3125,0.8983,438.00,62.00,0.1020,5,16,16,6,19,9,144,4,9,20,1,0
2,14,23,OK,0.4629,1.0000,0.9801,300.00,200.00,0.3878,19,19,19,8,10,9,72,2,7,20,1,0
2,14,27,OVER-BUDGET,0.0000,1.0000,0.9301,501.00,0.00,0.5918,29,29,29,9,10,9,72,1,3,2,1,0
2,14,22,OK,0.5809,0.7179,0.9392,266.75,233.25,0.5714,28,39,39,9,10,9,168,1,9,20,1,0
2,14,25,ALL-DEAD,0.1237,0.0000,0.0000,312.50,187.50,0.0000,0,38,38,8,10,9,72,2,7,18,1,7
2,14,31,OVER-BUDGET,0.0000,1.0000,0.9454,501.85,0.00,0.7755,38,38,38,6,9,9,72,2,5,2,2,7
2,14,30,ALL-DEAD,0.1967,0.0000,0.0000,201.90,298.10,0.0000,0,23,23,6,22,8,144,2,9,20,1,4
2,14,33,ALL-DEAD,0.2633,0.0000,0.0000,101.10,398.90,0.0000,0,26,26,9,27,1,72,2,5,18,1,8
2,14,21,OK,0.3274,0.5000,0.6872,435.00,65.00,0.3673,18,36,36,6,15,9,144,2,9,15,1,5
2,14,28,ALL-DEAD,0.0901,0.0000,0.0000,363.50,136.50,0.0000,0,38,38,8,10,2,72,2,7,18,2,7
2,14,35,OVER-BUDGET,0.0000,0.9231,0.9427,501.35,0.00,0.7347,36,39,39,9,9,9,144,2,9,4,2,0
2,14,17,OVER-BUDGET,0.0000,0.7778,0.9040,500.40,0.00,0.4286,21,27,27,4,22,9,144,2,0,20,1,0
2,14,29,OK,0.3242,0.8667,0.9493,402.50,97.50,0.2653,13,15,15,9,10,9,156,3,1,12,1,7
2,14,38,ALL-DEAD,0.1122,0.0000,0.0000,330.00,170.00,0.0000,0,38,38,3,5,4,72,4,7,19,4,7
2,14,32,OK,0.4360,0.3469,0.9431,300.00,200.00,0.3469,17,49,49,12,10,9,72,4,9,20,1,1
2,14,36,ALL-DEAD,0.1558,0.0000,0.0000,264.00,236.00,0.0000,0,40,40,12,22,2,108,2,9,12,1,0
2,14,37,ALL-DEAD,0.2191,0.0000,0.0000,168.00,332.00,0.0000,0,38,38,3,10,3,144,2,7,20,1,0
2,14,24,OVER-BUDGET,0.0000,0.6279,0.9804,500.10,0.00,0.5510,27,43,43,2,17,9,72,2,7,20,1,7
2,14,34,OK,0.5414,0.6667,0.9240,289.80,210.20,0.5306,26,39,39,10,9,9,48,2,7,20,1,8
2,14,40,OVER-BUDGET,0.0000,0.5385,0.5728,500.00,0.00,0.4286,21,39,39,6,12,6,144,2,8,20,4,0
2,14,44,OK,0.4532,1.0000,0.9591,259.80,240.20,0.3265,16,16,16,10,9,9,144,2,9,20,1,0
2,14,26,OVER-BUDGET,0.0000,0.3143,0.7464,500.70,0.00,0.2245,11,35,35,6,28,9,96,2,9,20,1,0
2,14,42,OK,0.2986,0.5789,0.6812,358.50,141.50,0.2245,11,19,19,9,10,9,108,2,7,14,1,0
2,14,49,ALL-DEAD,0.2826,0.0000,0.0000,71.75,428.25,0.0000,0,40,40,6,9,4,144,2,9,20,1,0
2,14,39,OVER-BUDGET,0.0000,1.0000,0.9890,500.30,0.00,0.2857,14,14,14,6,22,9,72,2,9,20,2,7
2,14,46,ALL-DEAD,0.1255,0.0000,0.0000,309.90,190.10,0.0000,0,38,38,8,9,5,72,4,2,20,1,7
2,14,41,OK,0.5886,0.7949,0.9216,303.00,197.00,0.6327,31,39,39,6,9,9,144,2,9,20,1,0
2,14,43,OK,0.3421,1.0000,0.9750,363.00,137.00,0.2449,12,12,12,8,17,9,72,2,9,20,1,8
2,14,45,OVER-BUDGET,0.0000,0.6410,0.9536,500.35,0.00,0.5102,25,39,39,6,9,9,72,4,9,8,1,3
2,14,47,OK,0.4183,0.5128,0.9111,372.00,128.00,0.4082,20,39,39,8,18,9,72,2,9,20,1,0
2,14,48,OVER-BUDGET,0.0000,0.2051,0.8169,500.25,0.00,0.1633,8,39,39,1,9,9,144,2,9,11,1,2
2,15,4,OK,0.4239,0.4103,0.8800,289.80,210.20,0.3265,16,39,39,10,9,9,48,2,7,20,1,8
2,15,5,OK,0.4825,0.5789,0.9456,315.00,185.00,0.4490,22,38,38,12,10,9,72,2,5,16,1,7
2,15,3,OK,0.2884,0.1579,0.7418,300.00,200.00,0.1224,6,38,38,8,10,9,72,2,7,20,1,7
2,15,1,OK,0.5694,0.6923,0.9369,266.75,233.25,0.5510,27,39,39,9,10,9,168,1,9,20,1,0
2,15,7,OK,0.3730,0.3590,0.7154,303.00,197.00,0.2857,14,39,39,6,9,9,144,2,9,20,1,0
2,15,6,OK,0.5375,0.6410,0.9253,279.00,221.00,0.5102,25,39,39,6,7,9,144,2,6,20,1,7
2,15,0,OK,0.5547,0.7179,0.9198,303.00,197.00,0.5714,28,39,39,6,9,9,144,2,9,20,1,0
2,15,11,OVER-BUDGET,0.0000,0.5385,0.8046,502.50,0.00,0.4286,21,39,39,12,5,9,144,2,9,4,1,0
2,15,2,OK,0.5747,0.6739,0.9624,331.50,168.50,0.6327,31,46,46,12,23,9,84,1,1,20,1,0
2,15,16,OVER-BUDGET,0.0000,0.5385,0.8585,501.60,0.00,0.4286,21,39,39,10,9,4,48,2,9,2,1,0
2,15,12,OK,0.5260,0.5641,0.9447,249.00,251.00,0.4490,22,39,39,12,9,9,144,2,5,20,1,0
2,15,14,OK,0.5496,0.6410,0.9130,258.50,241.50,0.5102,25,39,39,9,7,9,144,3,9,20,1,0
2,15,10,OK,0.5053,0.5581,0.8826,303.00,197.00,0.4898,24,43,43,6,9,9,156,2,9,20,1,5
2,15,15,OVER-BUDGET,0.0000,0.3077,0.9689,500.25,0.00,0.2449,12,39,39,10,9,9,48,2,7,7,1,8
2,15,9,OK,0.5550,0.7692,0.9502,342.00,158.00,0.6122,30,39,39,12,22,9,144,4,1,20,1,0
2,15,8,OK,0.6204,0.8372,0.9527,345.50,154.50,0.7347,36,43,43,7,10,9,72,2,7,17,1,0
2,15,13,OK,0.4648,0.5854,0.9577,378.00,122.00,0.4898,24,41,41,6,14,9,144,4,6,20,1,0
2,15,18,OVER-BUDGET,0.0000,1.0000,0.9834,500.60,0.00,0.2449,12,12,12,9,28,9,48,4,9,20,3,0
2,15,23,ALL-DEAD,0.1818,0.0000,0.0000,224.50,275.50,0.0000,0,39,39,9,10,4,24,1,9,20,1,2
2,15,20,OVER-BUDGET,0.0000,0.9167,0.9763,500.10,0.00,0.4490,22,24,24,9,16,9,144,2,8,20,4,1
2,15,22,OK,0.3826,0.3333,0.8172,290.00,210.00,0.2653,13,39,39,9,10,0,36,1,1,20,1,8
2,15,28,OVER-BUDGET,0.0000,0.9565,0.8347,500.75,0.00,0.8980,44,46,46,8,9,9,96,2,9,2,2,0
2,15,25,OVER-BUDGET,0.0000,0.8974,0.9091,501.00,0.00,0.7143,35,39,39,6,10,9,144,1,9,3,1,0
2,15,24,ALL-DEAD,0.1658,0.0000,0.0000,248.80,251.20,0.0000,0,46,46,12,7,9,72,2,7,20,1,1
2,15,19,OK,0.4965,0.5610,0.9660,314.50,185.50,0.4694,23,41,41,6,9,9,132,2,9,19,1,0
2,15,21,OVER-BUDGET,0.0000,0.6667,0.9629,500.05,0.00,0.5306,26,39,39,6,9,9,144,2,9,8,1,0
2,15,32,OVER-BUDGET,0.0000,1.0000,0.9264,501.60,0.00,0.7959,39,39,39,2,9,9,96,2,9,2,1,0
2,15,29,ALL-DEAD,0.0215,0.0000,0.0000,467.45,32.55,0.0000,0,41,41,6,9,6,144,3,9,20,4,3
2,15,30,ALL-DEAD,0.1983,0.0000,0.0000,199.50,300.50,0.0000,0,39,39,1,10,2,168,1,6,20,1,9
2,15,36,ALL-DEAD,0.0166,0.0000,0.0000,474.80,25.20,0.0000,0,39,39,9,18,7,144,2,8,4,1,3
2,15,26,OK,0.5176,0.6410,0.9324,310.50,189.50,0.5102,25,39,39,6,9,9,144,3,9,20,1,2
2,15,17,OVER-BUDGET,0.0000,0.6410,0.9459,502.10,0.00,0.5102,25,39,39,3,28,9,48,1,7,20,1,5
2,15,27,OK,0.4543,0.5128,0.8316,303.00,197.00,0.4082,20,39,39,6,9,9,144,2,9,20,1,0
2,15,33,OVER-BUDGET,0.0000,0.0217,0.0798,501.00,0.00,0.0204,1,46,46,4,10,2,84,1,9,5,1,0
2,15,38,OVER-BUDGET,0.0000,0.8974,0.9444,501.35,0.00,0.7143,35,39,39,6,9,9,144,3,9,11,4,8
2,15,31,OVER-BUDGET,0.0000,0.8205,0.9725,502.75,0.00,0.6531,32,39,39,6,29,9,144,2,9,6,1,0
2,15,37,OK,0.3528,0.8571,0.9486,342.00,158.00,0.2449,12,14,14,6,9,9,84,4,7,20,1,0
2,15,41,ALL-DEAD,0.1842,0.0000,0.0000,220.85,279.15,0.0000,0,39,39,10,19,8,144,1,9,20,1,0
2,15,35,OVER-BUDGET,0.0000,0.7179,0.9713,500.95,0.00,0.5714,28,39,39,9,27,9,168,1,9,20,2,3
2,15,39,OK,0.5454,0.8485,0.8920,312.00,188.00,0.5714,28,33,33,10,10,9,36,2,9,20,1,0
2,15,42,OVER-BUDGET,0.0000,0.5641,0.7824,502.25,0.00,0.4490,22,39,39,9,10,9,132,1,9,20,4,0
2,15,48,ALL-DEAD,0.1827,0.0000,0.0000,223.20,276.80,0.0000,0,13,13,8,23,1,84,1,1,20,4,0
2,15,45,OVER-BUDGET,0.0000,0.0294,0.2274,502.65,0.00,0.0204,1,34,34,3,6,5,36,1,6,20,4,0
2,15,40,OK,0.5189,0.7143,0.9597,313.50,186.50,0.5102,25,35,35,6,10,9,168,2,9,20,1,0
2,15,47,ALL-DEAD,0.1939,0.0000,0.0000,206.25,293.75,0.0000,0,39,39,12,9,1,84,1,1,20,1,0
2,15,43,OK,0.5259,0.6154,0.9207,278.75,221.25,0.4898,24,39,39,9,9,9,168,1,9,18,1,0
2,15,34,OK,0.2665,0.3158,0.9335,470.00,30.00,0.2449,12,38,38,3,10,9,72,2,7,18,1,7
2,15,44,OVER-BUDGET,0.0000,0.5385,0.8876,500.50,0.00,0.4286,21,39,39,9,10,9,168,4,9,14,2,1
2,15,46,OK,0.5603,0.7949,0.9709,354.75,145.25,0.6327,31,39,39,9,21,9,168,1,9,20,1,0
2,15,49,OK,0.4693,0.6923,0.9828,426.75,73.25,0.5510,27,39,39,3,10,9,168,1,9,20,1,0
2,16,7,OK,0.4033,0.4545,0.9236,312.00,188.00,0.3061,15,33,33,10,10,9,36,2,9,20,1,0
2,16,6,OK,0.5713,0.6923,0.9071,258.50,241.50,0.5510,27,39,39,9,7,9,144,3,9,20,1,0
2,16,2,OK,0.5468,0.6410,0.9354,266.75,233.25,0.5102,25,39,39,9,10,9,168,1,9,20,1,0
2,16,5,OK,0.5083,0.6154,0.9074,303.00,197.00,0.4898,24,39,39,6,9,9,144,2,9,20,1,0
2,16,11,ALL-DEAD,0.2567,0.0000,0.0000,111.00,389.00,0.0000,0,16,16,9,5,2,96,2,7,20,1,0
2,16,4,OK,0.4761,0.5897,0.9470,342.00,158.00,0.4694,23,39,39,12,22,9,144,4,1,20,1,0
2,16,1,OK,0.3238,0.2609,0.6488,331.50,168.50,0.2449,12,46,46,12,23,9,84,1,1,20,1,0
2,16,0,OK,0.5872,0.7674,0.9567,345.50,154.50,0.6735,33,43,43,7,10,9,72,2,7,17,1,0
2,16,3,OK,0.5582,0.7949,0.9533,354.75,145.25,0.6327,31,39,39,9,21,9,168,1,9,20,1,0
2,16,14,ALL-DEAD,0.1987,0.0000,0.0000,199.00,301.00,0.0000,0,15,15,11,8,8,72,1,7,20,1,0
2,16,9,OK,0.2767,0.1026,0.5510,249.00,251.00,0.0816,4,39,39,12,9,9,144,2,5,20,1,0
2,16,8,OK,0.4866,0.5128,0.9685,279.00,221.00,0.4082,20,39,39,6,7,9,144,2,6,20,1,7
2,16,16,ALL-DEAD,0.2043,0.0000,0.0000,190.40,309.60,0.0000,0,43,43,2,21,1,168,2,9,17,1,0
2,16,18,ALL-DEAD,0.0008,0.0000,0.0000,498.75,1.25,0.0000,0,39,39,7,10,7,84,1,6,20,4,8
2,16,10,ALL-DEAD,0.0045,0.0000,0.0000,493.25,6.75,0.0000,0,43,43,7,10,9,84,1,7,8,1,0
2,16,13,OK,0.4380,0.6786,0.9212,327.00,173.00,0.3878,19,28,28,12,22,9,144,2,9,20,1,8
2,16,19,OVER-BUDGET,0.0000,0.8085,0.9528,503.60,0.00,0.7755,38,47,47,5,23,9,132,4,1,17,3,0
2,16,20,ALL-DEAD,0.1305,0.0000,0.0000,302.25,197.75,0.0000,0,43,43,7,10,8,72,1,9,18,1,0
2,16,24,ALL-DEAD,0.2417,0.0000,0.0000,133.85,366.15,0.0000,0,43,43,6,16,8,168,1,7,17,1,0
2,16,21,ALL-DEAD,0.0005,0.0000,0.0000,499.20,0.80,0.0000,0,46,46,12,22,6,60,1,1,20,3,4
2,16,22,ALL-DEAD,0.1569,0.0000,0.0000,262.30,237.70,0.0000,0,43,43,4,27,7,168,2,6,20,1,0
2,16,17,OK,0.1860,0.0930,0.7227,417.60,82.40,0.0816,4,43,43,7,17,9,72,2,8,17,1,0
2,16,15,OVER-BUDGET,0.0000,0.4615,0.8992,500.30,0.00,0.3673,18,39,39,2,9,9,72,4,7,17,1,0
2,16,12,OK,0.4148,0.6047,0.8809,473.80,26.20,0.5306,26,43,43,7,21,9,72,3,9,17,1,0
2,16,23,OK,0.5460,0.5652,0.9521,288.00,212.00,0.5306,26,46,46,12,13,9,144,4,6,20,1,0
2,16,27,OVER-BUDGET,0.0000,1.0000,0.9545,500.50,0.00,0.8776,43,43,43,1,10,9,72,2,7,4,1,0
2,16,28,OK,0.4831,0.5385,0.9059,289.95,210.05,0.4286,21,39,39,10,6,9,168,1,1,15,1,0
2,16,32,ALL-DEAD,0.1704,0.0000,0.0000,241.85,258.15,0.0000,0,43,43,3,23,4,96,1,9,6,1,0
2,16,30,OVER-BUDGET,0.0000,0.7442,0.9533,500.50,0.00,0.6531,32,43,43,12,22,9,60,4,1,20,4,0
2,16,25,OK,0.5200,0.6667,0.9041,318.75,181.25,0.5306,26,39,39,12,22,9,168,1,1,20,1,0
2,16,37,OVER-BUDGET,0.0000,0.3810,0.3894,500.30,0.00,0.1633,8,21,21,9,24,6,144,2,7,5,3,0
2,16,29,OK,0.3220,0.7647,0.9668,409.00,91.00,0.2653,13,17,17,12,23,9,84,1,1,14,1,0
2,16,39,OVER-BUDGET,0.0000,0.9767,0.9480,501.25,0.00,0.8571,42,43,43,7,10,9,72,1,4,4,4,0
2,16,26,OK,0.5356,0.6591,0.9518,354.75,145.25,0.5918,29,44,44,9,21,9,168,1,9,20,1,0
2,16,31,OVER-BUDGET,0.0000,0.7674,0.9406,501.85,0.00,0.6735,33,43,43,8,23,9,72,1,8,17,2,0
2,16,35,OVER-BUDGET,0.0000,0.8837,0.9284,501.85,0.00,0.7755,38,43,43,7,22,9,24,1,7,11,2,0
2,16,33,OK,0.5187,0.5652,0.9641,331.50,168.50,0.5306,26,46,46,12,23,9,84,1,1,20,1,0
2,16,36,OK,0.4718,0.8462,0.9334,329.00,171.00,0.4490,22,26,26,7,10,9,168,2,9,17,1,0
2,16,40,OK,0.4932,1.0000,0.9136,276.00,224.00,0.4286,21,21,21,12,10,9,60,2,9,20,1,9
2,16,41,OK,0.4335,0.3953,0.9198,299.50,200.50,0.3469,17,43,43,12,7,9,72,3,7,17,1,0
2,16,38,OVER-BUDGET,0.0000,0.8140,0.9352,500.25,0.00,0.7143,35,43,43,7,10,9,168,1,5,6,1,0
2,16,46,ALL-DEAD,0.2392,0.0000,0.0000,137.65,362.35,0.0000,0,39,39,11,23,6,48,1,1,20,1,0
2,16,44,OVER-BUDGET,0.0000,1.0000,0.9807,501.80,0.00,0.2041,10,10,10,7,7,9,72,2,7,17,4,0
2,16,48,OVER-BUDGET,0.0000,0.8696,0.7276,500.85,0.00,0.8163,40,46,46,12,16,0,84,1,1,1,1,0
2,16,42,OK,0.4396,0.4103,0.9599,280.50,219.50,0.3265,16,39,39,9,10,9,108,1,1,19,1,3
2,16,43,OK,0.2472,0.0465,0.6957,286.00,214.00,0.0408,2,43,43,12,10,9,84,1,7,17,1,0
2,16,34,OK,0.1771,0.1628,0.5948,458.80,41.20,0.1429,7,43,43,7,21,9,72,2,1,17,1,4
2,16,47,OVER-BUDGET,0.0000,0.6667,0.9708,500.40,0.00,0.5306,26,39,39,9,12,9,168,2,5,7,1,0
2,16,45,OK,0.4182,0.4348,0.9407,377.50,122.50,0.4082,20,46,46,12,29,9,84,1,1,19,1,2
2,16,49,OK,0.4663,0.5897,0.9353,354.75,145.25,0.4694,23,39,39,9,21,9,168,1,9,20,1,0
2,17,3,OK,0.4520,0.4615,0.7998,266.75,233.25,0.3673,18,39,39,9,10,9,168,1,9,20,1,0
2,17,7,ALL-DEAD,0.1637,0.0000,0.0000,251.90,248.10,0.0000,0,46,46,12,23,9,84,1,1,20,1,0
2,17,1,OK,0.5846,0.7179,0.9248,258.50,241.50,0.5714,28,39,39,9,7,9,144,3,9,20,1,0
2,17,6,OK,0.2888,0.1795,0.7546,318.75,181.25,0.1429,7,39,39,12,22,9,168,1,1,20,1,0
2,17,4,OK,0.5807,0.6304,0.9609,288.00,212.00,0.5918,29,46,46,12,13,9,144,4,6,20,1,0
2,17,0,OK,0.4280,0.4651,0.8458,345.50,154.50,0.4082,20,43,43,7,10,9,72,2,7,17,1,0
2,17,10,ALL-DEAD,0.2073,0.0000,0.0000,185.85,314.15,0.0000,0,39,39,9,7,3,144,1,2,20,1,5
2,17,2,OK,0.4717,0.5897,0.9804,354.75,145.25,0.4694,23,39,39,9,21,9,168,1,9,20,1,0
2,17,8,ALL-DEAD,0.1944,0.0000,0.0000,205.45,294.55,0.0000,0,39,39,6,9,9,144,2,9,20,1,0
2,17,14,ALL-DEAD,0.2329,0.0000,0.0000,147.10,352.90,0.0000,0,16,16,4,27,8,144,2,9,20,1,0
2,17,11,ALL-DEAD,0.2147,0.0000,0.0000,174.70,325.30,0.0000,0,39,39,10,21,6,144,1,9,20,1,0
2,17,5,OK,0.4821,0.5455,0.9734,354.75,145.25,0.4898,24,44,44,9,21,9,168,1,9,20,1,0
2,17,9,OK,0.4743,0.9048,0.9430,276.00,224.00,0.3878,19,21,21,12,10,9,60,2,9,20,1,9
2,17,12,OVER-BUDGET,0.0000,0.8182,0.9551,501.95,0.00,0.3673,18,22,22,9,13,9,96,3,8,17,3,0
2,17,21,OVER-BUDGET,0.0000,0.9744,0.7995,502.60,0.00,0.7755,38,39,39,9,21,6,96,3,5,1,1,4
2,17,20,OVER-BUDGET,0.0000,0.8837,0.8654,501.25,0.00,0.7755,38,43,43,7,7,9,144,2,7,2,1,0
2,17,18,OVER-BUDGET,0.0000,0.5435,0.8755,500.20,0.00,0.5102,25,46,46,12,7,9,144,3,9,5,1,0
2,17,23,ALL-DEAD,0.2587,0.0000,0.0000,108.10,391.90,0.0000,0,46,46,12,13,3,144,4,6,20,1,0
2,17,22,ALL-DEAD,0.2379,0.0000,0.0000,139.55,360.45,0.0000,0,39,39,5,7,2,96,3,9,18,1,0
2,17,15,OK,0.4944,0.5814,0.9460,348.10,151.90,0.5102,25,43,43,7,7,9,60,2,9,15,1,0
2,17,16,OK,0.3869,0.6538,0.9601,377.50,122.50,0.3469,17,26,26,6,10,9,72,3,7,17,1,0
2,17,17,OK,0.4851,0.6154,0.8588,329.25,170.75,0.4898,24,39,39,12,23,9,96,1,1,20,1,0
2,17,29,ALL-DEAD,0.2166,0.0000,0.0000,171.75,328.25,0.0000,0,16,16,3,21,0,96,3,9,15,1,0
2,17,28,ALL-DEAD,0.1515,0.0000,0.0000,270.50,229.50,0.0000,0,43,43,12,30,1,72,4,5,11,1,0
2,17,30,ALL-DEAD,0.2395,0.0000,0.0000,137.10,362.90,0.0000,0,29,29,2,7,2,144,3,9,20,2,0
2,17,24,OK,0.3816,0.7600,0.9050,409.50,90.50,0.3878,19,25,25,10,10,9,72,4,9,13,1,0
2,17,19,OK,0.5578,0.7692,0.9486,337.50,162.50,0.6122,30,39,39,9,18,9,168,2,7,20,1,0
2,17,31,ALL-DEAD,0.1245,0.0000,0.0000,311.30,188.70,0.0000,0,13,13,9,7,8,144,2,9,11,2,0
2,17,13,OK,0.3594,0.5128,0.8509,450.35,49.65,0.4082,20,39,39,7,22,9,96,1,9,17,1,0
2,17,25,OK,0.5143,0.5581,0.9682,305.00,195.00,0.4898,24,43,43,9,10,9,48,2,9,20,1,0
2,17,33,ALL-DEAD,0.2063,0.0000,0.0000,187.50,312.50,0.0000,0,30,30,7,7,1,60,3,9,20,1,0
2,17,26,OK,0.4984,0.6667,0.9515,360.05,139.95,0.5306,26,39,39,11,21,9,144,3,9,18,1,5
2,17,34,OK,0.4938,0.5128,0.9655,267.50,232.50,0.4082,20,39,39,9,10,6,144,1,8,20,1,0
2,17,27,OK,0.4466,0.5000,0.6466,349.00,151.00,0.4898,24,48,48,7,10,9,108,2,9,16,1,9
2,17,32,OK,0.5019,0.5952,0.8957,327.60,172.40,0.5102,25,42,42,10,8,9,72,2,9,15,1,3
2,17,40,ALL-DEAD,0.1919,0.0000,0.0000,209.25,290.75,0.0000,0,37,37,9,7,3,84,4,9,20,1,0
2,17,35,OK,0.2868,0.1739,0.8744,360.50,139.50,0.1633,8,46,46,7,10,5,72,3,1,17,1,0
2,17,37,OK,0.4941,0.6250,0.9183,258.50,241.50,0.4082,20,32,32,9,7,9,144,3,9,20,1,0
2,17,39,ALL-DEAD,0.1518,0.0000,0.0000,270.00,230.00,0.0000,0,39,39,7,26,8,72,2,9,20,1,0
2,17,38,OK,0.5496,0.6923,0.9433,298.00,202.00,0.5510,27,39,39,12,13,9,144,4,6,19,1,0
2,17,43,OVER-BUDGET,0.0000,0.8043,0.9541,501.20,0.00,0.7551,37,46,46,12,23,9,48,4,6,8,3,0
2,17,36,ALL-DEAD,0.0958,0.0000,0.0000,354.80,145.20,0.0000,0,43,43,12,23,9,72,2,3,17,1,0
2,17,41,OK,0.2622,0.3095,0.3911,395.00,105.00,0.2653,13,42,42,9,13,5,168,2,2,13,1,0
2,17,45,OVER-BUDGET,0.0000,0.7674,0.8960,500.75,0.00,0.6735,33,43,43,7,10,9,72,1,3,17,4,0
2,17,42,OK,0.3861,0.5897,0.9368,476.50,23.50,0.4694,23,39,39,12,9,9,144,3,6,9,1,0
2,17,44,OK,0.5853,0.7436,0.8820,266.75,233.25,0.5918,29,39,39,9,10,9,168,1,9,20,1,9
2,17,47,OVER-BUDGET,0.0000,0.8462,0.9167,500.75,0.00,0.6735,33,39,39,12,22,9,168,1,1,20,4,0
2,17,46,OVER-BUDGET,0.0000,0.7179,0.9627,500.25,0.00,0.5714,28,39,39,7,10,9,24,1,9,20,2,0
2,17,49,OK,0.5819,0.7692,0.9720,305.25,194.75,0.6122,30,39,39,11,15,9,120,3,9,20,1,0
2,17,48,OVER-BUDGET,0.0000,0.6154,0.8900,500.40,0.00,0.4898,24,39,39,9,12,9,24,1,9,10,1,8
2,18,5,ALL-DEAD,0.2043,0.0000,0.0000,190.40,309.60,0.0000,0,39,39,12,13,9,144,4,6,19,1,0
2,18,1,OK,0.4398,0.4359,0.7470,258.50,241.50,0.3469,17,39,39,9,7,9,144,3,9,20,1,0
2,18,7,OK,0.4612,0.5000,0.9305,327.60,172.40,0.4286,21,42,42,10,8,9,72,2,9,15,1,3
2,18,6,OK,0.4673,0.4651,0.9511,305.00,195.00,0.4082,20,43,43,9,10,9,48,2,9,20,1,0
2,18,0,OK,0.5945,0.7436,0.9590,266.75,233.25,0.5918,29,39,39,9,10,9,168,1,9,20,1,9
2,18,3,OK,0.5676,0.6087,0.9450,288.00,212.00,0.5714,28,46,46,12,13,9,144,4,6,20,1,0
2,18,2,OK,0.5263,0.6410,0.9764,305.25,194.75,0.5102,25,39,39,11,15,9,120,3,9,20,1,0
2,18,4,OK,0.5167,0.6667,0.9801,337.50,162.50,0.5306,26,39,39,9,18,9,168,2,7,20,1,0
2,18,12,ALL-DEAD,0.2004,0.0000,0.0000,196.35,303.65,0.0000,0,43,43,3,7,5,144,3,7,20,1,9
2,18,9,OK,0.4437,0.4884,0.8980,348.10,151.90,0.4286,21,43,43,7,7,9,60,2,9,15,1,0
2,18,15,OVER-BUDGET,0.0000,0.4167,0.6735,502.75,0.00,0.3061,15,36,36,9,10,0,120,1,5,6,1,4
2,18,14,OK,0.3845,1.0000,0.9856,266.75,233.25,0.2041,10,10,10,9,10,9,168,1,9,20,1,3
2,18,8,OK,0.4884,0.6410,0.9617,360.05,139.95,0.5102,25,39,39,11,21,9,144,3,9,18,1,5
2,18,10,OVER-BUDGET,0.0000,0.9231,0.9032,500.50,0.00,0.7347,36,39,39,2,25,9,168,3,9,7,1,9
2,18,17,OVER-BUDGET,0.0000,0.8462,0.9364,501.25,0.00,0.6735,33,39,39,9,10,9,168,1,9,6,3,9
2,18,16,OK,0.4971,0.5128,0.8806,247.00,253.00,0.4082,20,39,39,9,5,9,168,4,1,20,1,0
2,18,19,OK,0.4115,0.3590,0.9637,289.75,210.25,0.2857,14,39,39,9,7,3,96,3,9,18,1,0
2,18,22,OK,0.3452,0.1795,0.8165,244.50,255.50,0.1429,7,39,39,12,7,0,144,3,6,20,1,0
2,18,20,OK,0.4992,0.5128,0.9609,258.50,241.50,0.4082,20,39,39,9,7,9,156,3,9,20,1,0
2,18,13,OVER-BUDGET,0.0000,0.7436,0.9317,504.60,0.00,0.5918,29,39,39,2,7,9,60,3,9,10,1,5
2,18,27,ALL-DEAD,0.2813,0.0000,0.0000,73.75,426.25,0.0000,0,20,20,9,10,3,168,1,9,20,1,9
2,18,21,OK,0.5179,0.5641,0.9695,265.75,234.25,0.4490,22,39,39,11,10,9,168,3,9,20,1,0
2,18,25,OVER-BUDGET,0.0000,0.7442,0.8131,501.25,0.00,0.6531,32,43,43,7,7,9,60,2,9,15,4,3
2,18,11,OK,0.2712,0.3333,0.8186,459.00,41.00,0.2653,13,39,39,2,7,9,120,3,9,20,1,1
2,18,23,OK,0.4329,0.5128,0.9171,351.00,149.00,0.4082,20,39,39,9,10,9,168,2,2,14,1,2
2,18,24,OVER-BUDGET,0.0000,0.5714,0.9174,501.50,0.00,0.5714,28,49,49,12,10,9,168,4,0,20,3,9
2,18,26,OK,0.2587,0.0571,0.7782,283.50,216.50,0.0408,2,35,35,9,12,9,156,1,9,20,1,9
2,18,30,OK,0.4464,0.4103,0.8098,243.00,257.00,0.3265,16,39,39,12,6,9,120,3,3,20,1,0
2,18,18,OK,0.5615,0.8462,0.9804,388.75,111.25,0.6735,33,39,39,9,23,9,132,3,5,20,1,9
2,18,28,OK,0.5870,0.7436,0.9088,269.00,231.00,0.5918,29,39,39,9,10,9,120,1,3,20,1,9
2,18,31,OK,0.4997,0.5128,0.9242,251.00,249.00,0.4082,20,39,39,9,7,9,144,2,7,20,1,0
2,18,29,OK,0.3207,0.2821,0.6533,320.00,180.00,0.2245,11,39,39,9,10,9,36,2,7,20,1,0
2,18,34,OK,0.4570,0.6000,0.9173,229.50,270.50,0.3061,15,25,25,12,6,0,84,1,9,20,1,9
2,18,35,ALL-DEAD,0.1651,0.0000,0.0000,249.80,250.20,0.0000,0,39,39,9,18,0,168,2,9,18,1,9
2,18,37,OK,0.4669,0.4359,0.8690,239.75,260.25,0.3469,17,39,39,11,5,9,120,3,9,20,1,0
2,18,36,OVER-BUDGET,0.0000,0.6667,0.9461,500.50,0.00,0.5306,26,39,39,9,10,9,36,3,0,20,2,9
2,18,32,OK,0.6018,0.8333,0.9700,444.80,55.20,0.8163,40,48,48,7,16,9,48,3,9,17,1,9
2,18,44,OVER-BUDGET,0.0000,0.8718,0.8314,501.60,0.00,0.6939,34,39,39,9,16,8,168,1,9,4,4,0
2,18,38,OK,0.1454,0.0256,0.9981,478.25,21.75,0.0204,1,39,39,5,10,9,168,1,1,11,1,3
2,18,33,OK,0.3128,0.5385,0.6303,497.75,2.25,0.4286,21,39,39,9,25,9,168,3,9,13,1,9
2,18,47,ALL-DEAD,0.1899,0.0000,0.0000,212.30,287.70,0.0000,0,39,39,9,18,2,144,4,9,20,4,9
2,18,41,OVER-BUDGET,0.0000,0.8974,0.9669,500.75,0.00,0.7143,35,39,39,8,15,9,120,4,9,9,1,9
2,18,43,OK,0.5261,0.6154,0.9348,281.00,219.00,0.4898,24,39,39,9,7,9,72,3,9,20,1,9
2,18,45,ALL-DEAD,0.0533,0.0000,0.0000,419.25,80.75,0.0000,0,46,46,12,27,2,144,4,6,20,4,0
2,18,39,OK,0.2858,0.9167,0.9913,434.25,65.75,0.2245,11,12,12,8,26,9,168,3,9,20,1,5
2,18,42,OK,0.4394,0.9130,0.9853,370.50,129.50,0.4286,21,23,23,3,7,9,144,3,9,20,1,0
2,18,49,ALL-DEAD,0.2129,0.0000,0.0000,177.50,322.50,0.0000,0,22,22,9,10,5,168,1,9,20,1,9
2,18,40,OK,0.5507,0.7609,0.9547,434.50,65.50,0.7143,35,46,46,9,29,9,144,3,9,20,1,9
2,18,46,OVER-BUDGET,0.0000,0.7436,0.9251,502.25,0.00,0.5918,29,39,39,9,15,9,120,3,6,20,3,6
2,18,48,OK,0.4759,0.6667,0.9152,387.50,112.50,0.5306,26,39,39,9,7,9,108,3,9,12,1,0
2,19,3,OK,0.4436,0.3696,0.9402,288.00,212.00,0.3469,17,46,46,12,13,9,144,4,6,20,1,0
2,19,2,OK,0.2586,0.0513,0.6974,269.00,231.00,0.0408,2,39,39,9,10,9,120,1,3,20,1,9
2,19,7,OK,0.5603,0.6923,0.9390,281.00,219.00,0.5510,27,39,39,9,7,9,72,3,9,20,1,9
2,19,1,OK,0.5836,0.7179,0.9613,266.75,233.25,0.5714,28,39,39,9,10,9,168,1,9,20,1,9
2,19,6,OK,0.5990,0.8205,0.9276,305.25,194.75,0.6531,32,39,39,11,15,9,120,3,9,20,1,0
2,19,11,ALL-DEAD,0.2147,0.0000,0.0000,174.75,325.25,0.0000,0,42,42,3,16,2,48,1,5,17,1,9
2,19,0,OK,0.4418,0.5833,0.7588,444.80,55.20,0.5714,28,48,48,7,16,9,48,3,9,17,1,9
2,19,13,ALL-DEAD,0.2011,0.0000,0.0000,195.25,304.75,0.0000,0,33,33,11,15,5,120,3,1,20,1,0
2,19,8,OK,0.4624,0.4615,0.8814,265.75,234.25,0.3673,18,39,39,11,10,9,168,3,9,20,1,0
2,19,4,OK,0.5139,0.7436,0.9582,388.75,111.25,0.5918,29,39,39,9,23,9,132,3,5,20,1,9
2,19,10,OK,0.2582,0.0513,0.6378,258.75,241.25,0.0408,2,39,39,6,6,9,168,1,9,20,1,9
2,19,15,ALL-DEAD,0.0976,0.0000,0.0000,352.10,147.90,0.0000,0,39,39,6,7,2,72,1,5,20,4,9
2,19,5,OK,0.5141,0.6957,0.9306,434.50,65.50,0.6531,32,46,46,9,29,9,144,3,9,20,1,9
2,19,14,OK,0.3638,0.2821,0.8508,290.50,209.50,0.2245,11,39,39,11,10,8,24,1,6,20,1,0
2,19,19,OVER-BUDGET,0.0000,0.9583,0.9656,501.50,0.00,0.9388,46,48,48,8,16,9,48,3,1,3,2,9
2,19,18,OVER-BUDGET,0.0000,0.6154,0.9465,501.65,0.00,0.4898,24,39,39,9,16,0,48,1,9,7,2,9
2,19,9,OK,0.5045,0.6410,0.9722,337.50,162.50,0.5102,25,39,39,9,18,9,168,2,7,20,1,0
2,19,12,OVER-BUDGET,0.0000,0.7436,0.9118,501.00,0.00,0.5918,29,39,39,12,23,9,36,2,6,9,1,9
2,19,17,OVER-BUDGET,0.0000,0.9062,0.9801,501.15,0.00,0.5918,29,32,32,7,16,9,48,3,9,16,3,9
2,19,25,OVER-BUDGET,0.0000,1.0000,0.9468,502.50,0.00,0.3061,15,15,15,1,10,8,168,4,9,5,4,9
2,19,26,OVER-BUDGET,0.0000,1.0000,0.9439,501.35,0.00,0.7959,39,39,39,9,17,9,120,3,9,2,1,9
2,19,16,OK,0.5933,0.7949,0.9226,296.00,204.00,0.6327,31,39,39,9,10,9,120,4,9,20,1,9
2,19,21,OVER-BUDGET,0.0000,0.7692,0.9528,501.95,0.00,0.6122,30,39,39,9,17,9,168,1,4,20,4,3
2,19,20,OVER-BUDGET,0.0000,0.8974,0.9305,501.05,0.00,0.7143,35,39,39,9,16,9,48,3,2,6,1,9
2,19,23,ALL-DEAD,0.1242,0.0000,0.0000,311.85,188.15,0.0000,0,46,46,5,13,8,168,1,6,16,1,0
2,19,22,OVER-BUDGET,0.0000,0.7500,0.9084,501.90,0.00,0.2449,12,16,16,7,16,9,48,3,9,9,1,9
2,19,27,OVER-BUDGET,0.0000,1.0000,0.9819,501.60,0.00,0.2041,10,10,10,7,16,9,48,3,9,17,3,9
2,19,24,OK,0.5287,0.7143,0.9452,296.00,204.00,0.5102,25,35,35,9,10,9,120,4,9,20,1,9
2,19,28,ALL-DEAD,0.1693,0.0000,0.0000,243.50,256.50,0.0000,0,39,39,9,28,2,168,4,9,20,1,9
2,19,29,OVER-BUDGET,0.0000,0.8500,0.9286,502.00,0.00,0.6939,34,40,40,9,10,9,108,2,4,20,4,9
2,19,30,OVER-BUDGET,0.0000,0.4444,0.9341,502.05,0.00,0.4082,20,45,45,12,13,5,48,4,6,20,4,3
2,19,34,OK,0.4129,0.3333,0.9808,222.75,277.25,0.2041,10,30,30,12,6,4,168,1,3,20,1,1
2,19,36,OVER-BUDGET,0.0000,0.4400,0.7826,501.25,0.00,0.2245,11,25,25,9,10,6,48,3,0,17,4,4
2,19,33,OK,0.3858,0.4615,0.6788,345.00,155.00,0.3673,18,39,39,9,10,9,156,1,8,14,1,9
2,19,35,OVER-BUDGET,0.0000,0.6250,0.8469,501.75,0.00,0.6122,30,48,48,9,10,9,120,3,9,6,1,9
2,19,31,OK,0.4305,0.4565,0.8504,359.50,140.50,0.4286,21,46,46,8,13,9,144,4,6,17,1,0
2,19,37,OK,0.2210,0.0417,0.9256,367.50,132.50,0.0408,2,48,48,9,16,0,120,3,9,17,1,9
2,19,40,OVER-BUDGET,0.0000,0.9744,0.9428,500.50,0.00,0.7755,38,39,39,9,16,9,48,2,9,16,3,9
2,19,38,ALL-DEAD,0.1120,0.0000,0.0000,330.35,169.65,0.0000,0,37,37,7,16,0,84,3,9,20,1,3
2,19,39,OK,0.6409,0.8718,0.9151,273.50,226.50,0.6939,34,39,39,9,10,9,168,2,9,20,1,9
2,19,47,OVER-BUDGET,0.0000,0.5625,0.4220,501.55,0.00,0.1837,9,16,16,7,14,7,48,3,9,7,3,9
2,19,41,OK,0.4069,0.8889,0.9701,332.00,168.00,0.3265,16,18,18,9,10,9,168,4,2,16,1,9
2,19,32,OVER-BUDGET,0.0000,0.3750,0.9442,501.30,0.00,0.3673,18,48,48,7,24,9,48,3,2,18,1,2
2,19,44,OVER-BUDGET,0.0000,0.2083,0.6599,502.15,0.00,0.2041,10,48,48,7,16,9,144,3,5,17,2,9
2,19,42,OK,0.4948,0.6923,0.9333,379.20,120.80,0.5510,27,39,39,7,14,9,48,1,9,17,1,0
2,19,43,OVER-BUDGET,0.0000,0.8718,0.8947,501.35,0.00,0.6939,34,39,39,7,26,9,24,1,9,20,2,9
2,19,49,OK,0.5641,0.6750,0.9683,280.50,219.50,0.5510,27,40,40,12,13,9,144,3,0,20,1,0
2,19,46,OK,0.5542,0.8462,0.9649,397.00,103.00,0.6735,33,39,39,9,26,9,120,1,3,20,1,9
2,19,48,OVER-BUDGET,0.0000,0.7083,0.8659,502.85,0.00,0.6939,34,48,48,7,16,9,36,3,9,11,1,9
2,19,45,OVER-BUDGET,0.0000,0.7407,0.9529,500.75,0.00,0.4082,20,27,27,3,15,9,108,3,9,18,1,9
2,20,5,OK,0.4868,0.5897,0.7008,281.00,219.00,0.4694,23,39,39,9,7,9,72,3,9,20,1,9
2,20,3,OK,0.3520,0.2821,0.6216,266.75,233.25,0.2245,11,39,39,9,10,9,168,1,9,20,1,9
2,20,0,OK,0.5361,0.6154,0.9769,273.50,226.50,0.4898,24,39,39,9,10,9,168,2,9,20,1,9
2,20,4,OK,0.5410,0.6250,0.9631,280.50,219.50,0.5102,25,40,40,12,13,9,144,3,0,20,1,0
2,20,7,OK,0.5306,0.7143,0.9612,296.00,204.00,0.5102,25,35,35,9,10,9,120,4,9,20,1,9
2,20,1,OK,0.5479,0.6923,0.9691,305.25,194.75,0.5510,27,39,39,11,15,9,120,3,9,20,1,0
2,20,11,ALL-DEAD,0.1792,0.0000,0.0000,228.50,271.50,0.0000,0,39,39,9,10,1,120,2,4,5,1,0
2,20,2,OK,0.5971,0.7949,0.9542,296.00,204.00,0.6327,31,39,39,9,10,9,120,4,9,20,1,9
2,20,13,ALL-DEAD,0.2851,0.0000,0.0000,68.00,432.00,0.0000,0,39,39,9,10,3,108,1,9,20,1,9
2,20,12,OVER-BUDGET,0.0000,0.8718,0.9726,500.75,0.00,0.6939,34,39,39,11,21,9,120,3,3,7,4,9
2,20,15,ALL-DEAD,0.0756,0.0000,0.0000,385.50,114.50,0.0000,0,39,39,11,15,3,120,3,9,20,2,5
2,20,10,OK,0.2104,0.1795,0.7575,438.00,62.00,0.1429,7,39,39,12,8,9,72,2,9,20,2,9
2,20,6,OK,0.5376,0.8205,0.9204,397.00,103.00,0.6531,32,39,39,9,26,9,120,1,3,20,1,9
2,20,16,OVER-BUDGET,0.0000,0.5250,0.8479,502.00,0.00,0.4286,21,40,40,11,6,9,120,2,9,20,3,9
2,20,17,ALL-DEAD,0.1254,0.0000,0.0000,310.00,190.00,0.0000,0,39,39,9,10,9,168,2,2,14,1,9
2,20,14,OVER-BUDGET,0.0000,0.9231,0.9828,502.50,0.00,0.7347,36,39,39,2,10,9,84,2,7,7,1,9
2,20,21,ALL-DEAD,0.2215,0.0000,0.0000,164.35,335.65,0.0000,0,39,39,9,27,4,36,1,9,20,1,9
2,20,19,OK,0.3457,0.4318,0.9720,476.00,24.00,0.3878,19,44,44,9,10,4,120,4,9,10,1,9
2,20,9,OK,0.5311,0.7949,0.9141,388.75,111.25,0.6327,31,39,39,9,23,9,132,3,5,20,1,9
2,20,8,OK,0.5062,0.7174,0.7716,434.50,65.50,0.6735,33,46,46,9,29,9,144,3,9,20,1,9
2,20,22,OVER-BUDGET,0.0000,0.8250,0.8989,502.00,0.00,0.6735,33,40,40,9,10,9,144,2,1,20,4,0
2,20,23,ALL-DEAD,0.1874,0.0000,0.0000,216.00,284.00,0.0000,0,39,39,9,10,9,168,2,9,20,1,9
2,20,25,OVER-BUDGET,0.0000,0.8974,0.9523,500.50,0.00,0.7143,35,39,39,4,10,9,168,2,9,14,3,2
2,20,24,OVER-BUDGET,0.0000,0.9231,0.9537,500.35,0.00,0.7347,36,39,39,3,13,9,48,4,1,6,1,9
2,20,26,OK,0.4266,0.4103,0.9910,306.00,194.00,0.3265,16,39,39,8,10,2,120,4,5,20,1,9
2,20,18,OVER-BUDGET,0.0000,0.8462,0.9315,500.50,0.00,0.6735,33,39,39,1,10,9,168,2,9,20,1,9
2,20,29,OVER-BUDGET,0.0000,0.8462,0.9699,500.60,0.00,0.4490,22,26,26,11,12,9,120,3,9,20,3,0
2,20,27,OK,0.4299,0.4872,0.8470,325.80,174.20,0.3878,19,39,39,10,19,9,120,1,9,20,1,4
2,20,31,OVER-BUDGET,0.0000,0.9048,0.9021,501.00,0.00,0.7755,38,42,42,9,20,9,84,2,3,12,3,0
2,20,20,OVER-BUDGET,0.0000,0.3409,0.6273,500.50,0.00,0.3061,15,44,44,2,10,9,168,2,9,19,1,3
2,20,35,OVER-BUDGET,0.0000,1.0000,0.9943,501.30,0.00,0.3673,18,18,18,1,18,9,120,1,9,1,4,0
2,20,30,ALL-DEAD,0.1751,0.0000,0.0000,234.75,265.25,0.0000,0,40,40,6,10,9,132,1,9,20,1,9
2,20,28,OK,0.4339,1.0000,0.9617,323.55,176.45,0.3673,18,18,18,10,19,9,168,1,9,20,1,9
2,20,40,ALL-DEAD,0.2960,0.0000,0.0000,51.45,448.55,0.0000,0,18,18,11,7,8,120,2,8,20,1,9
2,20,41,ALL-DEAD,0.2168,0.0000,0.0000,171.50,328.50,0.0000,0,39,39,2,10,7,120,3,9,20,1,9
2,20,32,OK,0.5510,0.7179,0.9759,318.75,181.25,0.5714,28,39,39,11,15,9,84,3,9,20,1,0
2,20,36,OVER-BUDGET,0.0000,0.8889,0.9778,502.50,0.00,0.3265,16,18,18,9,10,9,108,2,9,13,2,9
2,20,39,ALL-DEAD,0.0719,0.0000,0.0000,391.10,108.90,0.0000,0,39,39,1,26,6,120,4,5,20,1,9
2,20,43,ALL-DEAD,0.1558,0.0000,0.0000,264.00,236.00,0.0000,0,39,39,11,7,4,72,4,9,20,1,0
2,20,38,OK,0.5595,0.6750,0.9422,282.75,217.25,0.5510,27,40,40,12,13,9,132,3,2,20,1,0
2,20,34,OK,0.6137,0.7805,0.9251,282.50,217.50,0.6531,32,41,41,9,10,9,144,3,9,20,1,9
2,20,33,OK,0.6077,0.8462,0.9351,310.50,189.50,0.6735,33,39,39,6,10,9,108,1,9,20,1,9
2,20,47,ALL-DEAD,0.2474,0.0000,0.0000,125.10,374.90,0.0000,0,39,39,8,18,4,60,2,9,20,1,9
2,20,49,ALL-DEAD,0.2348,0.0000,0.0000,144.25,355.75,0.0000,0,36,36,11,15,1,120,3,1,20,1,0
2,20,45,OVER-BUDGET,0.0000,0.6500,0.9073,500.75,0.00,0.5306,26,40,40,12,15,9,120,1,9,20,4,5
2,20,48,ALL-DEAD,0.1635,0.0000,0.0000,252.20,247.80,0.0000,0,37,37,4,14,8,144,2,8,20,1,0
2,20,46,OVER-BUDGET,0.0000,0.8205,0.9334,500.50,0.00,0.6531,32,39,39,9,10,9,120,2,9,20,4,9
2,20,44,OK,0.1734,0.1538,0.6280,453.50,46.50,0.1224,6,39,39,9,10,9,168,2,2,20,2,9
2,20,37,OK,0.4600,0.6667,0.9793,423.25,76.75,0.5306,26,39,39,9,29,9,96,1,9,20,1,0
2,20,42,OK,0.5300,0.8462,0.9271,426.75,73.25,0.6735,33,39,39,3,10,9,168,1,9,20,1,9
2,21,0,OK,0.5173,0.5610,0.9634,282.50,217.50,0.4694,23,41,41,9,10,9,144,3,9,20,1,9
2,21,3,OK,0.5463,0.6500,0.9257,282.75,217.25,0.5306,26,40,40,12,13,9,132,3,2,20,1,0
2,21,2,OK,0.5159,0.6154,0.9327,296.00,204.00,0.4898,24,39,39,9,10,9,120,4,9,20,1,9
2,21,6,OK,0.5485,0.6500,0.9313,280.50,219.50,0.5306,26,40,40,12,13,9,144,3,0,20,1,0
2,21,4,OK,0.4681,0.5385,0.9398,318.75,181.25,0.4286,21,39,39,11,15,9,84,3,9,20,1,0
2,21,5,OK,0.5115,0.6154,0.9464,305.25,194.75,0.4898,24,39,39,11,15,9,120,3,9,20,1,0
2,21,1,OK,0.5926,0.8205,0.9031,310.50,189.50,0.6531,32,39,39,6,10,9,108,1,9,20,1,9
2,21,12,OK,0.2248,0.1515,0.1410,270.00,230.00,0.1020,5,33,33,12,10,8,144,4,9,20,1,9
2,21,13,ALL-DEAD,0.1617,0.0000,0.0000,255.00,245.00,0.0000,0,41,41,6,10,2,96,3,9,20,1,9
2,21,7,OK,0.4945,0.7179,0.9351,397.00,103.00,0.5714,28,39,39,9,26,9,120,1,3,20,1,9
2,21,10,OK,0.2019,0.0732,0.2302,287.00,213.00,0.0612,3,41,41,9,10,6,120,3,9,20,1,9
2,21,8,OK,0.2070,0.0256,0.3859,273.50,226.50,0.0204,1,39,39,9,10,9,168,2,9,20,1,9
2,21,14,OVER-BUDGET,0.0000,0.8205,0.9402,501.50,0.00,0.6531,32,39,39,6,10,9,108,3,9,20,4,6
2,21,19,ALL-DEAD,0.2013,0.0000,0.0000,194.95,305.05,0.0000,0,16,16,12,13,1,120,3,1,20,4,9
2,21,16,ALL-DEAD,0.2235,0.0000,0.0000,161.40,338.60,0.0000,0,41,41,9,28,4,144,2,9,20,1,9
2,21,22,ALL-DEAD,0.2693,0.0000,0.0000,92.00,408.00,0.0000,0,41,41,9,10,2,120,3,9,20,1,5
2,21,11,OVER-BUDGET,0.0000,0.8333,0.9832,502.25,0.00,0.4082,20,24,24,6,10,9,120,3,2,9,1,9
2,21,17,ALL-DEAD,0.1202,0.0000,0.0000,317.90,182.10,0.0000,0,39,39,2,26,8,84,3,9,7,1,0
2,21,24,ALL-DEAD,0.2488,0.0000,0.0000,123.00,377.00,0.0000,0,29,29,3,10,4,108,1,3,20,1,9
2,21,25,ALL-DEAD,0.1229,0.0000,0.0000,313.75,186.25,0.0000,0,32,32,9,10,1,72,3,9,10,1,1
2,21,20,OK,0.2688,0.0244,0.9062,274.50,225.50,0.0204,1,41,41,10,10,0,144,3,9,20,1,9
2,21,21,OK,0.4642,1.0000,0.9722,262.50,237.50,0.3469,17,17,17,12,10,9,144,3,9,20,1,5
2,21,9,OK,0.5255,0.7692,0.9608,388.75,111.25,0.6122,30,39,39,9,23,9,132,3,5,20,1,9
2,21,18,OVER-BUDGET,0.0000,0.7692,0.9523,500.50,0.00,0.6122,30,39,39,9,10,9,144,3,9,20,3,0
2,21,15,OK,0.4749,0.8846,0.9700,348.00,152.00,0.4694,23,26,26,12,22,9,120,4,5,20,1,9
2,21,29,ALL-DEAD,0.1650,0.0000,0.0000,250.00,250.00,0.0000,0,44,44,5,10,2,36,3,9,9,1,9
2,21,30,OVER-BUDGET,0.0000,0.0732,0.2282,501.00,0.00,0.0612,3,41,41,9,27,4,168,2,9,2,1,5
2,21,26,OVER-BUDGET,0.0000,0.7073,0.9174,501.50,0.00,0.5918,29,41,41,9,10,9,168,3,5,11,2,9
2,21,23,OVER-BUDGET,0.0000,0.7073,0.8892,501.40,0.00,0.5918,29,41,41,6,11,9,108,1,9,7,1,9
2,21,34,OVER-BUDGET,0.0000,0.9487,0.9695,500.85,0.00,0.7551,37,39,39,6,23,9,144,1,6,9,4,9
2,21,32,OVER-BUDGET,0.0000,0.2927,0.8568,501.20,0.00,0.2449,12,41,41,9,9,4,120,3,5,20,4,9
2,21,27,OK,0.3192,0.2564,0.7735,327.00,173.00,0.2041,10,39,39,9,15,9,84,2,9,20,1,3
2,21,28,OK,0.2782,0.7273,0.9515,387.50,112.50,0.1633,8,11,11,9,22,9,108,3,9,20,1,2
2,21,35,OK,0.5859,0.7073,0.8911,267.50,232.50,0.5918,29,41,41,9,10,9,144,1,9,20,1,9
2,21,31,OK,0.4980,0.6923,0.9476,377.00,123.00,0.5510,27,39,39,9,22,9,108,2,9,20,1,9
2,21,39,ALL-DEAD,0.1320,0.0000,0.0000,300.00,200.00,0.0000,0,40,40,4,20,8,144,3,2,18,2,9
2,21,36,OK,0.5151,0.6154,0.9254,296.00,204.00,0.4898,24,39,39,9,10,9,120,4,9,20,1,8
2,21,37,OVER-BUDGET,0.0000,0.8293,0.9348,502.00,0.00,0.6939,34,41,41,6,10,9,108,3,9,20,3,9
2,21,41,ALL-DEAD,0.2183,0.0000,0.0000,169.25,330.75,0.0000,0,41,41,12,10,6,120,3,9,15,1,6
2,21,38,ALL-DEAD,0.0036,0.0000,0.0000,494.60,5.40,0.0000,0,30,30,9,13,9,96,3,9,10,1,0
2,21,45,ALL-DEAD,0.1950,0.0000,0.0000,204.50,295.50,0.0000,0,18,18,6,10,1,108,1,9,5,1,0
2,21,42,ALL-DEAD,0.1609,0.0000,0.0000,256.20,243.80,0.0000,0,41,41,9,19,6,144,3,9,9,1,9
2,21,33,OVER-BUDGET,0.0000,0.7561,0.9145,502.00,0.00,0.6327,31,41,41,4,10,9,144,3,9,11,1,9
2,21,47,ALL-DEAD,0.2277,0.0000,0.0000,155.00,345.00,0.0000,0,13,13,6,10,1,96,1,9,20,1,1
2,21,46,OVER-BUDGET,0.0000,0.6500,0.8732,501.45,0.00,0.2653,13,20,20,12,17,0,132,3,3,4,2,9
2,21,40,ALL-DEAD,0.1351,0.0000,0.0000,295.25,204.75,0.0000,0,44,44,3,10,8,144,3,2,20,1,0
2,21,43,OK,0.5027,0.5385,0.9430,267.00,233.00,0.4286,21,39,39,12,13,9,120,1,9,20,1,9
2,21,44,OK,0.4280,0.6667,0.9542,467.25,32.75,0.5306,26,39,39,11,15,9,120,1,9,20,2,6
2,21,49,OK,0.5413,0.6500,0.9391,292.75,207.25,0.5306,26,40,40,12,13,9,132,3,5,19,1,6
2,21,48,OK,0.4485,0.7179,0.9263,465.00,35.00,0.5714,28,39,39,9,30,9,24,1,3,20,1,0
2,22,3,OK,0.5591,0.6750,0.9390,282.75,217.25,0.5510,27,40,40,12,13,9,132,3,2,20,1,0
2,22,2,OK,0.5712,0.7000,0.9338,280.50,219.50,0.5714,28,40,40,12,13,9,144,3,0,20,1,0
2,22,0,OK,0.2739,0.1026,0.8660,310.50,189.50,0.0816,4,39,39,6,10,9,108,1,9,20,1,9
2,22,6,OK,0.6164,0.7805,0.9469,282.50,217.50,0.6531,32,41,41,9,10,9,144,3,9,20,1,9
2,22,7,OK,0.5465,0.6923,0.9069,296.00,204.00,0.5510,27,39,39,9,10,9,120,4,9,20,1,9
2,22,4,OK,0.6075,0.8000,0.9291,292.75,207.25,0.6531,32,40,40,12,13,9,132,3,5,19,1,6
2,22,1,OK,0.6456,0.8293,0.9213,267.50,232.50,0.6939,34,41,41,9,10,9,144,1,9,20,1,9
2,22,5,OK,0.5158,0.7692,0.8801,388.75,111.25,0.6122,30,39,39,9,23,9,132,3,5,20,1,9
2,22,11,OVER-BUDGET,0.0000,0.9500,0.9830,500.85,0.00,0.7755,38,40,40,6,13,9,72,3,9,12,3,0
2,22,10,OVER-BUDGET,0.0000,0.6905,0.9350,502.25,0.00,0.5918,29,42,42,9,10,9,144,1,2,20,4,9
2,22,14,OK,0.5341,0.8846,0.9109,247.50,252.50,0.4694,23,26,26,12,10,9,144,1,9,20,1,0
2,22,8,OK,0.5181,0.6154,0.9505,296.00,204.00,0.4898,24,39,39,9,10,9,120,4,9,20,1,8
2,22,9,OK,0.5476,0.6923,0.9667,305.25,194.75,0.5510,27,39,39,11,15,9,120,3,9,20,1,0
2,22,13,OK,0.4514,0.6829,0.9367,462.50,37.50,0.5714,28,41,41,9,10,9,48,1,9,20,2,7
2,22,16,OK,0.4910,0.5250,0.9698,289.50,210.50,0.4286,21,40,40,12,13,9,108,3,9,20,1,1
2,22,20,OK,0.4779,0.4872,0.9872,278.50,221.50,0.3878,19,39,39,12,13,6,108,1,0,19,1,0
2,22,15,OVER-BUDGET,0.0000,0.3750,0.8742,501.30,0.00,0.1837,9,24,24,1,13,9,144,3,3,20,2,7
2,22,17,OK,0.3126,0.2286,0.7649,301.50,198.50,0.1633,8,35,35,8,10,9,108,3,9,20,1,9
2,22,24,ALL-DEAD,0.2353,0.0000,0.0000,143.50,356.50,0.0000,0,39,39,5,10,5,108,1,9,20,1,9
2,22,12,OK,0.3446,0.5250,0.6734,457.50,42.50,0.4286,21,40,40,6,22,9,168,2,0,20,1,9
2,22,18,OK,0.5007,0.8205,0.9151,452.00,48.00,0.6531,32,39,39,8,13,9,24,3,9,18,1,9
2,22,22,OK,0.3894,0.9286,0.9701,307.50,192.50,0.2653,13,14,14,12,10,9,48,3,0,20,1,0
2,22,27,OVER-BUDGET,0.0000,0.7692,0.5533,501.50,0.00,0.2041,10,13,13,3,10,2,60,1,9,7,4,9
2,22,21,OK,0.6143,0.8095,0.9293,316.50,183.50,0.6939,34,42,42,9,13,9,156,3,4,19,1,9
2,22,23,OVER-BUDGET,0.0000,0.7000,0.9388,501.45,0.00,0.5714,28,40,40,12,13,9,24,3,8,9,1,0
2,22,31,ALL-DEAD,0.2110,0.0000,0.0000,180.25,319.75,0.0000,0,26,26,6,10,8,108,1,9,20,4,2
2,22,32,OVER-BUDGET,0.0000,0.9730,0.8790,502.50,0.00,0.7347,36,37,37,12,10,9,144,1,9,1,1,2
2,22,19,OK,0.5030,0.7949,0.9812,443.50,56.50,0.6327,31,39,39,9,29,9,108,3,0,20,1,9
2,22,29,ALL-DEAD,0.1595,0.0000,0.0000,258.40,241.60,0.0000,0,39,39,6,14,7,84,1,1,19,1,9
2,22,35,ALL-DEAD,0.2879,0.0000,0.0000,63.75,436.25,0.0000,0,42,42,9,10,3,144,1,1,20,1,9
2,22,36,OVER-BUDGET,0.0000,0.7692,0.8908,501.25,0.00,0.6122,30,39,39,11,15,6,132,3,9,3,2,6
2,22,28,OK,0.4870,0.6765,0.9472,325.50,174.50,0.4694,23,34,34,12,13,9,48,3,0,20,1,0
2,22,33,OVER-BUDGET,0.0000,1.0000,0.9540,502.20,0.00,0.7959,39,39,39,9,23,9,144,1,9,12,4,9
2,22,25,OK,0.6226,0.6809,0.9325,270.50,229.50,0.6531,32,47,47,9,10,9,108,1,9,20,1,9
2,22,26,OVER-BUDGET,0.0000,0.8750,0.9660,500.45,0.00,0.7143,35,40,40,12,27,9,144,3,0,11,1,5
2,22,37,OVER-BUDGET,0.0000,0.7317,0.9789,501.50,0.00,0.6122,30,41,41,6,10,9,108,1,9,5,1,0
2,22,42,OVER-BUDGET,0.0000,0.5128,0.9026,500.25,0.00,0.4082,20,39,39,7,13,2,144,4,1,14,4,0
2,22,40,OK,0.1556,0.1163,0.5399,447.50,52.50,0.1020,5,43,43,9,10,5,144,1,9,10,1,7
2,22,38,OVER-BUDGET,0.0000,0.8293,0.9359,501.25,0.00,0.6939,34,41,41,9,10,9,96,1,9,6,1,9
2,22,41,OVER-BUDGET,0.0000,0.6585,0.9406,500.50,0.00,0.5510,27,41,41,9,10,9,144,4,9,20,3,8
2,22,34,OK,0.5515,0.9000,0.9233,444.50,55.50,0.7347,36,40,40,9,13,9,84,3,8,12,1,9
2,22,30,OVER-BUDGET,0.0000,0.7949,0.9753,500.60,0.00,0.6327,31,39,39,6,29,9,108,1,2,20,1,0
2,22,44,OK,0.4842,0.5750,0.9348,327.50,172.50,0.4694,23,40,40,9,10,9,48,3,9,20,1,4
2,22,48,OK,0.4395,0.4000,0.8598,262.50,237.50,0.3265,16,40,40,12,10,6,144,3,5,20,1,0
2,22,43,OK,0.3515,0.2683,0.7044,282.50,217.50,0.2245,11,41,41,9,10,9,144,3,9,20,1,9
2,22,47,OK,0.5728,0.8000,0.8311,327.50,172.50,0.6531,32,40,40,9,10,9,144,1,5,15,1,9
2,22,39,OVER-BUDGET,0.0000,0.7805,0.9637,501.00,0.00,0.6531,32,41,41,2,10,9,108,4,4,18,1,9
2,22,46,OVER-BUDGET,0.0000,0.1905,0.8361,502.90,0.00,0.1633,8,42,42,1,13,9,144,1,1,20,1,9
2,22,45,OVER-BUDGET,0.0000,0.0244,0.8660,501.40,0.00,0.0204,1,41,41,4,28,9,108,3,9,20,1,1
2,22,49,OK,0.5068,0.7750,0.9727,436.15,63.85,0.6327,31,40,40,7,13,9,132,3,2,13,1,0
2,23,6,OK,0.4495,0.4500,0.8549,280.50,219.50,0.3673,18,40,40,12,13,9,144,3,0,20,1,0
2,23,2,OK,0.5351,0.6098,0.9242,282.50,217.50,0.5102,25,41,41,9,10,9,144,3,9,20,1,9
2,23,0,OK,0.5353,0.6585,0.6563,267.50,232.50,0.5510,27,41,41,9,10,9,144,1,9,20,1,9
2,23,7,OK,0.5706,0.7000,0.9413,282.75,217.25,0.5714,28,40,40,12,13,9,132,3,2,20,1,0
2,23,1,OK,0.6252,0.6809,0.9542,270.50,229.50,0.6531,32,47,47,9,10,9,108,1,9,20,1,9
2,23,5,OK,0.5942,0.8250,0.9162,327.50,172.50,0.6735,33,40,40,9,10,9,144,1,5,15,1,9
2,23,4,OK,0.5598,0.7000,0.9058,292.75,207.25,0.5714,28,40,40,12,13,9,132,3,5,19,1,6
2,23,3,OK,0.6102,0.8095,0.8957,316.50,183.50,0.6939,34,42,42,9,13,9,156,3,4,19,1,9
2,23,11,ALL-DEAD,0.1556,0.0000,0.0000,264.25,235.75,0.0000,0,41,41,10,10,8,132,1,9,4,1,9
2,23,14,OK,0.3641,0.4444,0.8309,235.50,264.50,0.1633,8,18,18,9,6,4,144,1,9,20,1,9
2,23,17,ALL-DEAD,0.2872,0.0000,0.0000,64.80,435.20,0.0000,0,40,40,12,13,4,132,1,5,19,1,6
2,23,16,OK,0.5001,0.9500,0.9358,235.50,264.50,0.3878,19,20,20,12,8,9,144,1,9,20,1,9
2,23,9,OK,0.5868,0.7949,0.9193,305.25,194.75,0.6327,31,39,39,11,15,9,120,3,9,20,1,0
2,23,10,OK,0.4805,0.5122,0.9483,301.50,198.50,0.4286,21,41,41,9,13,9,156,1,9,19,1,4
2,23,8,OK,0.2109,0.2500,0.5167,444.50,55.50,0.2041,10,40,40,9,13,9,84,3,8,12,1,9
2,23,13,OK,0.2273,0.2857,0.6999,487.00,13.00,0.2449,12,42,42,10,10,9,144,2,4,9,1,0
2,23,12,OK,0.5633,0.7317,0.8734,315.50,184.50,0.6122,30,41,41,9,16,9,144,1,9,20,1,9
2,23,22,OVER-BUDGET,0.0000,0.9512,0.8658,501.45,0.00,0.7959,39,41,41,9,8,9,144,3,4,2,1,5
2,23,15,OVER-BUDGET,0.0000,0.6744,0.8978,502.00,0.00,0.5918,29,43,43,9,20,9,144,1,9,20,2,0
2,23,25,OVER-BUDGET,0.0000,1.0000,0.9586,500.50,0.00,0.4490,22,22,22,11,10,9,144,1,9,2,2,9
2,23,19,OVER-BUDGET,0.0000,0.7872,0.8908,502.00,0.00,0.7551,37,47,47,9,10,9,48,4,9,9,2,8
2,23,20,OVER-BUDGET,0.0000,0.8500,0.9054,501.20,0.00,0.6939,34,40,40,9,9,9,60,1,1,4,1,3
2,23,26,OVER-BUDGET,0.0000,0.4634,0.9294,502.25,0.00,0.3878,19,41,41,9,10,4,108,3,9,11,3,9
2,23,28,OVER-BUDGET,0.0000,0.8780,0.8778,501.50,0.00,0.7347,36,41,41,9,10,9,144,1,2,11,4,9
2,23,23,OVER-BUDGET,0.0000,0.8824,0.9722,501.00,0.00,0.3061,15,17,17,9,10,9,48,2,9,7,1,1
2,23,18,OK,0.4951,0.6585,0.9373,379.50,120.50,0.5510,27,41,41,9,24,9,144,1,6,20,1,9
2,23,24,OVER-BUDGET,0.0000,0.8085,0.9403,502.00,0.00,0.7755,38,47,47,9,10,9,24,1,9,10,2,9
2,23,33,ALL-DEAD,0.2630,0.0000,0.0000,101.45,398.55,0.0000,0,41,41,9,27,4,144,4,9,20,1,0
2,23,27,OK,0.3723,0.3171,0.7316,290.00,210.00,0.2653,13,41,41,9,10,9,144,4,9,20,1,9
2,23,30,OK,0.4569,0.4878,0.9190,315.00,185.00,0.4082,20,41,41,9,10,9,96,2,9,17,1,3
2,23,21,OK,0.4564,0.7317,0.9724,495.50,4.50,0.6122,30,41,41,9,16,9,144,1,9,20,2,0
2,23,29,OVER-BUDGET,0.0000,0.8049,0.8892,502.40,0.00,0.6735,33,41,41,9,29,9,144,2,9,10,1,9
2,23,34,OVER-BUDGET,0.0000,0.8085,0.9239,500.20,0.00,0.7755,38,47,47,9,13,9,168,1,4,20,3,9
2,23,36,ALL-DEAD,0.0040,0.0000,0.0000,494.00,6.00,0.0000,0,41,41,3,23,8,132,1,8,5,1,9
2,23,35,OK,0.3915,0.5714,0.7480,315.00,185.00,0.3265,16,28,28,8,13,9,60,1,4,20,1,8
2,23,39,OVER-BUDGET,0.0000,0.2195,0.8984,500.75,0.00,0.1837,9,41,41,9,10,8,96,3,9,20,4,1
2,23,38,OK,0.5192,0.8846,0.9542,278.00,222.00,0.4694,23,26,26,9,10,9,120,2,9,20,1,9
2,23,42,OVER-BUDGET,0.0000,0.7317,0.7312,501.10,0.00,0.6122,30,41,41,12,27,0,132,3,5,4,2,5
2,23,40,ALL-DEAD,0.0652,0.0000,0.0000,401.25,98.75,0.0000,0,47,47,9,10,6,144,1,9,20,3,9
2,23,31,OK,0.3398,1.0000,0.9827,487.00,13.00,0.3878,19,19,19,9,29,9,72,1,5,15,1,9
2,23,46,ALL-DEAD,0.2897,0.0000,0.0000,61.10,438.90,0.0000,0,41,41,11,13,1,144,1,8,20,1,2
2,23,37,OK,0.4698,0.8000,0.8835,493.00,7.00,0.6531,32,40,40,9,13,9,120,1,4,19,2,9
2,23,48,ALL-DEAD,0.2375,0.0000,0.0000,140.15,359.85,0.0000,0,41,41,10,19,3,132,1,2,20,1,0
2,23,44,OK,0.5067,0.4565,0.9791,267.50,232.50,0.4286,21,46,46,9,10,0,144,1,3,20,1,6
2,23,41,OK,0.4788,0.5610,0.6348,281.10,218.90,0.4694,23,41,41,10,13,9,144,1,9,20,1,9
2,23,32,OVER-BUDGET,0.0000,0.8049,0.9853,502.20,0.00,0.6735,33,41,41,5,23,9,120,3,9,19,1,9
2,23,47,ALL-DEAD,0.0724,0.0000,0.0000,390.25,109.75,0.0000,0,41,41,4,10,4,144,3,9,10,1,9
2,23,43,OVER-BUDGET,0.0000,0.9268,0.9639,500.40,0.00,0.7755,38,41,41,9,13,9,144,3,0,15,2,9
2,23,45,OK,0.6000,0.8537,0.9561,360.00,140.00,0.7143,35,41,41,9,10,9,144,3,9,14,1,9
2,23,49,OVER-BUDGET,0.0000,0.8333,0.9938,500.90,0.00,0.2041,10,12,12,9,24,9,60,3,6,20,2,4
2,24,1,ALL-DEAD,0.1456,0.0000,0.0000,279.40,220.60,0.0000,0,42,42,9,13,9,156,3,4,19,1,9
2,24,4,OK,0.2229,0.0769,0.5061,305.25,194.75,0.0612,3,39,39,11,15,9,120,3,9,20,1,0
2,24,5,OK,0.3428,0.2500,0.7261,282.75,217.25,0.2041,10,40,40,12,13,9,132,3,2,20,1,0
2,24,7,OK,0.4925,0.5500,0.9063,292.75,207.25,0.4490,22,40,40,12,13,9,132,3,5,19,1,6
2,24,0,OK,0.5560,0.5532,0.9387,270.50,229.50,0.5306,26,47,47,9,10,9,108,1,9,20,1,9
2,24,3,OK,0.5853,0.8000,0.9355,327.50,172.50,0.6531,32,40,40,9,10,9,144,1,5,15,1,9
2,24,6,ALL-DEAD,0.1304,0.0000,0.0000,302.40,197.60,0.0000,0,41,41,9,16,9,144,1,9,20,1,9
2,24,2,OK,0.5494,0.7561,0.9087,360.00,140.00,0.6327,31,41,41,9,10,9,144,3,9,14,1,9
2,24,13,ALL-DEAD,0.1181,0.0000,0.0000,321.00,179.00,0.0000,0,39,39,2,9,4,108,3,9,20,3,5
2,24,12,OVER-BUDGET,0.0000,0.9773,0.9727,501.00,0.00,0.8776,43,44,44,5,30,9,108,1,9,11,4,0
2,24,15,OK,0.3082,0.2667,0.5581,270.50,229.50,0.1633,8,30,30,9,10,0,108,1,6,20,1,4
2,24,9,OK,0.5461,0.6341,0.9226,282.50,217.50,0.5306,26,41,41,9,10,9,144,3,9,20,1,9
2,24,8,OK,0.6238,0.7805,0.9261,267.50,232.50,0.6531,32,41,41,9,10,9,144,1,9,20,1,9
2,24,11,OVER-BUDGET,0.0000,0.7857,0.8788,500.10,0.00,0.6735,33,42,42,1,18,9,120,3,0,14,1,9
2,24,17,OVER-BUDGET,0.0000,0.5000,0.8566,502.00,0.00,0.4286,21,42,42,12,5,9,96,4,9,7,1,0
2,24,16,OVER-BUDGET,0.0000,0.7447,0.9050,501.25,0.00,0.7143,35,47,47,9,10,9,108,1,4,5,1,8
2,24,10,OK,0.4631,0.6429,0.9432,429.00,71.00,0.5510,27,42,42,9,13,9,24,3,3,19,1,9
2,24,14,OK,0.3039,0.1915,0.7365,326.50,173.50,0.1837,9,47,47,9,13,9,156,3,9,18,1,9
2,24,20,OVER-BUDGET,0.0000,0.8810,0.8962,501.25,0.00,0.7551,37,42,42,4,10,9,132,1,5,15,4,9
2,24,21,ALL-DEAD,0.2175,0.0000,0.0000,170.50,329.50,0.0000,0,47,47,9,20,3,108,2,9,20,1,8
2,24,22,OVER-BUDGET,0.0000,0.5185,0.8660,503.00,0.00,0.2857,14,27,27,9,10,5,120,1,5,20,4,9
2,24,24,OK,0.2749,0.4706,0.4587,303.00,197.00,0.1633,8,17,17,9,10,5,132,4,5,19,1,9
2,24,27,ALL-DEAD,0.1521,0.0000,0.0000,269.50,230.50,0.0000,0,47,47,9,10,2,156,2,9,19,2,3
2,24,30,ALL-DEAD,0.2265,0.0000,0.0000,156.75,343.25,0.0000,0,11,11,9,10,4,156,3,5,7,1,9
2,24,18,OK,0.5432,0.7750,0.9393,375.00,125.00,0.6327,31,40,40,6,10,9,144,2,5,15,1,9
2,24,19,OVER-BUDGET,0.0000,0.1915,0.6100,501.75,0.00,0.1837,9,47,47,4,10,9,48,3,9,20,2,5
2,24,28,OVER-BUDGET,0.0000,0.6667,0.8857,500.90,0.00,0.5714,28,42,42,9,7,9,144,4,9,19,4,6
2,24,23,OK,0.4894,0.5714,0.8240,316.50,183.50,0.4898,24,42,42,9,13,9,156,3,8,19,1,9
2,24,26,OK,0.5177,0.5750,0.9553,280.50,219.50,0.4694,23,40,40,12,13,9,144,3,2,20,1,9
2,24,25,OK,0.2760,0.1277,0.4986,274.50,225.50,0.1224,6,47,47,10,10,9,144,3,9,20,1,9
2,24,33,OVER-BUDGET,0.0000,0.3404,0.5151,501.00,0.00,0.3265,16,47,47,9,10,6,108,1,2,10,3,9
2,24,31,OK,0.5260,0.6216,0.9533,267.50,232.50,0.4694,23,37,37,9,10,9,144,1,1,20,1,1
2,24,35,OVER-BUDGET,0.0000,1.0000,0.9726,501.25,0.00,0.3469,17,17,17,9,10,9,96,1,9,19,4,3
2,24,32,OK,0.2605,0.1429,0.6002,316.50,183.50,0.1224,6,42,42,9,13,9,144,3,5,19,1,5
2,24,29,OVER-BUDGET,0.0000,0.8140,0.9395,500.30,0.00,0.7143,35,43,43,11,26,9,120,3,9,17,2,5
2,24,41,ALL-DEAD,0.2253,0.0000,0.0000,158.65,341.35,0.0000,0,10,10,9,13,3,36,3,7,19,1,5
2,24,37,ALL-DEAD,0.0181,0.0000,0.0000,472.50,27.50,0.0000,0,47,47,9,10,9,108,1,4,6,1,6
2,24,34,OK,0.5490,0.6304,0.8201,310.50,189.50,0.5918,29,46,46,6,10,9,108,1,7,20,1,9
2,24,36,OK,0.5489,0.9091,0.9483,351.00,149.00,0.6122,30,33,33,9,10,9,84,1,9,14,1,9
2,24,39,OK,0.4746,0.9048,0.9151,270.50,229.50,0.3878,19,21,21,9,10,9,108,1,9,20,1,9
2,24,40,OK,0.4060,0.7647,0.9604,280.50,219.50,0.2653,13,17,17,9,10,9,108,1,9,19,1,9
2,24,43,OVER-BUDGET,0.0000,0.4000,0.8792,500.50,0.00,0.2041,10,25,25,9,10,2,108,1,9,7,1,2
2,24,38,OVER-BUDGET,0.0000,0.9756,0.8809,502.00,0.00,0.8163,40,41,41,1,10,9,144,1,5,20,3,9
2,24,44,OVER-BUDGET,0.0000,0.9394,0.9622,500.40,0.00,0.6327,31,33,33,2,9,9,120,3,4,8,2,9
2,24,49,ALL-DEAD,0.1935,0.0000,0.0000,206.75,293.25,0.0000,0,42,42,9,13,2,168,3,4,19,1,9
2,24,42,OVER-BUDGET,0.0000,0.6389,0.9110,501.00,0.00,0.4694,23,36,36,2,10,9,144,3,9,7,1,3
2,24,46,OVER-BUDGET,0.0000,0.8085,0.9263,501.50,0.00,0.7755,38,47,47,9,10,9,24,1,9,20,4,9
2,24,47,OVER-BUDGET,0.0000,0.6905,0.7188,501.00,0.00,0.5918,29,42,42,9,27,9,156,3,4,19,3,5
2,24,48,OK,0.5132,0.6429,0.9148,348.00,152.00,0.5510,27,42,42,9,13,9,60,3,4,19,1,9
2,24,45,OK,0.3913,0.4878,0.7271,379.50,120.50,0.4082,20,41,41,9,24,9,144,1,2,20,1,9
2,25,0,ALL-DEAD,0.2274,0.0000,0.0000,155.50,344.50,0.0000,0,41,41,9,10,9,144,1,9,20,1,9
2,25,6,OK,0.5267,0.5854,0.9481,282.50,217.50,0.4898,24,41,41,9,10,9,144,3,9,20,1,9
2,25,3,OK,0.2296,0.0732,0.8631,360.00,140.00,0.0612,3,41,41,9,10,9,144,3,9,14,1,9
2,25,5,OK,0.4913,0.7576,0.9365,351.00,149.00,0.5102,25,33,33,9,10,9,84,1,9,14,1,9
2,25,2,OK,0.6583,0.7447,0.9499,270.50,229.50,0.7143,35,47,47,9,10,9,108,1,9,20,1,9
2,25,8,OK,0.5258,0.6216,0.9517,267.50,232.50,0.4694,23,37,37,9,10,9,144,1,1,20,1,1
2,25,1,OK,0.5844,0.8000,0.9281,327.50,172.50,0.6531,32,40,40,9,10,9,144,1,5,15,1,9
2,25,10,ALL-DEAD,0.0541,0.0000,0.0000,418.00,82.00,0.0000,0,22,22,3,10,3,108,1,7,20,4,9
2,25,4,OK,0.6274,0.7609,0.9123,310.50,189.50,0.7143,35,46,46,6,10,9,108,1,7,20,1,9
2,25,12,ALL-DEAD,0.2366,0.0000,0.0000,141.50,358.50,0.0000,0,41,41,9,10,5,144,1,9,20,1,9
2,25,7,OK,0.5515,0.8250,0.8214,375.00,125.00,0.6735,33,40,40,6,10,9,144,2,5,15,1,9
2,25,17,OVER-BUDGET,0.0000,0.9130,0.9045,501.05,0.00,0.8571,42,46,46,6,7,9,144,1,1,7,3,3
2,25,9,OK,0.5733,0.7000,0.9514,280.50,219.50,0.5714,28,40,40,12,13,9,144,3,2,20,1,9
2,25,14,ALL-DEAD,0.0360,0.0000,0.0000,445.50,54.50,0.0000,0,40,40,9,10,8,144,1,3,9,1,9
2,25,11,OK,0.4907,0.7879,0.9147,365.00,135.00,0.5306,26,33,33,9,10,9,144,1,8,13,1,4
2,25,16,OK,0.4399,0.4146,0.8298,273.50,226.50,0.3469,17,41,41,9,10,6,84,1,9,20,1,9
2,25,13,OK,0.4877,0.9167,0.9334,305.00,195.00,0.4490,22,24,24,9,10,9,24,1,9,20,1,9
2,25,18,OK,0.4490,1.0000,0.9582,351.00,149.00,0.4286,21,21,21,9,10,9,84,1,5,14,1,9
2,25,22,ALL-DEAD,0.1442,0.0000,0.0000,281.50,218.50,0.0000,0,47,47,9,10,2,24,1,9,17,1,5
2,25,15,OK,0.5174,0.7000,0.9227,360.00,140.00,0.5714,28,40,40,9,10,9,144,3,2,14,1,9
2,25,23,ALL-DEAD,0.1617,0.0000,0.0000,255.00,245.00,0.0000,0,33,33,9,25,8,84,1,9,14,1,9
2,25,19,OK,0.4118,0.7500,0.8956,345.00,155.00,0.3673,18,24,24,9,10,9,144,1,3,14,1,1
2,25,25,ALL-DEAD,0.2246,0.0000,0.0000,159.75,340.25,0.0000,0,41,41,3,10,6,48,1,9,20,1,9
2,25,24,ALL-DEAD,0.1264,0.0000,0.0000,308.50,191.50,0.0000,0,34,34,9,10,8,144,2,5,14,1,9
2,25,20,OK,0.5471,0.6098,0.9416,267.50,232.50,0.5102,25,41,41,9,10,9,144,1,9,20,1,2
2,25,26,OVER-BUDGET,0.0000,0.8500,0.9717,501.75,0.00,0.6939,34,40,40,9,10,9,144,3,5,15,4,9
2,25,28,OK,0.5289,0.5610,0.9773,267.50,232.50,0.4694,23,41,41,9,10,1,144,1,2,20,1,9
2,25,21,OK,0.6521,0.8043,0.9146,307.50,192.50,0.7551,37,46,46,6,8,9,108,3,6,20,1,9
2,25,31,ALL-DEAD,0.1015,0.0000,0.0000,346.25,153.75,0.0000,0,21,21,9,10,8,24,1,9,14,1,9
2,25,34,OVER-BUDGET,0.0000,0.9667,0.7633,502.00,0.00,0.5918,29,30,30,10,6,9,120,4,5,1,1,9
2,25,27,OK,0.5955,0.6818,0.9654,283.50,216.50,0.6122,30,44,44,9,12,9,156,1,9,20,1,9
2,25,35,ALL-DEAD,0.1693,0.0000,0.0000,243.50,256.50,0.0000,0,41,41,3,10,1,144,1,7,8,1,9
2,25,29,OVER-BUDGET,0.0000,0.8293,0.9321,500.45,0.00,0.6939,34,41,41,9,29,9,108,1,5,7,1,9
2,25,30,OK,0.4566,0.7073,0.7840,444.00,56.00,0.5918,29,41,41,9,24,9,60,4,9,20,1,9
2,25,36,OVER-BUDGET,0.0000,0.9000,0.9487,502.30,0.00,0.7347,36,40,40,9,26,9,24,1,8,20,3,9
2,25,37,OK,0.4454,0.5000,0.8920,327.50,172.50,0.4082,20,40,40,9,10,9,144,1,5,15,1,0
2,25,39,OVER-BUDGET,0.0000,0.8511,0.9384,501.35,0.00,0.8163,40,47,47,9,11,9,144,2,5,5,1,9
2,25,40,ALL-DEAD,0.1330,0.0000,0.0000,298.50,201.50,0.0000,0,49,49,8,10,9,48,2,9,20,1,2
2,25,32,OK,0.2062,0.1064,0.8026,418.50,81.50,0.1020,5,47,47,6,19,9,108,1,9,20,1,9
2,25,43,OVER-BUDGET,0.0000,0.3415,0.8019,500.85,0.00,0.2857,14,41,41,9,7,6,144,1,9,6,1,9
2,25,47,OVER-BUDGET,0.0000,0.9250,0.8838,501.00,0.00,0.7551,37,40,40,7,10,9,60,4,5,1,1,9
2,25,33,OVER-BUDGET,0.0000,0.7805,0.9552,501.00,0.00,0.6531,32,41,41,2,10,9,144,1,9,14,1,9
2,25,38,OVER-BUDGET,0.0000,0.2500,0.9436,501.85,0.00,0.0816,4,16,16,2,22,9,144,1,5,15,1,2
2,25,41,OK,0.4714,0.5854,0.9685,370.00,130.00,0.4898,24,41,41,9,9,9,84,3,9,14,1,0
2,25,46,OVER-BUDGET,0.0000,0.7500,0.8391,500.50,0.00,0.6122,30,40,40,11,10,9,144,1,0,4,1,1
2,25,42,OK,0.4783,0.9286,0.9626,392.50,107.50,0.5306,26,28,28,8,10,9,24,1,9,14,1,9
2,25,48,OVER-BUDGET,0.0000,0.5676,0.9408,502.00,0.00,0.4286,21,37,37,10,10,2,144,1,5,14,3,0
2,25,45,OVER-BUDGET,0.0000,0.6970,0.6592,501.15,0.00,0.4694,23,33,33,1,26,9,84,1,9,20,1,9
2,25,49,OVER-BUDGET,0.0000,0.8696,0.9065,501.50,0.00,0.4082,20,23,23,9,10,9,96,1,5,15,4,5
2,25,44,OVER-BUDGET,0.0000,0.5366,0.8009,502.50,0.00,0.4490,22,41,41,2,10,9,144,4,9,20,1,9
2,26,0,OK,0.2494,0.0638,0.5357,270.50,229.50,0.0612,3,47,47,9,10,9,108,1,9,20,1,9
2,26,7,OK,0.4880,0.4878,0.9171,267.50,232.50,0.4082,20,41,41,9,10,9,144,1,9,20,1,2
2,26,5,OK,0.5588,0.6750,0.9241,280.50,219.50,0.5510,27,40,40,12,13,9,144,3,2,20,1,9
2,26,4,OK,0.5302,0.6750,0.9442,327.50,172.50,0.5510,27,40,40,9,10,9,144,1,5,15,1,9
2,26,10,OVER-BUDGET,0.0000,0.8913,0.8850,502.00,0.00,0.8367,41,46,46,12,10,9,144,2,6,6,4,9
2,26,3,OK,0.6179,0.7273,0.9654,283.50,216.50,0.6531,32,44,44,9,12,9,156,1,9,20,1,9
2,26,2,OK,0.5804,0.6739,0.8944,310.50,189.50,0.6327,31,46,46,6,10,9,108,1,7,20,1,9
2,26,1,OK,0.6216,0.7391,0.9410,307.50,192.50,0.6939,34,46,46,6,8,9,108,3,6,20,1,9
2,26,8,ALL-DEAD,0.1538,0.0000,0.0000,267.00,233.00,0.0000,0,41,41,9,10,1,144,1,2,20,1,9
2,26,6,OK,0.6225,0.9500,0.9455,375.00,125.00,0.7755,38,40,40,6,10,9,144,2,5,15,1,9
2,26,14,OVER-BUDGET,0.0000,0.9149,0.9251,501.60,0.00,0.8776,43,47,47,9,16,9,108,1,7,3,4,9
2,26,11,ALL-DEAD,0.2305,0.0000,0.0000,150.75,349.25,0.0000,0,46,46,6,10,1,108,1,7,20,1,0
2,26,16,ALL-DEAD,0.1431,0.0000,0.0000,283.20,216.80,0.0000,0,47,47,12,13,4,144,3,2,20,2,9
2,26,12,OK,0.2050,0.1087,0.4379,354.00,146.00,0.1020,5,46,46,6,12,8,36,1,9,20,1,9
2,26,9,OK,0.6274,0.8049,0.9449,282.50,217.50,0.6735,33,41,41,9,10,9,144,3,9,20,1,9
2,26,15,OVER-BUDGET,0.0000,0.6857,0.9334,501.25,0.00,0.4898,24,35,35,9,10,9,108,3,2,20,3,9
2,26,21,OVER-BUDGET,0.0000,0.7174,0.7354,500.75,0.00,0.6735,33,46,46,9,10,9,108,1,1,20,4,8
2,26,22,OK,0.3434,0.9000,0.9584,307.00,193.00,0.1837,9,10,10,9,14,9,72,1,9,20,1,9
2,26,19,OK,0.6436,0.7660,0.9537,310.50,189.50,0.7347,36,47,47,9,15,9,108,1,1,20,1,9
2,26,25,OVER-BUDGET,0.0000,0.9545,0.9076,502.00,0.00,0.8571,42,44,44,10,10,9,108,3,7,1,1,6
2,26,18,OVER-BUDGET,0.0000,0.9565,0.9180,500.25,0.00,0.8980,44,46,46,6,30,9,108,3,5,20,2,9
2,26,17,OVER-BUDGET,0.0000,0.8500,0.9384,500.50,0.00,0.6939,34,40,40,1,10,9,108,3,1,20,1,9
2,26,13,OVER-BUDGET,0.0000,0.8043,0.9302,500.50,0.00,0.7551,37,46,46,1,10,9,108,1,5,20,1,9
2,26,23,OK,0.4704,0.6596,0.9379,485.00,15.00,0.6327,31,47,47,9,10,9,24,1,9,20,2,9
2,26,26,OVER-BUDGET,0.0000,0.4894,0.9532,500.40,0.00,0.4694,23,47,47,9,13,0,108,4,2,20,3,9
2,26,20,OVER-BUDGET,0.0000,0.8913,0.9576,501.30,0.00,0.8367,41,46,46,6,26,9,108,3,0,16,1,9
2,26,29,OVER-BUDGET,0.0000,1.0000,0.9838,501.15,0.00,0.2245,11,11,11,6,7,9,168,1,6,6,1,9
2,26,34,ALL-DEAD,0.0561,0.0000,0.0000,415.00,85.00,0.0000,0,46,46,6,25,5,108,4,6,4,1,9
2,26,31,OVER-BUDGET,0.0000,0.7872,0.9133,502.00,0.00,0.7551,37,47,47,9,10,9,108,4,9,5,1,9
2,26,28,OK,0.6023,0.8649,0.9674,307.50,192.50,0.6531,32,37,37,9,12,9,108,3,9,20,1,9
2,26,33,OK,0.4040,0.3404,0.6075,270.50,229.50,0.3265,16,47,47,9,10,7,108,1,9,20,1,9
2,26,35,ALL-DEAD,0.2571,0.0000,0.0000,110.50,389.50,0.0000,0,41,41,9,10,8,24,1,9,20,1,2
2,26,30,OVER-BUDGET,0.0000,0.7391,0.8315,500.65,0.00,0.6939,34,46,46,6,8,9,168,3,7,20,3,9
2,26,38,ALL-DEAD,0.2477,0.0000,0.0000,124.75,375.25,0.0000,0,40,40,6,10,6,144,1,9,20,1,3
2,26,27,OVER-BUDGET,0.0000,0.7273,0.9265,500.00,0.00,0.6531,32,44,44,1,12,9,72,1,9,16,1,9
2,26,24,OK,0.5953,0.8182,0.9305,379.50,120.50,0.7347,36,44,44,12,28,9,108,3,6,20,1,9
2,26,32,OK,0.5640,0.5745,0.9704,281.00,219.00,0.5510,27,47,47,9,10,9,108,2,9,20,1,5
2,26,36,OK,0.3923,0.8571,0.9726,286.50,213.50,0.2449,12,14,14,8,11,9,156,1,9,20,1,9
2,26,40,OVER-BUDGET,0.0000,0.5532,0.8714,501.50,0.00,0.5306,26,47,47,9,10,9,156,1,9,20,4,2
2,26,43,OVER-BUDGET,0.0000,0.8400,0.9270,501.50,0.00,0.4286,21,25,25,9,10,9,48,1,9,20,4,9
2,26,46,ALL-DEAD,0.2610,0.0000,0.0000,104.50,395.50,0.0000,0,46,46,9,10,8,108,1,7,12,1,9
2,26,47,OVER-BUDGET,0.0000,1.0000,0.9657,500.70,0.00,0.2041,10,10,10,9,8,9,108,1,9,7,4,9
2,26,37,OVER-BUDGET,0.0000,0.7609,0.9015,500.50,0.00,0.7143,35,46,46,4,10,9,108,1,7,7,1,9
2,26,42,OK,0.4623,0.4043,0.8270,273.00,227.00,0.3878,19,47,47,8,8,9,108,2,6,20,1,6
2,26,39,OK,0.6217,0.6939,0.9281,305.00,195.00,0.6939,34,49,49,9,10,9,24,1,9,20,1,9
2,26,41,OK,0.2520,0.0465,0.8294,303.00,197.00,0.0408,2,43,43,6,8,9,120,3,6,20,1,1
2,26,44,OK,0.4564,0.5957,0.9123,450.50,49.50,0.5714,28,47,47,9,10,9,108,1,7,20,2,9
2,26,45,OVER-BUDGET,0.0000,0.8261,0.9020,501.50,0.00,0.7755,38,46,46,6,10,9,108,1,6,5,1,9
2,26,49,OVER-BUDGET,0.0000,0.6087,0.9553,501.25,0.00,0.5714,28,46,46,9,10,9,108,1,6,15,3,7
2,26,48,OK,0.4561,0.9048,0.9812,310.50,189.50,0.3878,19,21,21,6,10,9,108,1,7,20,1,1
2,27,1,OK,0.4633,0.4878,0.7942,282.50,217.50,0.4082,20,41,41,9,10,9,144,3,9,20,1,9
2,27,6,OK,0.5891,0.8378,0.9507,307.50,192.50,0.6327,31,37,37,9,12,9,108,3,9,20,1,9
2,27,5,OK,0.5909,0.6818,0.9273,283.50,216.50,0.6122,30,44,44,9,12,9,156,1,9,20,1,9
2,27,3,OK,0.6291,0.7143,0.8965,305.00,195.00,0.7143,35,49,49,9,10,9,24,1,9,20,1,9
2,27,2,OK,0.5423,0.7750,0.9322,375.00,125.00,0.6327,31,40,40,6,10,9,144,2,5,15,1,9
2,27,4,OK,0.6184,0.7391,0.9141,307.50,192.50,0.6939,34,46,46,6,8,9,108,3,6,20,1,9
2,27,0,OK,0.6318,0.7447,0.9487,310.50,189.50,0.7143,35,47,47,9,15,9,108,1,1,20,1,9
2,27,7,OK,0.6325,0.8864,0.9597,379.50,120.50,0.7959,39,44,44,12,28,9,108,3,6,20,1,9
2,27,11,OK,0.3663,1.0000,0.9430,320.50,179.50,0.2449,12,12,12,9,8,9,108,3,9,16,1,9
2,27,10,OVER-BUDGET,0.0000,0.7073,0.9158,500.90,0.00,0.5918,29,41,41,9,22,9,72,2,8,6,1,1
2,27,9,OK,0.5190,0.4894,0.9691,281.00,219.00,0.4694,23,47,47,9,10,9,108,2,9,20,1,5
2,27,17,OVER-BUDGET,0.0000,0.9574,0.7695,500.50,0.00,0.9184,45,47,47,9,15,8,108,1,1,4,4,9
2,27,18,ALL-DEAD,0.2185,0.0000,0.0000,169.00,331.00,0.0000,0,10,10,9,10,6,24,2,4,20,2,9
2,27,8,OK,0.6194,0.7391,0.9389,310.50,189.50,0.6939,34,46,46,6,10,9,108,1,7,20,1,9
2,27,14,OVER-BUDGET,0.0000,0.8286,0.8559,500.25,0.00,0.5918,29,35,35,11,10,9,96,1,9,20,3,8
2,27,13,OK,0.5953,0.6809,0.8264,292.50,207.50,0.6531,32,47,47,12,17,9,108,1,1,20,1,9
2,27,15,OK,0.5556,0.5745,0.8865,278.50,221.50,0.5510,27,47,47,9,11,9,108,1,1,20,1,3
2,27,20,OVER-BUDGET,0.0000,0.7750,0.8999,501.00,0.00,0.6327,31,40,40,11,10,9,144,2,5,15,3,9
2,27,24,ALL-DEAD,0.2545,0.0000,0.0000,114.35,385.65,0.0000,0,47,47,9,16,1,108,1,4,20,1,9
2,27,19,OVER-BUDGET,0.0000,0.6939,0.9253,501.45,0.00,0.6939,34,49,49,9,9,9,72,3,5,12,2,6
2,27,16,OK,0.5278,0.6829,0.9267,345.00,155.00,0.5714,28,41,41,6,10,9,48,2,9,20,1,9
2,27,21,OVER-BUDGET,0.0000,0.6829,0.9437,500.25,0.00,0.5714,28,41,41,12,10,9,144,3,9,16,3,9
2,27,12,OK,0.2550,0.2766,0.4662,419.50,80.50,0.2653,13,47,47,9,26,9,108,3,0,20,1,3
2,27,26,ALL-DEAD,0.2143,0.0000,0.0000,175.25,324.75,0.0000,0,47,47,9,15,3,144,1,1,20,1,9
2,27,25,ALL-DEAD,0.2253,0.0000,0.0000,158.70,341.30,0.0000,0,48,48,9,26,3,156,1,1,20,1,9
2,27,30,ALL-DEAD,0.2501,0.0000,0.0000,121.05,378.95,0.0000,0,20,20,9,14,4,132,1,2,20,1,6
2,27,22,OK,0.4448,0.7200,0.9810,310.50,189.50,0.3673,18,25,25,9,15,9,108,1,1,20,1,6
2,27,32,OVER-BUDGET,0.0000,0.9787,0.9514,501.25,0.00,0.9388,46,47,47,9,25,9,72,1,1,4,2,9
2,27,28,OK,0.4026,0.5250,0.6898,372.50,127.50,0.4286,21,40,40,9,10,9,144,2,9,13,1,9
2,27,27,OVER-BUDGET,0.0000,0.9512,0.8087,501.00,0.00,0.7959,39,41,41,1,10,9,144,2,5,7,1,9
2,27,33,OK,0.3903,1.0000,0.9903,309.75,190.25,0.2653,13,13,13,9,12,9,96,3,9,20,1,1
2,27,23,OK,0.5732,0.7143,0.9142,393.00,107.00,0.7143,35,49,49,9,21,9,24,1,9,20,1,9
2,27,34,OK,0.5550,0.6585,0.9448,290.00,210.00,0.5510,27,41,41,9,10,9,36,1,9,20,1,0
2,27,38,OVER-BUDGET,0.0000,0.8824,0.9536,502.00,0.00,0.3061,15,17,17,9,15,9,168,4,9,3,1,8
2,27,37,ALL-DEAD,0.1703,0.0000,0.0000,242.00,258.00,0.0000,0,47,47,6,10,7,72,2,1,20,1,1
2,27,31,OK,0.4629,0.4694,0.6065,300.00,200.00,0.4694,23,49,49,9,10,9,156,1,9,17,1,9
2,27,42,OVER-BUDGET,0.0000,0.7073,0.8966,501.50,0.00,0.5918,29,41,41,9,10,3,144,3,9,4,3,7
2,27,29,OK,0.3062,0.3043,0.6451,391.50,108.50,0.2857,14,46,46,8,20,9,108,3,4,20,1,7
2,27,36,OVER-BUDGET,0.0000,0.8163,0.8760,503.00,0.00,0.8163,40,49,49,9,10,9,120,1,9,20,4,9
2,27,45,OVER-BUDGET,0.0000,0.9362,0.9312,500.50,0.00,0.8980,44,47,47,2,12,9,60,1,6,2,1,9
2,27,43,ALL-DEAD,0.0841,0.0000,0.0000,372.65,127.35,0.0000,0,41,41,9,22,6,108,3,1,20,3,9
2,27,35,OVER-BUDGET,0.0000,0.1277,0.7856,503.40,0.00,0.1224,6,47,47,2,28,9,108,1,1,20,1,3
2,27,46,ALL-DEAD,0.0690,0.0000,0.0000,395.40,104.60,0.0000,0,41,41,9,19,6,96,3,9,20,3,9
2,27,40,OK,0.3263,0.7826,0.8611,468.30,31.70,0.3673,18,23,23,5,7,9,24,2,1,13,1,9
2,27,44,OVER-BUDGET,0.0000,0.8723,0.9206,502.25,0.00,0.8367,41,47,47,6,10,9,108,1,5,13,3,1
2,27,39,OK,0.5858,0.7234,0.9530,364.00,136.00,0.6939,34,47,47,9,15,9,108,3,1,17,1,9
2,27,48,OVER-BUDGET,0.0000,0.3171,0.8200,500.25,0.00,0.2653,13,41,41,9,15,0,108,2,1,20,3,1
2,27,49,OK,0.4287,0.8824,0.9705,282.00,218.00,0.3061,15,17,17,10,10,9,72,2,9,20,1,9
2,27,41,OVER-BUDGET,0.0000,0.2766,0.6930,503.25,0.00,0.2653,13,47,47,5,15,9,108,1,6,13,1,6
2,27,47,OK,0.6339,0.7447,0.9497,307.50,192.50,0.7143,35,47,47,9,12,9,108,3,9,20,1,9
2,28,3,OK,0.3960,0.3061,0.8241,305.00,195.00,0.3061,15,49,49,9,10,9,24,1,9,20,1,9
2,28,7,OK,0.5802,0.6818,0.8380,283.50,216.50,0.6122,30,44,44,9,12,9,156,1,9,20,1,9
2,28,5,OK,0.4617,0.4565,0.8242,307.50,192.50,0.4286,21,46,46,6,8,9,108,3,6,20,1,9
2,28,1,ALL-DEAD,0.0906,0.0000,0.0000,362.75,137.25,0.0000,0,44,44,12,28,9,108,3,6,20,1,9
2,28,2,OK,0.5639,0.6170,0.9444,310.50,189.50,0.5918,29,47,47,9,15,9,108,1,1,20,1,9
2,28,0,OK,0.6262,0.7447,0.8857,307.50,192.50,0.7143,35,47,47,9,12,9,108,3,9,20,1,9
2,28,6,OK,0.5738,0.6170,0.9282,292.50,207.50,0.5918,29,47,47,12,17,9,108,1,1,20,1,9
2,28,10,ALL-DEAD,0.2152,0.0000,0.0000,173.90,326.10,0.0000,0,47,47,9,12,4,108,3,9,20,1,9
2,28,4,OK,0.6794,0.8478,0.9712,310.50,189.50,0.7959,39,46,46,6,10,9,108,1,7,20,1,9
2,28,12,ALL-DEAD,0.2430,0.0000,0.0000,131.80,368.20,0.0000,0,47,47,9,22,2,168,1,1,20,1,7
2,28,14,OVER-BUDGET,0.0000,0.5957,0.8027,502.40,0.00,0.5714,28,47,47,9,7,9,108,3,9,20,4,9
2,28,8,OK,0.5548,0.7838,0.8521,307.50,192.50,0.5918,29,37,37,9,12,9,108,3,9,20,1,9
2,28,13,OK,0.4082,0.4773,0.8599,395.00,105.00,0.4286,21,44,44,9,10,9,24,3,9,20,1,6
2,28,9,OK,0.5168,0.5957,0.9399,364.00,136.00,0.5714,28,47,47,9,15,9,108,3,1,17,1,9
2,28,11,OK,0.2044,0.0217,0.9253,375.50,124.50,0.0204,1,46,46,6,12,9,108,3,9,18,1,9
2,28,18,OK,0.3562,1.0000,0.9870,309.75,190.25,0.2041,10,10,10,9,12,9,96,3,6,20,1,8
2,28,22,ALL-DEAD,0.2193,0.0000,0.0000,167.70,332.30,0.0000,0,22,22,4,28,3,108,3,6,20,1,9
2,28,15,OVER-BUDGET,0.0000,0.4468,0.8837,501.75,0.00,0.4286,21,47,47,9,28,9,108,3,3,20,2,4
2,28,20,OK,0.4531,0.8333,0.9553,242.25,257.75,0.3061,15,18,18,12,9,9,132,1,6,20,1,9
2,28,16,OVER-BUDGET,0.0000,0.9149,0.9631,500.35,0.00,0.8776,43,47,47,9,29,9,108,3,7,20,2,9
2,28,26,ALL-DEAD,0.2194,0.0000,0.0000,167.55,332.45,0.0000,0,17,17,3,8,8,108,3,6,20,3,9
2,28,23,OVER-BUDGET,0.0000,0.8571,0.9404,502.20,0.00,0.3673,18,21,21,7,16,9,108,1,9,15,3,3
2,28,19,OK,0.4839,0.6905,0.9756,437.40,62.60,0.5918,29,42,42,10,17,9,24,3,7,20,1,9
2,28,28,OVER-BUDGET,0.0000,0.4255,0.9662,500.25,0.00,0.4082,20,47,47,12,8,7,108,3,1,5,1,9
2,28,17,OVER-BUDGET,0.0000,0.2128,0.8822,500.50,0.00,0.2041,10,47,47,2,15,9,48,1,8,20,1,4
2,28,25,OVER-BUDGET,0.0000,1.0000,0.9721,501.25,0.00,0.3265,16,16,16,6,15,9,108,1,5,9,1,9
2,28,27,OK,0.2798,0.1429,0.5300,291.50,208.50,0.1429,7,49,49,9,10,9,108,3,9,20,1,4
2,28,21,OK,0.4330,0.6364,0.7286,452.55,47.45,0.5714,28,44,44,11,21,9,24,3,6,20,1,9
2,28,24,OVER-BUDGET,0.0000,0.5333,0.8188,501.40,0.00,0.4898,24,45,45,12,28,9,156,2,6,20,2,9
2,28,30,OVER-BUDGET,0.0000,0.8636,0.9077,500.90,0.00,0.7755,38,44,44,4,13,9,108,3,9,20,4,9
2,28,29,OK,0.5810,0.6383,0.9672,305.80,194.20,0.6122,30,47,47,11,16,9,108,2,9,20,1,9
2,28,35,OVER-BUDGET,0.0000,0.8696,0.9236,500.25,0.00,0.8163,40,46,46,6,10,9,24,1,9,9,2,9
2,28,31,OK,0.6201,0.7234,0.8461,292.50,207.50,0.6939,34,47,47,12,17,9,108,1,1,20,1,9
2,28,33,OK,0.3845,1.0000,0.9784,367.50,132.50,0.3265,16,16,16,9,12,9,108,3,6,15,1,9
2,28,34,OVER-BUDGET,0.0000,0.9574,0.9176,501.85,0.00,0.9184,45,47,47,1,12,9,108,3,6,20,3,9
2,28,38,OVER-BUDGET,0.0000,0.0909,0.5499,501.90,0.00,0.0816,4,44,44,9,12,7,108,3,9,20,4,0
2,28,32,OK,0.5013,0.7568,0.9617,391.50,108.50,0.5714,28,37,37,12,30,9,108,3,6,20,1,9
2,28,37,OK,0.5152,0.5319,0.9707,321.00,179.00,0.5102,25,47,47,9,12,9,72,3,9,20,1,9
2,28,36,OK,0.5474,0.8085,0.9135,483.00,17.00,0.7755,38,47,47,9,12,9,120,3,4,20,2,9
2,28,39,OVER-BUDGET,0.0000,0.6538,0.8249,502.25,0.00,0.3469,17,26,26,1,20,9,108,1,9,20,1,9
2,28,40,OK,0.3168,0.2955,0.7612,379.50,120.50,0.2653,13,44,44,12,28,9,108,3,6,20,1,3
2,28,41,OK,0.4396,0.5306,0.9589,450.50,49.50,0.5306,26,49,49,7,10,9,24,3,9,17,1,3
2,28,43,OVER-BUDGET,0.0000,0.7660,0.9377,500.20,0.00,0.7347,36,47,47,9,26,9,144,2,9,15,2,6
2,28,48,OVER-BUDGET,0.0000,0.8636,0.8417,501.45,0.00,0.7755,38,44,44,12,28,9,108,3,9,3,1,9
2,28,46,OVER-BUDGET,0.0000,0.1081,0.6813,501.00,0.00,0.0816,4,37,37,12,28,7,108,4,6,17,2,5
2,28,45,OK,0.5625,0.6170,0.8669,298.50,201.50,0.5918,29,47,47,8,12,9,108,1,9,20,1,9
2,28,44,OK,0.5376,0.7872,0.9507,487.50,12.50,0.7551,37,47,47,9,12,9,108,3,0,20,2,9
2,28,47,OK,0.5567,0.5909,0.8681,256.50,243.50,0.5306,26,44,44,12,11,9,108,1,6,20,1,9
2,28,49,OVER-BUDGET,0.0000,0.7021,0.9584,500.05,0.00,0.6735,33,47,47,9,12,9,108,3,9,4,1,8
2,28,42,ALL-DEAD,0.0038,0.0000,0.0000,494.25,5.75,0.0000,0,37,37,6,25,9,108,3,9,20,1,9
2,29,4,ALL-DEAD,0.1487,0.0000,0.0000,274.75,225.25,0.0000,0,44,44,9,12,9,156,1,9,20,1,9
2,29,7,OK,0.6159,0.7021,0.9372,298.50,201.50,0.6735,33,47,47,8,12,9,108,1,9,20,1,9
2,29,6,OK,0.2536,0.1277,0.5097,310.50,189.50,0.1224,6,47,47,9,15,9,108,1,1,20,1,9
2,29,5,OK,0.6662,0.8085,0.8557,292.50,207.50,0.7755,38,47,47,12,17,9,108,1,1,20,1,9
2,29,2,OK,0.4405,0.4043,0.7524,292.50,207.50,0.3878,19,47,47,12,17,9,108,1,1,20,1,9
2,29,3,OK,0.6329,0.7447,0.9326,305.80,194.20,0.7143,35,47,47,11,16,9,108,2,9,20,1,9
2,29,1,OK,0.6085,0.7021,0.9250,307.50,192.50,0.6735,33,47,47,9,12,9,108,3,9,20,1,9
2,29,0,OK,0.5593,0.6304,0.9059,310.50,189.50,0.5918,29,46,46,6,10,9,108,1,7,20,1,9
2,29,13,OVER-BUDGET,0.0000,0.8333,0.6288,500.75,0.00,0.7143,35,42,42,9,25,3,108,3,9,1,1,9
2,29,10,ALL-DEAD,0.0363,0.0000,0.0000,445.00,55.00,0.0000,0,21,21,9,16,3,108,4,9,20,4,8
2,29,8,OK,0.5828,0.6364,0.8986,256.50,243.50,0.5714,28,44,44,12,11,9,108,1,6,20,1,9
2,29,15,OK,0.3402,1.0000,0.9699,348.00,152.00,0.2245,11,11,11,12,10,9,108,1,5,13,1,9
2,29,11,OK,0.3866,0.2979,0.8286,303.00,197.00,0.2857,14,47,47,12,17,0,108,2,1,20,1,9
2,29,14,ALL-DEAD,0.0680,0.0000,0.0000,397.00,103.00,0.0000,0,35,35,3,17,7,108,4,1,20,3,8
2,29,12,OVER-BUDGET,0.0000,0.7609,0.8107,503.65,0.00,0.7143,35,46,46,9,12,9,84,3,9,20,4,0
2,29,16,OK,0.4232,0.9375,0.9659,289.50,210.50,0.3061,15,16,16,12,17,9,156,1,3,20,1,8
2,29,19,ALL-DEAD,0.2511,0.0000,0.0000,119.55,380.45,0.0000,0,47,47,8,12,4,108,3,9,20,1,8
2,29,17,ALL-DEAD,0.0670,0.0000,0.0000,398.45,101.55,0.0000,0,46,46,6,8,4,108,1,0,9,1,9
2,29,9,OK,0.5778,0.8108,0.9503,307.50,192.50,0.6122,30,37,37,9,12,9,108,3,9,20,1,9
2,29,26,OVER-BUDGET,0.0000,0.8438,0.9285,501.40,0.00,0.5510,27,32,32,12,9,9,108,4,1,2,1,9
2,29,18,OK,0.1830,0.0426,0.4548,339.50,160.50,0.0408,2,47,47,9,16,5,108,3,9,20,1,5
2,29,22,OVER-BUDGET,0.0000,0.5938,0.8307,500.45,0.00,0.3878,19,32,32,9,12,9,108,3,9,18,2,9
2,29,23,OVER-BUDGET,0.0000,0.7021,0.9171,504.85,0.00,0.6735,33,47,47,9,12,9,108,3,9,20,3,0
2,29,28,OVER-BUDGET,0.0000,0.8148,0.8800,500.00,0.00,0.4490,22,27,27,9,12,9,108,3,9,5,1,9
2,29,24,OVER-BUDGET,0.0000,0.9783,0.9321,501.10,0.00,0.9184,45,46,46,1,12,9,108,3,9,10,1,9
2,29,21,OK,0.5569,0.7391,0.9597,409.00,91.00,0.6939,34,46,46,6,10,9,108,3,7,14,1,9
2,29,20,OK,0.6191,0.7872,0.9672,367.00,133.00,0.7551,37,47,47,9,20,9,168,4,9,20,1,9
2,29,32,ALL-DEAD,0.2476,0.0000,0.0000,124.90,375.10,0.0000,0,47,47,10,16,1,156,2,0,20,1,8
2,29,30,ALL-DEAD,0.1909,0.0000,0.0000,210.80,289.20,0.0000,0,44,44,9,18,6,156,4,7,19,1,0
2,29,31,ALL-DEAD,0.2063,0.0000,0.0000,187.50,312.50,0.0000,0,44,44,9,15,1,156,3,9,20,1,9
2,29,25,OVER-BUDGET,0.0000,0.0256,0.8669,503.40,0.00,0.0204,1,39,39,2,28,9,108,1,2,20,1,2
2,29,27,OK,0.4753,0.8387,0.9321,391.50,108.50,0.5306,26,31,31,6,15,9,108,3,0,20,1,9
2,29,33,OVER-BUDGET,0.0000,0.4348,0.9469,502.00,0.00,0.4082,20,46,46,8,10,0,108,1,7,6,1,9
2,29,29,OK,0.4603,0.4318,0.7771,267.00,233.00,0.3878,19,44,44,12,12,9,156,2,1,20,1,7
2,29,36,OVER-BUDGET,0.0000,0.8723,0.9522,502.40,0.00,0.8367,41,47,47,12,21,9,132,2,7,4,1,2
2,29,39,OVER-BUDGET,0.0000,0.8696,0.9298,502.50,0.00,0.8163,40,46,46,7,10,9,120,4,7,5,2,9
2,29,34,OK,0.4833,0.3830,0.9714,250.50,249.50,0.3673,18,47,47,12,10,9,108,1,1,20,1,3
2,29,38,OK,0.1704,0.1304,0.6498,462.00,38.00,0.1224,6,46,46,10,10,9,36,1,7,20,2,9
2,29,37,OK,0.4612,0.4773,0.8779,318.00,182.00,0.4286,21,44,44,9,12,9,108,4,9,20,1,0
2,29,40,OK,0.3776,0.7222,0.9463,321.00,179.00,0.2653,13,18,18,6,10,9,108,2,4,20,1,9
2,29,41,OK,0.4994,0.4783,0.8716,276.00,224.00,0.4490,22,46,46,12,10,9,60,2,7,20,1,9
2,29,42,OVER-BUDGET,0.0000,0.9565,0.9514,501.55,0.00,0.8980,44,46,46,6,21,9,132,1,7,20,4,9
2,29,44,OK,0.3785,0.3830,0.9234,400.50,99.50,0.3673,18,47,47,12,17,0,108,2,1,13,1,9
2,29,45,ALL-DEAD,0.1650,0.0000,0.0000,250.00,250.00,0.0000,0,20,20,6,15,0,108,3,7,20,1,0
2,29,35,OVER-BUDGET,0.0000,0.5745,0.7650,500.35,0.00,0.5510,27,47,47,1,12,9,108,3,5,20,1,9
2,29,47,ALL-DEAD,0.0741,0.0000,0.0000,387.75,112.25,0.0000,0,46,46,6,10,9,108,1,7,20,2,9
2,29,43,OVER-BUDGET,0.0000,0.9149,0.9597,502.15,0.00,0.8776,43,47,47,6,27,9,24,1,7,20,2,9
2,29,46,OK,0.5841,0.7174,0.9445,348.00,152.00,0.6735,33,46,46,8,12,9,36,2,7,20,1,9
2,29,48,OK,0.6505,0.7234,0.9381,263.25,236.75,0.6939,34,47,47,12,12,9,96,1,9,20,1,9
2,29,49,OK,0.5401,0.7609,0.9106,442.50,57.50,0.7143,35,46,46,6,11,9,108,1,1,12,1,9
2,30,7,OK,0.4586,0.4091,0.7986,256.50,243.50,0.3673,18,44,44,12,11,9,108,1,6,20,1,9
2,30,1,OK,0.5996,0.6383,0.8886,263.25,236.75,0.6122,30,47,47,12,12,9,96,1,9,20,1,9
2,30,5,OK,0.2604,0.0851,0.7370,307.50,192.50,0.0816,4,47,47,9,12,9,108,3,9,20,1,9
2,30,6,OK,0.4276,0.4348,0.8568,348.00,152.00,0.4082,20,46,46,8,12,9,36,2,7,20,1,9
2,30,0,OK,0.2963,0.1277,0.7671,292.50,207.50,0.1224,6,47,47,12,17,9,108,1,1,20,1,9
2,30,2,OK,0.6637,0.8085,0.9084,305.80,194.20,0.7755,38,47,47,11,16,9,108,2,9,20,1,9
2,30,4,OK,0.5674,0.6383,0.8139,298.50,201.50,0.6122,30,47,47,8,12,9,108,1,9,20,1,9
2,30,3,OK,0.4557,0.5532,0.6343,367.00,133.00,0.5306,26,47,47,9,20,9,168,4,9,20,1,9
2,30,11,OVER-BUDGET,0.0000,0.7297,0.9055,501.30,0.00,0.5510,27,37,37,9,11,9,156,3,9,10,2,2
2,30,12,OVER-BUDGET,0.0000,0.4468,0.9380,501.45,0.00,0.4286,21,47,47,12,17,0,108,1,1,20,3,9
2,30,8,OK,0.2903,0.2162,0.6119,307.50,192.50,0.1633,8,37,37,9,12,9,108,3,9,20,1,9
2,30,13,OVER-BUDGET,0.0000,0.9062,0.9538,500.75,0.00,0.5918,29,32,32,12,17,9,24,1,4,5,1,9
2,30,15,OVER-BUDGET,0.0000,1.0000,0.9148,502.25,0.00,0.2245,11,11,11,9,20,9,60,1,3,12,4,9
2,30,17,ALL-DEAD,0.2546,0.0000,0.0000,114.30,385.70,0.0000,0,46,46,8,17,2,108,2,1,20,1,9
2,30,14,OK,0.5132,0.5319,0.9865,327.00,173.00,0.5102,25,47,47,12,20,0,168,4,7,20,1,9
2,30,9,OK,0.2692,0.1522,0.5467,310.50,189.50,0.1429,7,46,46,6,10,9,108,1,7,20,1,9
2,30,10,OK,0.3233,0.4255,0.6475,468.00,32.00,0.4082,20,47,47,12,12,9,120,4,1,20,2,1
2,30,22,OVER-BUDGET,0.0000,1.0000,0.9630,500.20,0.00,0.5714,28,28,28,12,17,9,108,1,1,8,4,9
2,30,23,OVER-BUDGET,0.0000,0.5106,0.8334,500.45,0.00,0.4898,24,47,47,12,12,2,84,1,9,2,1,9
2,30,20,ALL-DEAD,0.1706,0.0000,0.0000,241.55,258.45,0.0000,0,46,46,8,29,5,36,2,7,16,1,9
2,30,19,OK,0.5925,0.6596,0.9701,305.80,194.20,0.6327,31,47,47,11,16,9,108,2,5,20,1,9
2,30,16,OK,0.4364,0.5532,0.8248,431.00,69.00,0.5306,26,47,47,6,8,9,24,3,1,18,1,9
2,30,25,OK,0.2581,0.0952,0.8221,292.50,207.50,0.0408,2,21,21,12,17,9,108,1,1,20,1,9
2,30,18,OK,0.5294,0.5532,0.9290,309.00,191.00,0.5306,26,47,47,8,12,9,108,2,6,20,1,9
2,30,24,OVER-BUDGET,0.0000,0.8298,0.8957,502.00,0.00,0.7959,39,47,47,9,20,9,108,4,9,6,1,9
2,30,27,ALL-DEAD,0.0923,0.0000,0.0000,360.10,139.90,0.0000,0,47,47,11,17,9,60,1,0,20,2,9
2,30,29,ALL-DEAD,0.2361,0.0000,0.0000,142.20,357.80,0.0000,0,42,42,12,12,2,96,1,9,11,1,9
2,30,26,OVER-BUDGET,0.0000,0.7872,0.8665,500.45,0.00,0.7551,37,47,47,1,17,9,36,1,3,20,2,8
2,30,21,OK,0.3065,0.2553,0.6233,353.00,147.00,0.2449,12,47,47,9,19,9,108,2,1,20,1,9
2,30,34,OVER-BUDGET,0.0000,0.5745,0.9254,501.05,0.00,0.5510,27,47,47,12,17,1,108,3,9,5,2,9
2,30,31,OVER-BUDGET,0.0000,0.4800,0.9097,500.10,0.00,0.2449,12,25,25,11,16,7,36,1,6,20,3,2
2,30,30,OVER-BUDGET,0.0000,0.7872,0.9417,500.75,0.00,0.7551,37,47,47,12,17,9,132,1,1,6,1,9
2,30,36,ALL-DEAD,0.1627,0.0000,0.0000,253.50,246.50,0.0000,0,47,47,1,12,0,168,2,3,16,1,6
2,30,35,ALL-DEAD,0.1607,0.0000,0.0000,256.50,243.50,0.0000,0,47,47,4,17,9,108,1,2,17,1,5
2,30,28,OK,0.6344,0.7872,0.9368,338.30,161.70,0.7551,37,47,47,11,16,9,108,2,9,17,1,9
2,30,37,OVER-BUDGET,0.0000,0.8085,0.9278,502.20,0.00,0.7755,38,47,47,12,17,9,108,1,6,20,4,4
2,30,39,ALL-DEAD,0.2025,0.0000,0.0000,193.15,306.85,0.0000,0,47,47,12,17,5,120,1,1,20,1,3
2,30,32,OVER-BUDGET,0.0000,0.9574,0.9563,502.25,0.00,0.9184,45,47,47,2,16,9,108,1,9,9,1,9
2,30,41,ALL-DEAD,0.1711,0.0000,0.0000,240.75,259.25,0.0000,0,47,47,12,12,9,108,1,9,20,1,9
2,30,33,OK,0.5315,0.7234,0.9398,443.80,56.20,0.6939,34,47,47,5,12,9,84,1,9,14,1,9
2,30,45,ALL-DEAD,0.1756,0.0000,0.0000,233.95,266.05,0.0000,0,47,47,12,17,4,108,4,9,20,1,9
2,30,44,OVER-BUDGET,0.0000,0.6944,0.8750,502.00,0.00,0.5102,25,36,36,9,17,9,108,3,1,18,3,9
2,30,43,OK,0.5351,0.6170,0.8297,333.35,166.65,0.5918,29,47,47,11,17,9,108,4,9,20,1,9
2,30,40,OK,0.5695,0.7021,0.9713,375.00,125.00,0.6735,33,47,47,8,17,9,108,4,6,20,1,9
2,30,47,OK,0.3212,0.6818,0.9476,440.75,59.25,0.3061,15,22,22,12,17,7,96,1,9,11,1,9
2,30,42,OK,0.4295,0.5946,0.9738,400.40,99.60,0.4490,22,37,37,11,28,9,168,4,9,19,1,3
2,30,46,OK,0.4066,1.0000,0.9926,319.50,180.50,0.3061,15,15,15,12,21,9,84,1,9,20,1,9
2,30,38,OK,0.1939,0.1702,0.8151,490.50,9.50,0.1633,8,47,47,6,25,9,108,1,1,20,1,0
2,30,48,OK,0.6120,0.6957,0.9074,282.00,218.00,0.6531,32,46,46,12,12,9,36,1,7,20,1,0
2,30,49,OK,0.3928,0.9545,0.9777,439.75,60.25,0.4286,21,22,22,9,26,9,168,1,9,16,1,9
3,1,2,OVER-BUDGET,0.0000,0.1000,0.3354,501.60,0.00,0.0204,1,10,10,4,17,4,168,3,3,7,4,4
3,1,3,OVER-BUDGET,0.0000,0.8000,0.4368,502.20,0.00,0.7347,36,45,45,9,24,1,120,3,7,3,4,3
3,1,1,ALL-DEAD,0.0449,0.0000,0.0000,432.00,68.00,0.0000,0,37,37,4,14,1,108,4,6,13,4,8
3,1,6,ALL-DEAD,0.1423,0.0000,0.0000,284.35,215.65,0.0000,0,10,10,5,26,2,84,1,7,19,2,1
3,1,9,ALL-DEAD,0.1175,0.0000,0.0000,322.00,178.00,0.0000,0,32,32,4,26,4,36,2,3,19,4,3
3,1,8,ALL-DEAD,0.0117,0.0000,0.0000,482.25,17.75,0.0000,0,13,13,10,5,1,156,1,2,18,3,9
3,1,4,ALL-DEAD,0.1185,0.0000,0.0000,320.50,179.50,0.0000,0,22,22,3,7,2,36,3,3,18,2,7
3,1,0,ALL-DEAD,0.0174,0.0000,0.0000,473.60,26.40,0.0000,0,48,48,6,6,1,72,3,2,18,3,0
3,1,7,OVER-BUDGET,0.0000,0.2292,0.3474,502.00,0.00,0.2245,11,48,48,7,15,6,96,3,4,14,4,9
3,1,13,ALL-DEAD,0.1343,0.0000,0.0000,296.45,203.55,0.0000,0,21,21,12,9,1,108,1,4,11,4,8
3,1,17,ALL-DEAD,0.1848,0.0000,0.0000,219.95,280.05,0.0000,0,15,15,6,18,3,120,1,8,19,4,8
3,1,10,OVER-BUDGET,0.0000,0.3953,0.8007,501.95,0.00,0.3469,17,43,43,9,12,4,72,1,5,10,3,3
3,1,11,OK,0.3796,0.5000,0.9426,317.25,182.75,0.2653,13,26,26,11,5,7,60,4,5,17,1,9
3,1,12,OVER-BUDGET,0.0000,0.1282,0.7937,501.80,0.00,0.1020,5,39,39,6,6,4,36,4,3,9,2,5
3,1,18,ALL-DEAD,0.1577,0.0000,0.0000,261.00,239.00,0.0000,0,37,37,5,6,4,144,4,6,14,4,8
3,1,20,ALL-DEAD,0.1011,0.0000,0.0000,346.75,153.25,0.0000,0,15,15,6,17,5,96,1,2,19,4,0
3,1,15,OVER-BUDGET,0.0000,0.9310,0.9511,500.30,0.00,0.5510,27,29,29,7,6,9,96,1,9,4,1,5
3,1,22,OVER-BUDGET,0.0000,1.0000,0.9790,500.75,0.00,0.8571,42,42,42,9,30,9,84,3,8,3,3,1
3,1,5,OVER-BUDGET,0.0000,0.4694,0.9184,500.20,0.00,0.4694,23,49,49,5,7,0,48,4,5,9,1,4
3,1,21,ALL-DEAD,0.2385,0.0000,0.0000,138.70,361.30,0.0000,0,39,39,10,27,1,48,2,4,19,2,7
3,1,16,OVER-BUDGET,0.0000,0.9091,0.7066,500.25,0.00,0.4082,20,22,22,7,25,0,60,3,6,10,3,3
3,1,25,OVER-BUDGET,0.0000,0.7857,0.6937,501.65,0.00,0.2245,11,14,14,9,7,5,84,3,4,4,3,9
3,1,14,OVER-BUDGET,0.0000,0.2766,0.4304,501.85,0.00,0.2653,13,47,47,8,22,0,48,3,1,12,4,1
3,1,23,ALL-DEAD,0.2229,0.0000,0.0000,162.25,337.75,0.0000,0,29,29,2,5,8,120,4,3,8,1,2
3,1,26,OVER-BUDGET,0.0000,0.9730,0.5435,503.30,0.00,0.7347,36,37,37,2,19,7,144,4,9,4,4,2
3,1,27,ALL-DEAD,0.2562,0.0000,0.0000,111.75,388.25,0.0000,0,37,37,11,10,1,48,1,1,20,1,4
3,1,19,ALL-DEAD,0.0383,0.0000,0.0000,441.90,58.10,0.0000,0,10,10,10,11,1,48,4,9,15,2,6
3,1,24,ALL-DEAD,0.0671,0.0000,0.0000,398.40,101.60,0.0000,0,22,22,1,12,2,48,4,1,19,4,2
3,1,28,OVER-BUDGET,0.0000,0.6800,0.4372,500.65,0.00,0.3469,17,25,25,11,26,6,84,1,6,7,3,2
3,1,32,ALL-DEAD,0.1082,0.0000,0.0000,336.00,164.00,0.0000,0,19,19,2,25,2,120,1,5,12,3,0
3,1,34,OVER-BUDGET,0.0000,0.6286,0.5730,502.50,0.00,0.4490,22,35,35,11,18,8,96,1,4,7,4,9
3,1,30,ALL-DEAD,0.0451,0.0000,0.0000,431.65,68.35,0.0000,0,43,43,8,17,2,36,2,8,14,3,1
3,1,35,OVER-BUDGET,0.0000,0.8485,0.7158,500.10,0.00,0.5714,28,33,33,8,29,0,108,1,8,9,4,0
3,1,38,ALL-DEAD,0.1702,0.0000,0.0000,242.15,257.85,0.0000,0,15,15,11,29,5,72,4,6,17,2,5
3,1,33,ALL-DEAD,0.1589,0.0000,0.0000,259.25,240.75,0.0000,0,40,40,6,25,6,156,3,2,15,2,3
3,1,31,ALL-DEAD,0.0887,0.0000,0.0000,365.60,134.40,0.0000,0,45,45,7,17,4,108,2,4,8,1,2
3,1,36,ALL-DEAD,0.0263,0.0000,0.0000,460.20,39.80,0.0000,0,43,43,8,6,8,168,2,0,6,3,2
3,1,40,OVER-BUDGET,0.0000,1.0000,0.9707,501.70,0.00,0.8163,40,40,40,5,29,9,60,2,5,2,4,5
3,1,41,OVER-BUDGET,0.0000,0.9250,0.8309,500.80,0.00,0.7551,37,40,40,9,26,4,24,1,5,2,4,2
3,1,44,OVER-BUDGET,0.0000,1.0000,0.9938,501.75,0.00,0.3878,19,19,19,2,9,9,36,3,5,4,4,7
3,1,45,OVER-BUDGET,0.0000,1.0000,0.4558,501.50,0.00,0.2041,10,10,10,7,5,3,60,4,5,3,4,4
3,1,29,OVER-BUDGET,0.0000,0.4359,0.5164,501.40,0.00,0.3469,17,39,39,7,26,7,60,4,9,19,4,2
3,1,39,OVER-BUDGET,0.0000,0.3556,0.6705,501.75,0.00,0.3265,16,45,45,6,13,4,60,4,7,7,2,6
3,1,47,OVER-BUDGET,0.0000,0.7857,0.6478,501.75,0.00,0.2245,11,14,14,7,5,4,168,1,2,11,4,7
3,1,37,ALL-DEAD,0.1450,0.0000,0.0000,280.25,219.75,0.0000,0,40,40,10,18,2,120,1,2,9,1,7
3,1,42,ALL-DEAD,0.0479,0.0000,0.0000,427.45,72.55,0.0000,0,12,12,11,13,2,84,2,4,11,2,3
3,1,48,OVER-BUDGET,0.0000,0.3684,0.4601,501.40,0.00,0.1429,7,19,19,11,16,1,96,2,5,13,3,0
3,1,43,OVER-BUDGET,0.0000,0.0909,0.5254,502.90,0.00,0.0816,4,44,44,3,23,1,36,3,9,3,1,8
3,1,49,OVER-BUDGET,0.0000,0.4706,0.7134,502.50,0.00,0.3265,16,34,34,6,5,1,168,3,3,12,2,6
3,1,46,OVER-BUDGET,0.0000,0.9615,0.9172,501.00,0.00,0.5102,25,26,26,3,12,9,60,2,8,20,3,5
3,2,0,ALL-DEAD,0.2764,0.0000,0.0000,81.25,418.75,0.0000,0,26,26,11,5,7,60,4,5,17,1,9
3,2,1,ALL-DEAD,0.2906,0.0000,0.0000,59.75,440.25,0.0000,0,37,37,11,10,1,48,1,1,20,1,4
3,2,5,ALL-DEAD,0.1774,0.0000,0.0000,231.25,268.75,0.0000,0,15,15,11,29,5,72,4,6,17,2,5
3,2,9,ALL-DEAD,0.2305,0.0000,0.0000,150.80,349.20,0.0000,0,10,10,5,26,2,84,1,7,19,2,1
3,2,2,ALL-DEAD,0.1734,0.0000,0.0000,237.25,262.75,0.0000,0,39,39,10,27,1,48,2,4,19,2,7
3,2,4,ALL-DEAD,0.0966,0.0000,0.0000,353.65,146.35,0.0000,0,15,15,6,18,3,120,1,8,19,4,8
3,2,7,OVER-BUDGET,0.0000,0.0811,0.3123,502.20,0.00,0.0612,3,37,37,5,6,4,144,4,6,14,4,8
3,2,10,ALL-DEAD,0.2018,0.0000,0.0000,194.25,305.75,0.0000,0,37,37,2,5,8,144,4,3,8,1,2
3,2,11,ALL-DEAD,0.2260,0.0000,0.0000,157.60,342.40,0.0000,0,15,15,6,18,7,60,4,5,19,1,8
3,2,14,ALL-DEAD,0.2538,0.0000,0.0000,115.50,384.50,0.0000,0,15,15,6,18,3,84,1,8,11,1,8
3,2,6,ALL-DEAD,0.1525,0.0000,0.0000,269.00,231.00,0.0000,0,40,40,6,25,6,156,3,2,15,2,3
3,2,8,ALL-DEAD,0.1344,0.0000,0.0000,296.35,203.65,0.0000,0,40,40,10,18,2,120,1,2,9,1,7
3,2,17,ALL-DEAD,0.2889,0.0000,0.0000,62.25,437.75,0.0000,0,16,16,11,5,7,48,2,1,17,1,4
3,2,3,ALL-DEAD,0.0899,0.0000,0.0000,363.75,136.25,0.0000,0,29,29,2,5,8,120,4,3,8,1,2
3,2,13,ALL-DEAD,0.2150,0.0000,0.0000,174.25,325.75,0.0000,0,29,29,6,25,5,156,3,7,17,1,2
3,2,18,ALL-DEAD,0.1540,0.0000,0.0000,266.60,233.40,0.0000,0,39,39,10,27,1,48,3,4,20,2,7
3,2,20,ALL-DEAD,0.1495,0.0000,0.0000,273.50,226.50,0.0000,0,23,23,11,6,7,60,4,5,17,1,8
3,2,12,ALL-DEAD,0.1096,0.0000,0.0000,334.00,166.00,0.0000,0,31,31,7,25,2,156,3,2,19,3,3
3,2,16,OK,0.3701,0.4615,0.9563,317.25,182.75,0.2449,12,26,26,11,5,3,60,4,5,17,1,9
3,2,15,OVER-BUDGET,0.0000,0.2222,0.2375,501.00,0.00,0.1633,8,36,36,12,5,5,60,2,5,17,3,9
3,2,25,ALL-DEAD,0.2087,0.0000,0.0000,183.75,316.25,0.0000,0,26,26,11,5,3,36,4,5,14,1,9
3,2,19,ALL-DEAD,0.0144,0.0000,0.0000,478.25,21.75,0.0000,0,26,26,11,5,6,48,4,5,19,2,7
3,2,23,ALL-DEAD,0.1994,0.0000,0.0000,197.85,302.15,0.0000,0,41,41,11,7,7,48,4,5,20,1,2
3,2,21,OVER-BUDGET,0.0000,0.0526,0.9873,502.50,0.00,0.0408,2,38,38,8,10,7,48,1,0,20,4,4
3,2,22,OVER-BUDGET,0.0000,0.6154,0.5480,501.50,0.00,0.4898,24,39,39,3,5,5,24,4,6,7,2,8
3,2,30,ALL-DEAD,0.1993,0.0000,0.0000,198.00,302.00,0.0000,0,35,35,11,10,1,96,4,6,18,2,4
3,2,32,ALL-DEAD,0.1913,0.0000,0.0000,210.20,289.80,0.0000,0,26,26,11,29,5,48,4,9,17,1,9
3,2,29,OVER-BUDGET,0.0000,0.5000,0.7548,502.25,0.00,0.4490,22,44,44,11,5,7,60,4,5,2,1,3
3,2,31,ALL-DEAD,0.1652,0.0000,0.0000,249.70,250.30,0.0000,0,26,26,11,24,4,60,1,1,10,1,6
3,2,24,ALL-DEAD,0.0535,0.0000,0.0000,419.00,81.00,0.0000,0,29,29,3,5,2,60,2,5,13,1,2
3,2,26,OK,0.1447,0.2326,0.2124,489.50,10.50,0.2041,10,43,43,11,5,8,168,1,5,8,1,2
3,2,34,OVER-BUDGET,0.0000,1.0000,0.9642,501.50,0.00,0.3061,15,15,15,10,20,1,48,2,1,2,1,8
3,2,28,OK,0.4675,0.4255,0.9210,299.25,200.75,0.4082,20,47,47,11,5,7,84,4,5,17,1,9
3,2,33,OVER-BUDGET,0.0000,0.0690,0.1262,502.30,0.00,0.0408,2,29,29,5,23,4,120,4,6,14,4,8
3,2,38,ALL-DEAD,0.1912,0.0000,0.0000,210.25,289.75,0.0000,0,15,15,6,18,3,48,1,8,19,4,8
3,2,27,ALL-DEAD,0.0805,0.0000,0.0000,378.00,122.00,0.0000,0,44,44,2,5,7,84,4,5,17,1,7
3,2,35,ALL-DEAD,0.0621,0.0000,0.0000,405.90,94.10,0.0000,0,26,26,11,18,1,60,2,5,6,1,9
3,2,42,ALL-DEAD,0.1728,0.0000,0.0000,238.25,261.75,0.0000,0,10,10,2,6,7,84,1,7,17,2,9
3,2,37,ALL-DEAD,0.2131,0.0000,0.0000,177.05,322.95,0.0000,0,40,40,5,18,6,60,3,2,20,1,4
3,2,36,ALL-DEAD,0.1780,0.0000,0.0000,230.30,269.70,0.0000,0,39,39,6,28,6,48,1,1,20,2,4
3,2,39,ALL-DEAD,0.1589,0.0000,0.0000,259.30,240.70,0.0000,0,39,39,10,27,8,84,4,4,9,1,2
3,2,40,OVER-BUDGET,0.0000,0.7429,0.8181,502.30,0.00,0.5306,26,35,35,11,27,1,108,2,5,7,3,7
3,2,41,ALL-DEAD,0.0092,0.0000,0.0000,486.00,14.00,0.0000,0,26,26,11,8,7,24,4,5,7,1,9
3,2,46,ALL-DEAD,0.1968,0.0000,0.0000,201.75,298.25,0.0000,0,29,29,11,5,8,120,4,5,16,1,2
3,2,48,OVER-BUDGET,0.0000,0.2564,0.4276,501.80,0.00,0.2041,10,39,39,10,27,1,48,2,4,3,2,7
3,2,47,ALL-DEAD,0.2321,0.0000,0.0000,148.30,351.70,0.0000,0,47,47,2,11,1,72,4,3,17,1,5
3,2,49,ALL-DEAD,0.2064,0.0000,0.0000,187.25,312.75,0.0000,0,26,26,11,5,8,96,1,9,17,1,9
3,2,44,OK,0.2594,0.1892,0.3550,290.50,209.50,0.1429,7,37,37,11,10,0,24,1,1,20,1,4
3,2,43,ALL-DEAD,0.1405,0.0000,0.0000,287.05,212.95,0.0000,0,26,26,11,29,7,60,4,5,17,1,0
3,2,45,ALL-DEAD,0.1273,0.0000,0.0000,307.05,192.95,0.0000,0,26,26,10,21,8,60,4,5,17,1,9
3,3,3,ALL-DEAD,0.2869,0.0000,0.0000,65.25,434.75,0.0000,0,16,16,11,5,7,48,2,1,17,1,4
3,3,6,ALL-DEAD,0.1979,0.0000,0.0000,200.15,299.85,0.0000,0,15,15,6,18,3,84,1,8,11,1,8
3,3,7,ALL-DEAD,0.2418,0.0000,0.0000,133.70,366.30,0.0000,0,47,47,2,11,1,72,4,3,17,1,5
3,3,8,ALL-DEAD,0.1521,0.0000,0.0000,269.50,230.50,0.0000,0,10,10,5,26,2,84,1,7,19,2,1
3,3,2,ALL-DEAD,0.2315,0.0000,0.0000,149.25,350.75,0.0000,0,37,37,11,10,1,48,1,1,20,1,4
3,3,4,ALL-DEAD,0.1513,0.0000,0.0000,270.75,229.25,0.0000,0,26,26,11,5,7,60,4,5,17,1,9
3,3,1,OK,0.3509,0.3846,0.9839,317.25,182.75,0.2041,10,26,26,11,5,3,60,4,5,17,1,9
3,3,10,ALL-DEAD,0.2558,0.0000,0.0000,112.50,387.50,0.0000,0,37,37,11,5,3,60,4,1,20,1,9
3,3,5,OK,0.4185,0.4054,0.9323,290.50,209.50,0.3061,15,37,37,11,10,0,24,1,1,20,1,4
3,3,0,ALL-DEAD,0.1383,0.0000,0.0000,290.50,209.50,0.0000,0,47,47,11,5,7,84,4,5,17,1,9
3,3,13,ALL-DEAD,0.1965,0.0000,0.0000,202.25,297.75,0.0000,0,37,37,11,10,7,48,1,5,15,1,4
3,3,12,OVER-BUDGET,0.0000,0.1515,0.7580,500.25,0.00,0.1020,5,33,33,11,5,7,84,4,2,12,2,5
3,3,11,ALL-DEAD,0.1421,0.0000,0.0000,284.65,215.35,0.0000,0,45,45,11,23,1,60,1,5,17,3,4
3,3,9,ALL-DEAD,0.1763,0.0000,0.0000,232.90,267.10,0.0000,0,15,15,6,18,7,60,4,5,19,1,8
3,3,17,ALL-DEAD,0.2407,0.0000,0.0000,135.25,364.75,0.0000,0,26,26,11,25,3,60,4,8,17,1,5
3,3,16,OK,0.2578,0.2222,0.6703,299.25,200.75,0.0816,4,18,18,11,5,3,60,3,9,17,1,9
3,3,20,ALL-DEAD,0.1922,0.0000,0.0000,208.75,291.25,0.0000,0,26,26,11,29,3,48,4,5,17,1,9
3,3,21,ALL-DEAD,0.2277,0.0000,0.0000,155.00,345.00,0.0000,0,37,37,11,10,1,84,1,4,17,1,4
3,3,14,OK,0.4611,0.3404,0.9915,253.75,246.25,0.3265,16,47,47,11,10,7,132,1,1,20,1,4
3,3,26,ALL-DEAD,0.2713,0.0000,0.0000,89.00,411.00,0.0000,0,26,26,7,5,1,60,4,5,17,1,9
3,3,25,ALL-DEAD,0.2331,0.0000,0.0000,146.75,353.25,0.0000,0,26,26,12,5,1,60,3,7,17,1,1
3,3,22,OVER-BUDGET,0.0000,0.2128,0.8341,501.00,0.00,0.2041,10,47,47,11,5,7,84,4,3,17,3,9
3,3,23,ALL-DEAD,0.1952,0.0000,0.0000,204.25,295.75,0.0000,0,47,47,3,25,3,168,2,5,17,2,1
3,3,19,OK,0.2749,0.5385,0.9318,490.95,9.05,0.2857,14,26,26,11,9,0,60,4,1,10,1,9
3,3,24,ALL-DEAD,0.1563,0.0000,0.0000,263.25,236.75,0.0000,0,37,37,11,5,2,156,1,5,13,1,4
3,3,28,ALL-DEAD,0.1552,0.0000,0.0000,264.80,235.20,0.0000,0,45,45,4,11,1,84,4,4,17,4,2
3,3,15,OK,0.1283,0.0213,0.4117,397.50,102.50,0.0204,1,47,47,11,20,7,84,4,5,17,1,9
3,3,29,ALL-DEAD,0.1937,0.0000,0.0000,206.45,293.55,0.0000,0,47,47,11,14,7,84,3,5,18,1,9
3,3,27,ALL-DEAD,0.2018,0.0000,0.0000,194.20,305.80,0.0000,0,47,47,7,6,1,72,4,8,17,1,5
3,3,30,OVER-BUDGET,0.0000,0.9600,0.9067,501.00,0.00,0.4898,24,25,25,11,10,9,84,1,7,5,2,3
3,3,31,ALL-DEAD,0.1992,0.0000,0.0000,198.25,301.75,0.0000,0,29,29,11,10,7,84,1,1,18,1,8
3,3,37,ALL-DEAD,0.2562,0.0000,0.0000,111.75,388.25,0.0000,0,37,37,11,18,1,132,1,5,20,2,4
3,3,39,ALL-DEAD,0.2760,0.0000,0.0000,81.75,418.25,0.0000,0,26,26,11,5,1,48,4,2,17,1,4
3,3,34,OK,0.2779,0.3125,0.9423,335.25,164.75,0.1020,5,16,16,11,5,2,48,4,1,17,1,4
3,3,32,OK,0.1684,0.0811,0.6681,417.30,82.70,0.0612,3,37,37,11,6,1,60,1,1,10,1,0
3,3,38,OVER-BUDGET,0.0000,0.1538,0.5520,501.75,0.00,0.0816,4,26,26,11,5,3,60,4,1,3,2,9
3,3,35,OVER-BUDGET,0.0000,0.4615,0.9370,501.75,0.00,0.2449,12,26,26,10,5,5,60,4,5,5,1,7
3,3,40,ALL-DEAD,0.2534,0.0000,0.0000,116.10,383.90,0.0000,0,16,16,11,13,7,48,2,1,17,1,5
3,3,36,ALL-DEAD,0.1794,0.0000,0.0000,228.25,271.75,0.0000,0,47,47,3,5,7,48,4,9,20,1,4
3,3,42,ALL-DEAD,0.1695,0.0000,0.0000,243.25,256.75,0.0000,0,37,37,11,10,2,96,1,1,20,4,4
3,3,33,OK,0.5131,0.4894,0.9803,292.00,208.00,0.4694,23,47,47,5,5,5,156,4,5,19,1,9
3,3,48,ALL-DEAD,0.2744,0.0000,0.0000,84.25,415.75,0.0000,0,47,47,11,5,7,84,4,5,17,1,9
3,3,41,ALL-DEAD,0.1832,0.0000,0.0000,222.40,277.60,0.0000,0,47,47,4,18,3,60,4,5,17,1,9
3,3,44,OVER-BUDGET,0.0000,0.0213,0.5613,501.00,0.00,0.0204,1,47,47,11,5,7,84,4,5,17,3,9
3,3,45,OVER-BUDGET,0.0000,0.1489,0.5137,501.00,0.00,0.1429,7,47,47,11,21,7,84,4,5,13,4,9
3,3,47,OK,0.2393,0.0270,0.5589,256.00,244.00,0.0204,1,37,37,11,10,1,108,1,0,20,1,4
3,3,43,OK,0.3587,0.4043,0.9195,446.75,53.25,0.3878,19,47,47,11,5,7,84,4,5,10,1,1
3,3,49,OVER-BUDGET,0.0000,0.4043,0.9255,501.25,0.00,0.3878,19,47,47,5,5,7,84,4,5,17,4,9
3,3,18,OK,0.5581,0.7872,0.8958,446.50,53.50,0.7551,37,47,47,2,5,9,84,4,8,17,1,9
3,3,46,ALL-DEAD,0.1148,0.0000,0.0000,326.00,174.00,0.0000,0,48,48,1,20,0,60,4,7,17,1,5
3,4,6,ALL-DEAD,0.2333,0.0000,0.0000,146.50,353.50,0.0000,0,16,16,11,5,7,48,2,1,17,1,4
3,4,8,ALL-DEAD,0.2820,0.0000,0.0000,72.75,427.25,0.0000,0,26,26,11,5,1,48,4,2,17,1,4
3,4,7,ALL-DEAD,0.1914,0.0000,0.0000,210.00,290.00,0.0000,0,16,16,11,5,2,48,4,1,17,1,4
3,4,5,OK,0.3356,0.3462,0.9497,317.25,182.75,0.1837,9,26,26,11,5,3,60,4,5,17,1,9
3,4,2,ALL-DEAD,0.2044,0.0000,0.0000,190.25,309.75,0.0000,0,47,47,11,10,7,132,1,1,20,1,4
3,4,11,ALL-DEAD,0.2213,0.0000,0.0000,164.75,335.25,0.0000,0,16,16,4,5,1,48,4,1,20,1,4
3,4,1,ALL-DEAD,0.1685,0.0000,0.0000,244.75,255.25,0.0000,0,47,47,5,5,5,156,4,5,19,1,9
3,4,4,OK,0.3499,0.3830,0.9396,446.75,53.25,0.3673,18,47,47,11,5,7,84,4,5,10,1,1
3,4,3,OK,0.4402,0.4865,0.8326,290.50,209.50,0.3673,18,37,37,11,10,0,24,1,1,20,1,4
3,4,10,OVER-BUDGET,0.0000,0.2553,0.2237,500.25,0.00,0.2449,12,47,47,2,5,1,156,4,8,16,4,9
3,4,16,OVER-BUDGET,0.0000,0.9574,0.8450,501.00,0.00,0.9184,45,47,47,4,5,9,84,4,9,1,1,9
3,4,9,OK,0.3007,0.6154,0.9596,490.95,9.05,0.3265,16,26,26,11,9,0,60,4,1,10,1,9
3,4,15,OVER-BUDGET,0.0000,0.2000,0.3134,503.00,0.00,0.0408,2,10,10,11,10,5,24,2,5,19,4,9
3,4,17,ALL-DEAD,0.2476,0.0000,0.0000,124.80,375.20,0.0000,0,47,47,12,26,7,132,3,1,20,1,1
3,4,13,ALL-DEAD,0.1122,0.0000,0.0000,330.00,170.00,0.0000,0,47,47,9,20,7,132,4,1,8,1,4
3,4,19,OVER-BUDGET,0.0000,0.4865,0.8421,501.50,0.00,0.3673,18,37,37,11,5,0,24,2,3,17,3,4
3,4,12,ALL-DEAD,0.0208,0.0000,0.0000,468.55,31.45,0.0000,0,47,47,10,21,7,48,2,8,10,1,5
3,4,22,OVER-BUDGET,0.0000,0.5319,0.8673,502.50,0.00,0.5102,25,47,47,11,5,6,84,1,5,11,4,1
3,4,18,OK,0.3923,0.2979,0.8160,292.00,208.00,0.2857,14,47,47,5,5,0,156,4,5,19,1,9
3,4,20,OK,0.2409,0.0638,0.5830,292.00,208.00,0.0612,3,47,47,5,5,5,156,4,0,19,1,5
3,4,0,OK,0.2480,0.2553,0.6496,446.50,53.50,0.2449,12,47,47,2,5,9,84,4,8,17,1,9
3,4,23,OVER-BUDGET,0.0000,0.0500,0.1129,502.00,0.00,0.0408,2,40,40,9,5,5,132,4,5,17,3,9
3,4,24,ALL-DEAD,0.1282,0.0000,0.0000,305.75,194.25,0.0000,0,47,47,11,5,7,96,4,5,10,1,0
3,4,21,OK,0.4725,0.5532,0.8216,375.70,124.30,0.5306,26,47,47,10,6,9,36,4,8,17,1,9
3,4,28,ALL-DEAD,0.1930,0.0000,0.0000,207.50,292.50,0.0000,0,47,47,5,10,7,156,4,1,20,3,4
3,4,27,ALL-DEAD,0.1449,0.0000,0.0000,280.50,219.50,0.0000,0,47,47,2,5,5,84,4,8,19,2,9
3,4,25,ALL-DEAD,0.1178,0.0000,0.0000,321.50,178.50,0.0000,0,47,47,2,5,9,84,4,1,10,1,9
3,4,26,OVER-BUDGET,0.0000,0.3191,0.9032,500.50,0.00,0.3061,15,47,47,8,5,5,36,4,5,8,1,2
3,4,30,OVER-BUDGET,0.0000,0.7500,0.9355,500.25,0.00,0.2449,12,16,16,11,11,7,48,1,1,17,3,4
3,4,31,ALL-DEAD,0.0716,0.0000,0.0000,391.50,108.50,0.0000,0,21,21,1,24,3,84,2,5,10,1,1
3,4,32,OK,0.2124,0.0213,0.5244,290.50,209.50,0.0204,1,47,47,11,10,7,24,1,1,20,1,7
3,4,35,ALL-DEAD,0.2356,0.0000,0.0000,143.10,356.90,0.0000,0,42,42,5,27,5,156,4,5,19,1,5
3,4,33,OK,0.5031,0.4468,0.9561,268.75,231.25,0.4286,21,47,47,5,5,0,168,1,6,19,1,9
3,4,29,ALL-DEAD,0.1300,0.0000,0.0000,303.00,197.00,0.0000,0,47,47,5,10,5,156,4,5,20,1,9
3,4,39,ALL-DEAD,0.1630,0.0000,0.0000,253.00,247.00,0.0000,0,47,47,5,5,5,156,4,5,19,2,9
3,4,14,OVER-BUDGET,0.0000,0.5957,0.8689,500.75,0.00,0.5714,28,47,47,2,15,9,120,4,8,19,1,9
3,4,40,ALL-DEAD,0.1676,0.0000,0.0000,246.00,254.00,0.0000,0,15,15,2,10,8,132,1,5,8,1,9
3,4,42,ALL-DEAD,0.2028,0.0000,0.0000,192.80,307.20,0.0000,0,47,47,8,17,1,84,1,3,17,3,0
3,4,37,OVER-BUDGET,0.0000,0.9200,0.9386,501.25,0.00,0.4694,23,25,25,2,5,9,84,2,8,17,4,7
3,4,36,OVER-BUDGET,0.0000,0.0213,0.0776,500.30,0.00,0.0204,1,47,47,2,9,5,156,4,5,5,1,9
3,4,38,ALL-DEAD,0.0087,0.0000,0.0000,486.75,13.25,0.0000,0,47,47,2,5,5,168,4,5,5,1,9
3,4,47,ALL-DEAD,0.1942,0.0000,0.0000,205.75,294.25,0.0000,0,10,10,7,5,7,24,4,5,10,1,3
3,4,41,OK,0.3095,0.1944,0.7059,278.50,221.50,0.1429,7,36,36,11,10,7,132,4,7,20,1,0
3,4,49,OVER-BUDGET,0.0000,1.0000,0.9925,502.50,0.00,0.2653,13,13,13,2,30,9,84,4,8,5,3,9
3,4,44,ALL-DEAD,0.2170,0.0000,0.0000,171.25,328.75,0.0000,0,47,47,11,10,2,72,1,1,19,1,9
3,4,48,ALL-DEAD,0.1808,0.0000,0.0000,226.10,273.90,0.0000,0,47,47,2,24,4,84,4,8,17,1,9
3,4,43,OVER-BUDGET,0.0000,0.2340,0.6972,501.50,0.00,0.2245,11,47,47,5,5,5,108,4,8,11,2,4
3,4,45,OVER-BUDGET,0.0000,0.9643,0.9330,500.25,0.00,0.5510,27,28,28,5,5,9,156,4,5,17,4,9
3,4,46,OVER-BUDGET,0.0000,1.0000,0.9452,501.75,0.00,0.6531,32,32,32,2,5,9,108,4,6,17,4,9
3,4,34,OK,0.3893,0.8400,0.9853,446.50,53.50,0.4286,21,25,25,2,5,9,84,4,3,17,1,1
3,5,6,ALL-DEAD,0.1860,0.0000,0.0000,218.25,281.75,0.0000,0,26,26,11,5,3,60,4,5,17,1,9
3,5,7,ALL-DEAD,0.1531,0.0000,0.0000,268.00,232.00,0.0000,0,36,36,11,10,7,132,4,7,20,1,0
3,5,2,OK,0.2124,0.0541,0.4308,290.50,209.50,0.0408,2,37,37,11,10,0,24,1,1,20,1,4
3,5,5,OK,0.3423,0.3617,0.9699,446.75,53.25,0.3469,17,47,47,11,5,7,84,4,5,10,1,1
3,5,0,OK,0.4783,0.4043,0.9366,268.75,231.25,0.3878,19,47,47,5,5,0,168,1,6,19,1,9
3,5,9,ALL-DEAD,0.1320,0.0000,0.0000,300.00,200.00,0.0000,0,26,26,11,5,1,48,4,2,17,1,4
3,5,1,ALL-DEAD,0.0820,0.0000,0.0000,375.70,124.30,0.0000,0,47,47,10,6,9,36,4,8,17,1,9
3,5,8,OK,0.2208,0.3846,0.8548,490.95,9.05,0.2041,10,26,26,11,9,0,60,4,1,10,1,9
3,5,3,OK,0.5397,0.5532,0.9215,292.00,208.00,0.5306,26,47,47,5,5,0,156,4,5,19,1,9
3,5,10,ALL-DEAD,0.1737,0.0000,0.0000,236.75,263.25,0.0000,0,47,47,12,5,0,60,4,5,19,1,9
3,5,11,ALL-DEAD,0.1472,0.0000,0.0000,277.00,223.00,0.0000,0,26,26,4,28,2,60,4,8,17,1,0
3,5,15,ALL-DEAD,0.2498,0.0000,0.0000,121.55,378.45,0.0000,0,20,20,5,24,5,144,1,6,19,1,9
3,5,18,OVER-BUDGET,0.0000,0.9149,0.7117,501.50,0.00,0.8776,43,47,47,5,5,0,156,1,6,4,4,9
3,5,13,ALL-DEAD,0.1615,0.0000,0.0000,255.25,244.75,0.0000,0,37,37,11,30,0,72,1,4,13,1,4
3,5,12,OVER-BUDGET,0.0000,0.5106,0.8565,501.50,0.00,0.4898,24,47,47,5,10,0,168,1,3,19,3,9
3,5,17,ALL-DEAD,0.1513,0.0000,0.0000,270.75,229.25,0.0000,0,47,47,11,5,3,60,4,8,17,1,1
3,5,16,OK,0.2391,0.0270,0.8812,315.00,185.00,0.0204,1,37,37,8,10,0,24,1,6,20,1,4
3,5,4,OK,0.3516,0.7200,0.9517,446.50,53.50,0.3673,18,25,25,2,5,9,84,4,3,17,1,1
3,5,14,OK,0.3793,0.5312,0.8871,375.70,124.30,0.3469,17,32,32,10,6,9,36,4,8,17,1,8
3,5,21,OK,0.4466,0.5484,0.8637,269.50,230.50,0.3469,17,31,31,5,5,0,156,1,6,19,1,9
3,5,24,ALL-DEAD,0.1726,0.0000,0.0000,238.50,261.50,0.0000,0,25,25,10,5,0,96,1,6,17,1,7
3,5,20,OK,0.3536,0.4468,0.9767,499.00,1.00,0.4286,21,47,47,7,5,0,48,1,6,17,2,9
3,5,19,OK,0.5395,0.5957,0.8630,315.70,184.30,0.5714,28,47,47,10,6,9,72,4,8,17,1,9
3,5,22,OVER-BUDGET,0.0000,0.5000,0.9460,500.50,0.00,0.4898,24,48,48,5,5,0,24,3,6,8,1,9
3,5,25,OVER-BUDGET,0.0000,0.9787,0.9311,501.30,0.00,0.9388,46,47,47,5,24,9,36,4,8,17,4,9
3,5,27,OVER-BUDGET,0.0000,0.9600,0.9617,502.25,0.00,0.4898,24,25,25,2,5,9,84,4,3,17,4,2
3,5,29,OK,0.4653,0.4324,0.9551,240.75,259.25,0.3265,16,37,37,10,5,0,132,3,8,20,1,9
3,5,28,OK,0.2771,0.4615,0.9664,460.00,40.00,0.2449,12,26,26,9,5,3,72,4,5,10,1,9
3,5,30,ALL-DEAD,0.1817,0.0000,0.0000,224.75,275.25,0.0000,0,47,47,1,5,0,96,1,6,19,1,9
3,5,26,OK,0.3212,0.4255,0.7264,485.50,14.50,0.4082,20,47,47,7,5,9,84,4,8,19,2,8
3,5,37,OVER-BUDGET,0.0000,0.8936,0.7710,501.90,0.00,0.8571,42,47,47,7,6,9,168,4,6,3,3,9
3,5,32,OVER-BUDGET,0.0000,0.1489,0.5480,500.65,0.00,0.1429,7,47,47,5,6,0,24,1,9,17,3,9
3,5,33,OK,0.4003,0.4043,0.9770,394.25,105.75,0.3878,19,47,47,6,5,0,168,1,0,11,1,9
3,5,31,OK,0.3476,0.4865,0.5638,382.00,118.00,0.3673,18,37,37,6,6,9,36,4,2,19,1,9
3,5,38,OVER-BUDGET,0.0000,0.4545,0.8377,501.00,0.00,0.1020,5,11,11,8,5,5,120,1,6,19,4,9
3,5,34,OK,0.4699,0.5319,0.5693,316.75,183.25,0.5102,25,47,47,3,5,0,168,1,6,19,1,9
3,5,35,OK,0.4653,0.4468,0.9234,320.00,180.00,0.4286,21,47,47,4,5,0,36,1,6,18,1,9
3,5,39,ALL-DEAD,0.1393,0.0000,0.0000,289.00,211.00,0.0000,0,10,10,11,10,1,48,4,1,20,1,7
3,5,23,OK,0.3668,1.0000,0.9828,429.00,71.00,0.3673,18,18,18,6,18,9,132,4,2,20,1,9
3,5,41,ALL-DEAD,0.2020,0.0000,0.0000,193.90,306.10,0.0000,0,42,42,10,24,7,36,2,8,17,1,9
3,5,42,ALL-DEAD,0.1673,0.0000,0.0000,246.50,253.50,0.0000,0,47,47,5,5,0,168,2,6,19,1,9
3,5,40,ALL-DEAD,0.0272,0.0000,0.0000,458.75,41.25,0.0000,0,37,37,11,5,0,168,1,0,6,1,3
3,5,47,ALL-DEAD,0.1949,0.0000,0.0000,204.75,295.25,0.0000,0,47,47,5,5,8,48,4,1,14,1,3
3,5,43,ALL-DEAD,0.1775,0.0000,0.0000,231.00,269.00,0.0000,0,43,43,1,5,1,132,4,8,17,1,9
3,5,36,OVER-BUDGET,0.0000,0.8085,0.8976,501.00,0.00,0.7755,38,47,47,5,5,9,60,4,8,17,2,9
3,5,46,OK,0.5187,0.4468,0.9375,241.75,258.25,0.4286,21,47,47,8,5,0,168,1,6,19,1,4
3,5,49,ALL-DEAD,0.1035,0.0000,0.0000,343.25,156.75,0.0000,0,47,47,5,9,4,156,1,6,17,2,9
3,5,44,OK,0.6440,0.7660,0.9345,306.40,193.60,0.7347,36,47,47,5,6,9,156,4,8,19,1,9
3,5,48,OVER-BUDGET,0.0000,0.9149,0.9337,501.25,0.00,0.8776,43,47,47,1,5,9,72,4,5,17,2,9
3,5,45,OVER-BUDGET,0.0000,0.7234,0.9459,500.80,0.00,0.6939,34,47,47,5,21,9,168,4,6,17,1,9
3,6,7,ALL-DEAD,0.2500,0.0000,0.0000,121.25,378.75,0.0000,0,37,37,10,5,0,132,3,8,20,1,9
3,6,1,ALL-DEAD,0.1935,0.0000,0.0000,206.75,293.25,0.0000,0,47,47,5,5,0,156,4,5,19,1,9
3,6,3,OK,0.4658,0.3617,0.8713,241.75,258.25,0.3469,17,47,47,8,5,0,168,1,6,19,1,4
3,6,4,OK,0.4413,0.3617,0.8156,268.75,231.25,0.3469,17,47,47,5,5,0,168,1,6,19,1,9
3,6,8,ALL-DEAD,0.1638,0.0000,0.0000,251.75,248.25,0.0000,0,31,31,5,5,0,156,1,6,19,1,9
3,6,6,OK,0.4263,0.3617,0.9725,320.00,180.00,0.3469,17,47,47,4,5,0,36,1,6,18,1,9
3,6,10,OVER-BUDGET,0.0000,0.8936,0.6714,501.10,0.00,0.8571,42,47,47,12,6,0,168,4,6,1,1,4
3,6,2,OK,0.4871,0.4894,0.8945,315.70,184.30,0.4694,23,47,47,10,6,9,72,4,8,17,1,9
3,6,5,OK,0.2663,0.0851,0.8370,316.75,183.25,0.0816,4,47,47,3,5,0,168,1,6,19,1,9
3,6,0,OK,0.5032,0.4894,0.9772,306.40,193.60,0.4694,23,47,47,5,6,9,156,4,8,19,1,9
3,6,13,ALL-DEAD,0.1462,0.0000,0.0000,278.55,221.45,0.0000,0,47,47,3,6,6,168,1,4,9,1,9
3,6,11,OK,0.1969,0.0286,0.5158,312.40,187.60,0.0204,1,35,35,7,8,0,156,4,8,18,1,9
3,6,15,ALL-DEAD,0.1823,0.0000,0.0000,223.75,276.25,0.0000,0,47,47,5,5,6,156,4,0,19,1,9
3,6,9,OK,0.4770,0.5745,0.8677,394.25,105.75,0.5510,27,47,47,6,5,0,168,1,0,11,1,9
3,6,16,OVER-BUDGET,0.0000,0.3617,0.9228,502.50,0.00,0.3469,17,47,47,11,5,0,156,1,6,19,4,9
3,6,14,OK,0.4846,0.5349,0.9675,332.80,167.20,0.4694,23,43,43,5,7,7,108,4,8,19,1,9
3,6,18,ALL-DEAD,0.2036,0.0000,0.0000,191.50,308.50,0.0000,0,47,47,1,6,4,72,4,6,15,1,3
3,6,12,OK,0.5206,0.5106,0.9498,292.00,208.00,0.4898,24,47,47,5,5,0,156,4,5,19,1,9
3,6,20,ALL-DEAD,0.1583,0.0000,0.0000,260.15,239.85,0.0000,0,15,15,3,23,0,24,3,5,19,1,1
3,6,22,ALL-DEAD,0.1675,0.0000,0.0000,246.25,253.75,0.0000,0,48,48,5,5,0,156,4,8,19,2,3
3,6,19,ALL-DEAD,0.1272,0.0000,0.0000,307.30,192.70,0.0000,0,47,47,8,24,0,168,2,8,7,1,4
3,6,23,OK,0.3086,0.6471,0.9527,392.75,107.25,0.2245,11,17,17,11,5,9,36,4,0,15,1,7
3,6,27,ALL-DEAD,0.2392,0.0000,0.0000,137.50,362.50,0.0000,0,47,47,2,5,1,156,4,5,19,1,4
3,6,25,OK,0.4166,0.6667,0.9398,311.80,188.20,0.3265,16,24,24,11,6,9,72,4,8,17,1,9
3,6,24,OVER-BUDGET,0.0000,0.8085,0.7972,502.40,0.00,0.7755,38,47,47,5,6,9,156,4,8,5,1,9
3,6,28,ALL-DEAD,0.1867,0.0000,0.0000,217.15,282.85,0.0000,0,47,47,8,23,0,156,4,5,19,1,9
3,6,17,OK,0.6181,0.7333,0.9167,291.40,208.60,0.6735,33,45,45,5,6,9,156,2,4,19,1,9
3,6,21,OK,0.5179,0.7021,0.9015,440.40,59.60,0.6735,33,47,47,5,6,9,84,4,8,12,1,9
3,6,33,OVER-BUDGET,0.0000,0.9787,0.9737,500.90,0.00,0.9388,46,47,47,8,27,9,168,4,6,1,1,1
3,6,29,OK,0.5037,0.4468,0.9243,262.00,238.00,0.4286,21,47,47,10,5,0,120,4,6,19,1,9
3,6,31,ALL-DEAD,0.2030,0.0000,0.0000,192.40,307.60,0.0000,0,47,47,5,26,4,156,4,4,19,1,7
3,6,30,ALL-DEAD,0.1829,0.0000,0.0000,222.85,277.15,0.0000,0,47,47,4,19,0,168,4,4,19,1,9
3,6,36,ALL-DEAD,0.2291,0.0000,0.0000,152.90,347.10,0.0000,0,25,25,5,6,1,168,4,8,19,1,8
3,6,39,OVER-BUDGET,0.0000,1.0000,0.9401,501.20,0.00,0.9592,47,47,47,5,11,9,72,1,2,2,4,4
3,6,35,OVER-BUDGET,0.0000,0.5106,0.9098,500.50,0.00,0.4898,24,47,47,10,6,9,72,4,8,17,4,9
3,6,32,OK,0.4140,0.4468,0.9535,403.20,96.80,0.4286,21,47,47,10,6,0,72,4,0,12,1,9
3,6,26,OVER-BUDGET,0.0000,0.8936,0.9633,502.35,0.00,0.8571,42,47,47,4,23,9,156,4,0,19,2,9
3,6,44,OVER-BUDGET,0.0000,1.0000,0.9040,501.50,0.00,0.3673,18,18,18,5,5,0,156,1,6,1,3,9
3,6,41,ALL-DEAD,0.2066,0.0000,0.0000,187.00,313.00,0.0000,0,47,47,6,5,8,156,3,5,19,1,1
3,6,37,OK,0.4006,0.4894,0.9779,462.00,38.00,0.4694,23,47,47,5,5,0,156,4,5,10,1,9
3,6,43,OK,0.4789,0.4255,0.9763,292.00,208.00,0.4082,20,47,47,5,5,0,156,4,5,19,1,9
3,6,46,OVER-BUDGET,0.0000,0.8235,0.8702,500.40,0.00,0.5714,28,34,34,10,6,9,144,4,8,11,3,9
3,6,40,OK,0.5320,0.7027,0.9363,306.40,193.60,0.5306,26,37,37,5,6,9,156,4,8,19,1,9
3,6,38,OK,0.4078,0.3617,0.9364,341.50,158.50,0.3469,17,47,47,3,6,9,156,1,8,19,1,1
3,6,34,OVER-BUDGET,0.0000,0.8723,0.8766,503.50,0.00,0.8367,41,47,47,5,30,9,168,4,8,19,2,9
3,6,42,OK,0.4336,0.5278,0.9518,339.25,160.75,0.3878,19,36,36,3,5,0,168,1,6,17,1,9
3,6,47,OVER-BUDGET,0.0000,0.9231,0.9122,500.50,0.00,0.7347,36,39,39,10,20,9,132,4,8,17,4,9
3,6,48,ALL-DEAD,0.2000,0.0000,0.0000,197.00,303.00,0.0000,0,47,47,8,5,3,168,4,6,19,1,4
3,6,49,OK,0.4269,0.3902,0.9001,289.00,211.00,0.3265,16,41,41,8,5,0,60,3,5,19,1,9
3,6,45,OK,0.6016,0.7447,0.9493,356.40,143.60,0.7143,35,47,47,5,6,9,156,4,0,15,1,9
3,7,5,OK,0.4238,0.2979,0.9128,262.00,238.00,0.2857,14,47,47,10,5,0,120,4,6,19,1,9
3,7,3,OK,0.4767,0.4255,0.9576,292.00,208.00,0.4082,20,47,47,5,5,0,156,4,5,19,1,9
3,7,7,OK,0.4865,0.4894,0.8888,315.70,184.30,0.4694,23,47,47,10,6,9,72,4,8,17,1,9
3,7,9,ALL-DEAD,0.2048,0.0000,0.0000,189.75,310.25,0.0000,0,47,47,5,5,0,156,4,5,19,1,9
3,7,8,ALL-DEAD,0.1344,0.0000,0.0000,296.30,203.70,0.0000,0,43,43,5,7,7,108,4,8,19,1,9
3,7,2,OK,0.5710,0.8108,0.8871,306.40,193.60,0.6122,30,37,37,5,6,9,156,4,8,19,1,9
3,7,4,OK,0.5096,0.6809,0.9258,440.40,59.60,0.6531,32,47,47,5,6,9,84,4,8,12,1,9
3,7,0,OK,0.6520,0.8000,0.9186,291.40,208.60,0.7347,36,45,45,5,6,9,156,2,4,19,1,9
3,7,6,OK,0.5673,0.6170,0.9504,306.40,193.60,0.5918,29,47,47,5,6,9,156,4,8,19,1,9
3,7,1,OK,0.5840,0.7234,0.8963,356.40,143.60,0.6939,34,47,47,5,6,9,156,4,0,15,1,9
3,7,11,ALL-DEAD,0.0340,0.0000,0.0000,448.50,51.50,0.0000,0,37,37,5,7,0,156,4,8,7,1,9
3,7,12,ALL-DEAD,0.1350,0.0000,0.0000,295.50,204.50,0.0000,0,46,46,3,6,3,156,4,0,12,1,9
3,7,14,OK,0.4071,0.5556,0.9212,305.70,194.30,0.3061,15,27,27,10,6,9,156,3,1,15,1,9
3,7,16,OK,0.4457,0.3778,0.9353,283.90,216.10,0.3469,17,45,45,5,6,0,156,1,4,19,1,6
3,7,15,OVER-BUDGET,0.0000,0.8000,0.8988,501.25,0.00,0.7347,36,45,45,5,6,9,60,1,4,15,3,9
3,7,10,OK,0.4380,0.6222,0.8185,461.40,38.60,0.5714,28,45,45,5,6,9,156,2,4,20,2,9
3,7,17,OVER-BUDGET,0.0000,0.7143,0.8726,501.90,0.00,0.7143,35,49,49,5,6,9,156,2,4,19,4,9
3,7,19,OVER-BUDGET,0.0000,0.6222,0.9068,501.80,0.00,0.5714,28,45,45,5,6,9,156,2,4,5,1,8
3,7,21,OVER-BUDGET,0.0000,0.9149,0.9140,501.90,0.00,0.8776,43,47,47,5,6,9,144,2,8,19,4,9
3,7,22,OK,0.3986,0.4054,0.7714,291.40,208.60,0.3061,15,37,37,5,6,9,156,2,8,19,1,2
3,7,18,OVER-BUDGET,0.0000,0.7778,0.8788,502.25,0.00,0.7143,35,45,45,11,25,9,84,4,8,12,1,9
3,7,13,OVER-BUDGET,0.0000,0.7778,0.9756,501.25,0.00,0.7143,35,45,45,5,25,9,36,1,5,19,1,9
3,7,29,ALL-DEAD,0.2694,0.0000,0.0000,91.80,408.20,0.0000,0,20,20,5,6,1,156,4,3,16,1,9
3,7,24,OK,0.5199,0.7111,0.9482,428.90,71.10,0.6531,32,45,45,5,6,9,144,2,4,11,1,8
3,7,27,ALL-DEAD,0.1260,0.0000,0.0000,309.10,190.90,0.0000,0,37,37,5,6,3,84,4,8,20,1,9
3,7,30,ALL-DEAD,0.1911,0.0000,0.0000,210.40,289.60,0.0000,0,26,26,5,22,1,48,2,5,19,1,9
3,7,25,OK,0.5882,0.7857,0.9419,341.20,158.80,0.6735,33,42,42,5,8,9,60,2,4,19,1,9
3,7,31,ALL-DEAD,0.2080,0.0000,0.0000,184.80,315.20,0.0000,0,45,45,3,12,5,48,2,1,19,1,0
3,7,26,OK,0.5138,0.7234,0.9538,473.15,26.85,0.6939,34,47,47,5,6,9,168,1,4,19,2,9
3,7,20,OVER-BUDGET,0.0000,0.7234,0.9597,500.50,0.00,0.6939,34,47,47,5,24,9,156,4,4,19,1,9
3,7,37,ALL-DEAD,0.2046,0.0000,0.0000,190.00,310.00,0.0000,0,26,26,5,14,2,156,4,0,15,1,9
3,7,32,OVER-BUDGET,0.0000,0.3000,0.6929,500.20,0.00,0.1837,9,30,30,5,6,9,96,2,0,15,2,0
3,7,23,OVER-BUDGET,0.0000,0.7556,0.8659,501.30,0.00,0.6939,34,45,45,5,28,9,156,4,4,19,1,9
3,7,36,OK,0.3797,0.5769,0.8910,341.80,158.20,0.3061,15,26,26,7,6,0,36,3,1,19,1,8
3,7,39,OVER-BUDGET,0.0000,1.0000,0.9228,500.70,0.00,0.9592,47,47,47,5,6,9,84,4,8,1,1,9
3,7,28,OVER-BUDGET,0.0000,0.8222,0.9473,501.15,0.00,0.7551,37,45,45,5,23,9,156,3,9,19,2,9
3,7,35,OK,0.3846,0.4545,0.9253,425.70,74.30,0.4082,20,44,44,10,6,9,96,2,2,10,1,5
3,7,43,ALL-DEAD,0.2409,0.0000,0.0000,135.00,365.00,0.0000,0,19,19,4,6,6,156,2,1,19,1,9
3,7,44,ALL-DEAD,0.2337,0.0000,0.0000,145.95,354.05,0.0000,0,45,45,5,6,2,108,3,4,19,1,9
3,7,45,ALL-DEAD,0.2584,0.0000,0.0000,108.55,391.45,0.0000,0,37,37,5,11,1,156,4,8,19,1,8
3,7,33,OK,0.5883,0.7447,0.8638,361.00,139.00,0.7143,35,47,47,3,6,9,84,2,0,19,1,9
3,7,40,OVER-BUDGET,0.0000,0.8438,0.9096,501.20,0.00,0.5510,27,32,32,5,6,9,156,3,0,15,2,9
3,7,41,OVER-BUDGET,0.0000,0.6000,0.8580,500.50,0.00,0.5510,27,45,45,8,10,9,108,2,4,19,3,2
3,7,48,OVER-BUDGET,0.0000,0.5789,0.2677,503.00,0.00,0.2245,11,19,19,7,30,6,156,2,2,9,4,3
3,7,42,OK,0.4243,0.5135,0.6934,306.40,193.60,0.3878,19,37,37,5,6,9,156,4,6,19,1,9
3,7,34,OK,0.2758,0.3404,0.7284,486.60,13.40,0.3265,16,47,47,10,28,9,72,3,8,15,1,9
3,7,46,OK,0.4111,0.3778,0.9635,341.40,158.60,0.3469,17,45,45,5,6,0,156,2,8,15,1,9
3,7,38,OK,0.3086,0.8333,0.9760,465.00,35.00,0.3061,15,18,18,2,6,9,120,1,7,15,1,3
3,7,49,OVER-BUDGET,0.0000,0.8298,0.8721,501.00,0.00,0.7959,39,47,47,1,30,9,156,4,0,19,2,1
3,7,47,OK,0.5300,0.6170,0.9146,356.40,143.60,0.5918,29,47,47,5,6,9,156,4,0,15,1,9
3,8,7,OK,0.2331,0.2000,0.7096,428.90,71.10,0.1837,9,45,45,5,6,9,144,2,4,11,1,8
3,8,0,OK,0.3482,0.3111,0.4449,291.40,208.60,0.2857,14,45,45,5,6,9,156,2,4,19,1,9
3,8,3,OK,0.4552,0.4894,0.8519,356.40,143.60,0.4694,23,47,47,5,6,9,156,4,0,15,1,9
3,8,4,OK,0.6322,0.9459,0.9296,306.40,193.60,0.7143,35,37,37,5,6,9,156,4,8,19,1,9
3,8,6,OK,0.2973,0.2766,0.4715,356.40,143.60,0.2653,13,47,47,5,6,9,156,4,0,15,1,9
3,8,5,OK,0.5886,0.6596,0.9404,306.40,193.60,0.6327,31,47,47,5,6,9,156,4,8,19,1,9
3,8,2,OK,0.6112,0.8333,0.9465,341.20,158.80,0.7143,35,42,42,5,8,9,60,2,4,19,1,9
3,8,1,OK,0.4407,0.4894,0.7565,361.00,139.00,0.4694,23,47,47,3,6,9,84,2,0,19,1,9
3,8,11,ALL-DEAD,0.1373,0.0000,0.0000,292.00,208.00,0.0000,0,22,22,2,20,7,84,2,0,19,1,9
3,8,13,OVER-BUDGET,0.0000,0.4000,0.9714,500.30,0.00,0.2857,14,35,35,10,6,5,60,2,4,14,2,5
3,8,10,OVER-BUDGET,0.0000,0.5500,0.9569,502.50,0.00,0.4490,22,40,40,5,5,0,120,4,5,18,3,9
3,8,12,OVER-BUDGET,0.0000,0.0213,0.3740,501.45,0.00,0.0204,1,47,47,5,6,5,84,1,0,19,3,9
3,8,19,ALL-DEAD,0.2197,0.0000,0.0000,167.05,332.95,0.0000,0,26,26,11,8,1,60,3,4,5,1,6
3,8,18,ALL-DEAD,0.2140,0.0000,0.0000,175.80,324.20,0.0000,0,45,45,5,16,6,156,4,9,19,1,9
3,8,8,OK,0.5350,0.7660,0.9430,473.15,26.85,0.7347,36,47,47,5,6,9,168,1,4,19,2,9
3,8,9,OK,0.1893,0.1277,0.6884,440.40,59.60,0.1224,6,47,47,5,6,9,84,4,8,12,1,9
3,8,17,ALL-DEAD,0.0743,0.0000,0.0000,387.35,112.65,0.0000,0,47,47,11,17,9,60,2,2,15,1,9
3,8,16,OK,0.4689,0.4894,0.9004,344.40,155.60,0.4694,23,47,47,5,6,9,120,2,1,15,1,9
3,8,15,OK,0.5480,0.7111,0.9577,388.00,112.00,0.6531,32,45,45,5,10,9,60,3,4,19,1,9
3,8,23,OK,0.4830,0.5135,0.9450,263.20,236.80,0.3878,19,37,37,10,6,9,156,4,8,19,1,9
3,8,22,OK,0.5287,0.5111,0.8959,253.00,247.00,0.4694,23,45,45,9,6,9,156,2,4,19,1,5
3,8,14,OK,0.5450,0.8000,0.9491,459.00,41.00,0.7347,36,45,45,4,8,9,156,2,4,12,1,9
3,8,21,OK,0.4957,0.7111,0.9561,467.00,33.00,0.6531,32,45,45,5,5,9,72,1,4,19,2,9
3,8,20,OVER-BUDGET,0.0000,0.9524,0.9708,503.25,0.00,0.8163,40,42,42,5,20,9,168,1,0,9,1,9
3,8,30,ALL-DEAD,0.2004,0.0000,0.0000,196.35,303.65,0.0000,0,45,45,5,6,2,156,3,4,19,3,3
3,8,27,OVER-BUDGET,0.0000,0.9286,0.9348,500.70,0.00,0.5306,26,28,28,5,6,9,156,2,4,4,1,9
3,8,26,OK,0.1793,0.0444,0.1072,281.80,218.20,0.0408,2,45,45,7,6,6,156,4,8,19,1,1
3,8,28,OK,0.2440,0.0222,0.5812,253.00,247.00,0.0204,1,45,45,12,8,9,156,2,4,19,1,7
3,8,32,ALL-DEAD,0.1534,0.0000,0.0000,267.65,232.35,0.0000,0,29,29,10,9,3,60,4,4,19,1,9
3,8,25,OK,0.4306,0.8636,0.9737,347.70,152.30,0.3878,19,22,22,5,8,9,156,1,4,16,1,0
3,8,36,ALL-DEAD,0.1652,0.0000,0.0000,249.75,250.25,0.0000,0,21,21,5,25,0,120,2,1,19,2,7
3,8,37,OK,0.1972,0.0455,0.4027,291.40,208.60,0.0204,1,22,22,5,6,4,156,2,4,19,1,3
3,8,35,OK,0.2581,0.1064,0.7008,321.40,178.60,0.1020,5,47,47,5,6,9,144,3,4,17,1,9
3,8,31,OK,0.6040,0.7111,0.8931,291.40,208.60,0.6531,32,45,45,5,6,9,156,2,7,19,1,9
3,8,29,OVER-BUDGET,0.0000,0.6809,0.8483,500.20,0.00,0.6531,32,47,47,5,22,9,60,2,0,15,1,9
3,8,24,OVER-BUDGET,0.0000,0.8250,0.9505,501.00,0.00,0.6735,33,40,40,3,26,9,72,2,4,19,1,9
3,8,33,OVER-BUDGET,0.0000,0.8085,0.9398,502.50,0.00,0.7755,38,47,47,7,10,9,156,4,0,16,2,9
3,8,41,OVER-BUDGET,0.0000,0.5106,0.8736,501.70,0.00,0.4898,24,47,47,8,6,3,156,2,0,2,1,9
3,8,42,OVER-BUDGET,0.0000,0.9778,0.9502,503.55,0.00,0.8980,44,45,45,12,23,9,156,1,4,1,2,1
3,8,46,ALL-DEAD,0.2237,0.0000,0.0000,161.10,338.90,0.0000,0,19,19,3,6,4,84,1,0,6,1,7
3,8,39,OK,0.4114,0.8421,0.9251,316.90,183.10,0.3265,16,19,19,5,6,9,84,3,4,19,1,9
3,8,43,ALL-DEAD,0.2090,0.0000,0.0000,183.35,316.65,0.0000,0,45,45,3,6,1,156,1,4,19,1,9
3,8,48,OVER-BUDGET,0.0000,1.0000,0.9960,502.00,0.00,0.2041,10,10,10,5,30,9,156,2,4,5,3,9
3,8,40,OK,0.5116,0.6222,0.7716,341.40,158.60,0.5714,28,45,45,5,6,9,156,2,0,15,1,9
3,8,34,OK,0.5835,0.8222,0.9534,418.50,81.50,0.7551,37,45,45,5,15,9,156,3,4,20,1,9
3,8,45,OK,0.2000,0.0222,0.8169,362.50,137.50,0.0204,1,45,45,4,6,9,108,4,4,17,1,0
3,8,38,OVER-BUDGET,0.0000,0.8000,0.8345,500.05,0.00,0.7347,36,45,45,5,27,9,156,2,4,19,1,9
3,8,44,OK,0.0953,0.0222,0.6069,483.00,17.00,0.0204,1,45,45,3,7,9,24,2,4,16,1,2
3,8,47,OK,0.4143,0.7568,0.7726,489.00,11.00,0.5714,28,37,37,3,6,9,48,2,0,12,1,9
3,8,49,OK,0.4302,0.6061,0.9498,361.00,139.00,0.4082,20,33,33,12,26,9,156,2,4,19,1,6
3,9,0,OK,0.5326,0.7297,0.8483,306.40,193.60,0.5510,27,37,37,5,6,9,156,4,8,19,1,9
3,9,1,OK,0.2704,0.1905,0.6317,341.20,158.80,0.1633,8,42,42,5,8,9,60,2,4,19,1,9
3,9,3,OK,0.4056,0.3830,0.6316,306.40,193.60,0.3673,18,47,47,5,6,9,156,4,8,19,1,9
3,9,7,OK,0.3625,0.5106,0.6282,473.15,26.85,0.4898,24,47,47,5,6,9,168,1,4,19,2,9
3,9,2,OK,0.5857,0.6667,0.9275,291.40,208.60,0.6122,30,45,45,5,6,9,156,2,7,19,1,9
3,9,5,OK,0.5905,0.8000,0.9372,388.00,112.00,0.7347,36,45,45,5,10,9,60,3,4,19,1,9
3,9,6,OK,0.4866,0.7111,0.8366,459.00,41.00,0.6531,32,45,45,4,8,9,156,2,4,12,1,9
3,9,11,OVER-BUDGET,0.0000,0.8636,0.9269,502.00,0.00,0.3878,19,22,22,9,13,9,156,3,8,19,4,9
3,9,10,OVER-BUDGET,0.0000,0.9000,0.9702,502.20,0.00,0.3673,18,20,20,5,6,9,156,4,8,20,3,9
3,9,4,OK,0.5734,0.8000,0.9624,418.50,81.50,0.7347,36,45,45,5,15,9,156,3,4,20,1,9
3,9,8,OK,0.5727,0.6000,0.8884,253.00,247.00,0.5510,27,45,45,9,6,9,156,2,4,19,1,5
3,9,9,OK,0.4585,0.5111,0.7974,341.40,158.60,0.4694,23,45,45,5,6,9,156,2,0,15,1,9
3,9,16,OVER-BUDGET,0.0000,1.0000,0.9600,501.10,0.00,0.3265,16,16,16,5,6,9,132,3,8,4,1,1
3,9,20,ALL-DEAD,0.2764,0.0000,0.0000,81.20,418.80,0.0000,0,46,46,5,6,1,156,4,8,19,1,9
3,9,17,OVER-BUDGET,0.0000,0.8636,0.9206,500.25,0.00,0.3878,19,22,22,10,6,9,84,1,3,18,3,0
3,9,15,OK,0.5044,0.5714,0.9264,312.40,187.60,0.4898,24,42,42,5,6,9,60,2,8,19,1,9
3,9,18,OK,0.4929,0.5952,0.9055,343.00,157.00,0.5102,25,42,42,8,11,9,60,3,0,19,1,9
3,9,12,OVER-BUDGET,0.0000,0.0638,0.3756,502.40,0.00,0.0612,3,47,47,5,22,9,60,4,8,16,1,9
3,9,21,OK,0.2178,0.1818,0.3516,370.00,130.00,0.1633,8,44,44,4,8,8,60,2,4,19,1,9
3,9,22,OK,0.2669,0.1429,0.5981,306.40,193.60,0.1224,6,42,42,5,6,9,156,4,3,19,1,9
3,9,23,ALL-DEAD,0.0142,0.0000,0.0000,478.50,21.50,0.0000,0,37,37,5,25,5,96,4,8,19,4,9
3,9,14,OVER-BUDGET,0.0000,0.6000,0.9145,500.30,0.00,0.5510,27,45,45,5,24,9,108,2,8,13,1,9
3,9,24,OVER-BUDGET,0.0000,0.0750,0.5536,502.00,0.00,0.0612,3,40,40,5,10,0,60,3,4,19,3,9
3,9,13,OVER-BUDGET,0.0000,0.1667,0.7250,500.40,0.00,0.1429,7,42,42,5,24,9,156,2,9,19,1,6
3,9,28,ALL-DEAD,0.1955,0.0000,0.0000,203.75,296.25,0.0000,0,20,20,10,6,6,156,3,7,11,1,1
3,9,19,OK,0.3738,0.4000,0.9830,418.50,81.50,0.3673,18,45,45,5,15,9,156,3,5,20,1,4
3,9,31,OVER-BUDGET,0.0000,1.0000,0.9893,502.00,0.00,0.8571,42,42,42,1,8,9,84,4,4,3,4,3
3,9,26,OK,0.4475,0.4222,0.9697,321.40,178.60,0.3878,19,45,45,5,6,7,96,4,8,19,1,9
3,9,30,OVER-BUDGET,0.0000,0.9000,0.9280,501.85,0.00,0.7347,36,40,40,5,6,9,156,3,8,7,2,9
3,9,27,OVER-BUDGET,0.0000,0.9615,0.9292,500.10,0.00,0.5102,25,26,26,5,6,9,48,4,4,19,3,9
3,9,25,OK,0.5529,0.7297,0.9377,292.00,208.00,0.5510,27,37,37,6,6,9,72,2,8,19,1,9
3,9,33,OK,0.3794,1.0000,0.9747,306.40,193.60,0.2449,12,12,12,5,6,9,156,4,8,19,1,5
3,9,34,OK,0.4941,0.5676,0.8773,268.00,232.00,0.4286,21,37,37,9,6,9,156,4,8,19,1,9
3,9,29,OK,0.5914,0.8378,0.9638,306.40,193.60,0.6327,31,37,37,5,6,9,156,4,8,19,1,9
3,9,35,ALL-DEAD,0.0942,0.0000,0.0000,357.20,142.80,0.0000,0,47,47,5,6,4,24,2,8,19,1,9
3,9,38,ALL-DEAD,0.1632,0.0000,0.0000,252.75,247.25,0.0000,0,45,45,5,15,5,156,3,4,8,1,4
3,9,40,ALL-DEAD,0.1744,0.0000,0.0000,235.75,264.25,0.0000,0,37,37,5,15,1,156,3,8,19,2,9
3,9,37,OVER-BUDGET,0.0000,0.4048,0.6797,500.60,0.00,0.3469,17,42,42,12,8,9,48,2,3,15,2,9
3,9,39,OK,0.5827,0.6222,0.9542,266.80,233.20,0.5714,28,45,45,7,6,9,156,2,7,19,1,9
3,9,43,OK,0.5528,0.6222,0.9062,303.40,196.60,0.5714,28,45,45,5,6,9,84,2,8,19,1,6
3,9,32,OVER-BUDGET,0.0000,0.7143,0.9627,500.20,0.00,0.6122,30,42,42,3,17,9,156,2,4,19,1,9
3,9,36,OK,0.4495,0.9630,0.9584,435.40,64.60,0.5306,26,27,27,5,16,9,156,2,7,19,1,9
3,9,41,ALL-DEAD,0.0647,0.0000,0.0000,402.00,98.00,0.0000,0,48,48,5,18,9,156,2,7,19,1,7
3,9,42,OK,0.5059,0.7447,0.9223,496.40,3.60,0.7143,35,47,47,5,6,9,144,4,7,19,2,9
3,9,47,OVER-BUDGET,0.0000,0.7500,0.8388,500.15,0.00,0.1837,9,12,12,2,27,9,156,2,8,11,2,9
3,9,49,OVER-BUDGET,0.0000,0.8108,0.8837,500.50,0.00,0.6122,30,37,37,5,11,9,156,4,8,19,3,9
3,9,45,OVER-BUDGET,0.0000,0.6667,0.8256,501.25,0.00,0.6122,30,45,45,5,15,9,60,4,4,16,1,9
3,9,48,OK,0.4995,0.7027,0.9441,357.00,143.00,0.5306,26,37,37,7,15,9,156,3,8,20,1,9
3,9,46,OK,0.4558,0.9667,0.9744,479.80,20.20,0.5918,29,30,30,5,17,9,24,1,8,19,1,9
3,9,44,OVER-BUDGET,0.0000,0.8571,0.9788,500.35,0.00,0.2449,12,14,14,5,27,9,48,2,6,19,1,1
3,10,5,OK,0.5399,0.5333,0.8955,253.00,247.00,0.4898,24,45,45,9,6,9,156,2,4,19,1,5
3,10,3,OK,0.4978,0.4889,0.8075,266.80,233.20,0.4490,22,45,45,7,6,9,156,2,7,19,1,9
3,10,6,OK,0.3955,0.4054,0.7487,292.00,208.00,0.3061,15,37,37,6,6,9,72,2,8,19,1,9
3,10,7,OK,0.3581,0.2667,0.7804,303.40,196.60,0.2449,12,45,45,5,6,9,84,2,8,19,1,6
3,10,0,OK,0.5969,0.8649,0.9165,306.40,193.60,0.6531,32,37,37,5,6,9,156,4,8,19,1,9
3,10,2,OK,0.6564,0.8000,0.9550,291.40,208.60,0.7347,36,45,45,5,6,9,156,2,7,19,1,9
3,10,1,OK,0.5593,0.7333,0.9581,388.00,112.00,0.6735,33,45,45,5,10,9,60,3,4,19,1,9
3,10,8,OK,0.2491,0.1081,0.6371,306.40,193.60,0.0816,4,37,37,5,6,9,156,4,8,19,1,9
3,10,11,OK,0.4175,0.4595,0.7828,298.90,201.10,0.3469,17,37,37,5,6,9,156,3,4,19,1,9
3,10,4,OK,0.5310,0.7111,0.9835,418.50,81.50,0.6531,32,45,45,5,15,9,156,3,4,20,1,9
3,10,10,OK,0.6783,0.8444,0.9504,291.40,208.60,0.7755,38,45,45,5,6,9,156,2,7,19,1,9
3,10,14,OK,0.5449,0.7297,0.9507,306.40,193.60,0.5510,27,37,37,5,6,9,156,4,8,19,1,8
3,10,9,OK,0.5175,0.7660,0.9257,496.40,3.60,0.7347,36,47,47,5,6,9,144,4,7,19,2,9
3,10,17,ALL-DEAD,0.2175,0.0000,0.0000,170.50,329.50,0.0000,0,23,23,5,18,6,156,2,7,19,1,9
3,10,13,OVER-BUDGET,0.0000,0.6667,0.9022,500.10,0.00,0.6122,30,45,45,5,6,9,60,3,4,20,2,9
3,10,12,OVER-BUDGET,0.0000,0.4444,0.9692,500.50,0.00,0.2449,12,27,27,5,15,9,108,3,4,18,2,7
3,10,16,OVER-BUDGET,0.0000,0.7568,0.9568,502.40,0.00,0.5714,28,37,37,5,6,9,156,4,8,5,1,9
3,10,18,OK,0.5633,0.7568,0.9277,291.40,208.60,0.5714,28,37,37,5,6,9,156,2,8,19,1,9
3,10,24,OK,0.5091,0.5676,0.9364,256.00,244.00,0.4286,21,37,37,12,6,6,156,4,8,19,1,9
3,10,22,OK,0.4007,0.5333,0.8643,458.20,41.80,0.4898,24,45,45,10,6,9,156,2,3,9,1,9
3,10,19,OK,0.5343,0.8108,0.8125,348.40,151.60,0.6122,30,37,37,5,6,9,60,4,8,19,1,9
3,10,20,OK,0.4933,0.7838,0.9388,416.40,83.60,0.5918,29,37,37,5,6,9,156,4,2,12,1,9
3,10,26,ALL-DEAD,0.2198,0.0000,0.0000,166.95,333.05,0.0000,0,45,45,5,17,1,156,2,5,19,1,9
3,10,21,OK,0.5054,0.5918,0.9377,397.90,102.10,0.5918,29,49,49,5,6,9,60,3,7,14,1,9
3,10,15,OK,0.3170,0.4865,0.9478,498.10,1.90,0.3673,18,37,37,7,27,9,156,4,8,19,1,7
3,10,25,ALL-DEAD,0.0993,0.0000,0.0000,349.50,150.50,0.0000,0,45,45,5,10,4,60,3,6,18,2,2
3,10,32,ALL-DEAD,0.2249,0.0000,0.0000,159.20,340.80,0.0000,0,45,45,8,16,4,60,3,2,19,1,0
3,10,30,OVER-BUDGET,0.0000,0.8333,0.9569,500.30,0.00,0.7143,35,42,42,5,6,9,108,4,2,7,3,9
3,10,28,OK,0.2342,0.0270,0.7768,303.40,196.60,0.0204,1,37,37,5,6,5,168,4,8,19,1,9
3,10,31,ALL-DEAD,0.1780,0.0000,0.0000,230.35,269.65,0.0000,0,45,45,7,19,5,156,4,8,19,1,9
3,10,33,OK,0.5253,0.6486,0.8568,268.00,232.00,0.4898,24,37,37,9,6,9,156,4,8,19,1,9
3,10,36,ALL-DEAD,0.1505,0.0000,0.0000,271.95,228.05,0.0000,0,45,45,5,6,3,108,1,7,19,1,9
3,10,34,OK,0.4807,0.4222,0.9457,266.80,233.20,0.3878,19,45,45,7,6,9,156,2,7,19,1,7
3,10,23,OVER-BUDGET,0.0000,0.4222,0.6088,501.30,0.00,0.3878,19,45,45,5,28,9,156,2,7,19,1,9
3,10,29,OK,0.4063,0.4222,0.6349,323.00,177.00,0.3878,19,45,45,7,10,9,156,4,4,19,1,9
3,10,40,ALL-DEAD,0.2342,0.0000,0.0000,145.10,354.90,0.0000,0,24,24,5,6,6,168,2,4,19,1,5
3,10,27,OVER-BUDGET,0.0000,0.8649,0.9646,500.60,0.00,0.6531,32,37,37,5,19,9,156,4,8,11,1,9
3,10,44,OVER-BUDGET,0.0000,0.9111,0.8741,500.50,0.00,0.8367,41,45,45,7,10,9,120,2,1,4,3,9
3,10,39,OVER-BUDGET,0.0000,0.3548,0.8964,501.90,0.00,0.2245,11,31,31,7,6,7,156,2,7,19,3,9
3,10,35,OK,0.4318,0.7838,0.8659,496.40,3.60,0.5918,29,37,37,5,6,9,156,4,8,19,2,9
3,10,42,OVER-BUDGET,0.0000,1.0000,0.9501,502.80,0.00,0.7551,37,37,37,1,6,9,60,4,8,3,1,9
3,10,47,OVER-BUDGET,0.0000,0.6889,0.9252,501.75,0.00,0.6327,31,45,45,5,15,0,156,2,4,6,4,9
3,10,46,OVER-BUDGET,0.0000,0.2432,0.2748,502.20,0.00,0.1837,9,37,37,5,6,3,156,4,8,19,4,9
3,10,37,OVER-BUDGET,0.0000,0.7333,0.7568,501.25,0.00,0.6735,33,45,45,5,6,9,60,3,1,9,1,9
3,10,38,OVER-BUDGET,0.0000,0.8919,0.9684,500.75,0.00,0.6735,33,37,37,5,30,9,60,1,4,7,1,9
3,10,48,ALL-DEAD,0.0176,0.0000,0.0000,473.40,26.60,0.0000,0,22,22,5,24,1,156,3,8,17,4,9
3,10,41,OK,0.4567,0.7308,0.9634,306.40,193.60,0.3878,19,26,26,5,6,9,144,4,8,19,1,9
3,10,43,OK,0.5166,0.5946,0.9215,259.00,241.00,0.4490,22,37,37,8,6,9,156,2,8,19,1,9
3,10,49,OK,0.5713,0.7333,0.9395,366.40,133.60,0.6735,33,45,45,5,6,9,48,4,4,19,1,9
3,10,45,OK,0.1509,0.0667,0.5784,427.60,72.40,0.0612,3,45,45,5,14,9,60,2,8,19,1,5
3,11,7,OK,0.2967,0.1111,0.6460,253.00,247.00,0.1020,5,45,45,9,6,9,156,2,4,19,1,5
3,11,3,ALL-DEAD,0.1365,0.0000,0.0000,293.20,206.80,0.0000,0,45,45,5,6,9,48,4,4,19,1,9
3,11,2,OK,0.4788,0.5676,0.9606,306.40,193.60,0.4286,21,37,37,5,6,9,156,4,8,19,1,9
3,11,6,OK,0.3968,0.4054,0.8388,306.40,193.60,0.3061,15,37,37,5,6,9,156,4,8,19,1,8
3,11,10,OVER-BUDGET,0.0000,1.0000,0.9657,501.10,0.00,0.7551,37,37,37,5,8,9,60,1,8,3,3,9
3,11,4,OK,0.6109,0.8649,0.9500,291.40,208.60,0.6531,32,37,37,5,6,9,156,2,8,19,1,9
3,11,0,OK,0.6365,0.7778,0.8829,291.40,208.60,0.7143,35,45,45,5,6,9,156,2,7,19,1,9
3,11,1,OK,0.5917,0.6889,0.8841,291.40,208.60,0.6327,31,45,45,5,6,9,156,2,7,19,1,9
3,11,11,OVER-BUDGET,0.0000,1.0000,0.9685,501.80,0.00,0.4490,22,22,22,5,6,9,156,2,7,3,1,2
3,11,14,ALL-DEAD,0.2413,0.0000,0.0000,134.35,365.65,0.0000,0,45,45,5,6,7,156,3,7,19,1,9
3,11,5,OK,0.2226,0.1111,0.7710,388.00,112.00,0.1020,5,45,45,5,10,9,60,3,4,19,1,9
3,11,8,OK,0.4634,0.5946,0.9701,348.40,151.60,0.4490,22,37,37,5,6,9,60,4,8,19,1,9
3,11,12,OVER-BUDGET,0.0000,0.8444,0.9155,502.00,0.00,0.7755,38,45,45,5,6,9,108,4,4,14,3,9
3,11,16,ALL-DEAD,0.1709,0.0000,0.0000,241.10,258.90,0.0000,0,45,45,5,6,1,36,2,1,20,1,9
3,11,13,OK,0.3817,0.4667,0.7272,411.00,89.00,0.4286,21,45,45,12,6,9,156,2,8,10,1,9
3,11,21,OVER-BUDGET,0.0000,0.6667,0.9359,500.30,0.00,0.6122,30,45,45,8,8,9,156,2,7,19,3,0
3,11,9,OK,0.5632,0.7778,0.9715,418.50,81.50,0.7143,35,45,45,5,15,9,156,3,4,20,1,9
3,11,20,OK,0.4899,0.5778,0.9358,370.00,130.00,0.5306,26,45,45,5,10,0,60,2,7,19,1,9
3,11,17,OVER-BUDGET,0.0000,0.7556,0.9044,500.20,0.00,0.6939,34,45,45,1,6,9,36,2,7,19,2,1
3,11,25,OVER-BUDGET,0.0000,1.0000,0.9379,503.25,0.00,0.9796,48,48,48,5,25,9,156,2,7,2,1,8
3,11,24,OVER-BUDGET,0.0000,0.9459,0.9484,501.40,0.00,0.7143,35,37,37,5,6,9,156,2,7,13,4,0
3,11,22,OK,0.5640,0.6222,0.9340,291.40,208.60,0.5714,28,45,45,5,6,9,156,2,4,19,1,0
3,11,23,OVER-BUDGET,0.0000,0.5556,0.9319,504.10,0.00,0.5102,25,45,45,5,6,0,60,4,0,19,4,9
3,11,18,OK,0.1421,0.0222,0.6565,421.00,79.00,0.0204,1,45,45,2,6,9,156,2,6,19,1,7
3,11,26,ALL-DEAD,0.1455,0.0000,0.0000,279.50,220.50,0.0000,0,45,45,5,25,1,36,2,7,8,1,9
3,11,15,OVER-BUDGET,0.0000,0.7500,0.8685,500.05,0.00,0.4898,24,32,32,1,11,9,156,3,4,19,1,9
3,11,33,OVER-BUDGET,0.0000,0.8444,0.7501,501.50,0.00,0.7755,38,45,45,10,6,6,156,2,8,1,1,9
3,11,31,ALL-DEAD,0.1701,0.0000,0.0000,242.25,257.75,0.0000,0,37,37,3,19,7,156,2,9,19,1,8
3,11,32,ALL-DEAD,0.1743,0.0000,0.0000,235.90,264.10,0.0000,0,45,45,9,6,9,156,2,1,14,1,1
3,11,19,OVER-BUDGET,0.0000,0.0233,0.9358,500.80,0.00,0.0204,1,43,43,5,23,9,156,4,7,19,1,9
3,11,29,OVER-BUDGET,0.0000,0.8378,0.9344,500.60,0.00,0.6327,31,37,37,5,6,9,156,4,8,13,3,4
3,11,35,OVER-BUDGET,0.0000,0.8919,0.7723,500.10,0.00,0.6735,33,37,37,9,6,7,156,4,1,4,4,9
3,11,28,OVER-BUDGET,0.0000,0.8667,0.8758,501.35,0.00,0.7959,39,45,45,5,13,9,156,4,4,4,1,2
3,11,39,ALL-DEAD,0.2587,0.0000,0.0000,108.00,392.00,0.0000,0,42,42,5,5,3,132,4,8,19,1,9
3,11,27,OK,0.4610,0.5476,0.9558,366.40,133.60,0.4694,23,42,42,5,6,9,48,4,4,19,1,7
3,11,30,OK,0.5522,0.7941,0.9287,291.40,208.60,0.5510,27,34,34,5,6,9,156,2,8,19,1,9
3,11,34,OK,0.4817,1.0000,0.9441,298.90,201.10,0.4286,21,21,21,10,12,9,144,3,0,19,1,8
3,11,38,OK,0.3377,0.4762,0.7319,291.40,208.60,0.2041,10,21,21,5,6,9,156,2,7,19,1,3
3,11,36,OK,0.5178,0.5111,0.8053,253.00,247.00,0.4694,23,45,45,9,6,9,156,2,7,19,1,9
3,11,41,OK,0.2803,0.0811,0.9240,294.40,205.60,0.0612,3,37,37,5,6,8,120,2,2,19,1,9
3,11,37,OVER-BUDGET,0.0000,0.8667,0.9408,501.10,0.00,0.7959,39,45,45,6,24,9,156,2,7,18,3,9
3,11,48,ALL-DEAD,0.2897,0.0000,0.0000,61.00,439.00,0.0000,0,23,23,6,6,3,96,2,7,19,1,9
3,11,43,ALL-DEAD,0.1928,0.0000,0.0000,207.90,292.10,0.0000,0,45,45,5,6,9,144,2,3,19,1,9
3,11,42,OK,0.1706,0.1778,0.2637,425.50,74.50,0.1633,8,45,45,12,13,1,48,4,8,14,1,9
3,11,46,OVER-BUDGET,0.0000,0.4000,0.9661,500.25,0.00,0.3673,18,45,45,9,10,8,60,3,6,19,3,9
3,11,44,OK,0.3281,0.3438,0.6405,306.40,193.60,0.2245,11,32,32,5,6,9,156,4,7,19,1,9
3,11,40,OK,0.1947,0.1778,0.4949,431.00,69.00,0.1633,8,45,45,2,6,9,156,2,7,18,1,9
3,11,49,OK,0.4956,0.6444,0.8155,390.50,109.50,0.5918,29,45,45,9,6,9,156,2,8,11,1,9
3,11,47,OK,0.4816,0.6444,0.8698,421.70,78.30,0.5918,29,45,45,7,19,9,60,2,7,19,1,9
3,11,45,OVER-BUDGET,0.0000,0.4889,0.9127,500.50,0.00,0.4490,22,45,45,5,25,9,36,2,9,17,1,8
3,12,6,OK,0.5631,0.5778,0.9016,253.00,247.00,0.5306,26,45,45,9,6,9,156,2,7,19,1,9
3,12,7,OK,0.2193,0.1556,0.5706,390.50,109.50,0.1429,7,45,45,9,6,9,156,2,8,11,1,9
3,12,5,OK,0.5189,0.7059,0.9323,291.40,208.60,0.4898,24,34,34,5,6,9,156,2,8,19,1,9
3,12,0,OK,0.5656,0.6222,0.9471,291.40,208.60,0.5714,28,45,45,5,6,9,156,2,7,19,1,9
3,12,1,OK,0.5560,0.7568,0.8671,291.40,208.60,0.5714,28,37,37,5,6,9,156,2,8,19,1,9
3,12,2,OK,0.5752,0.6444,0.9336,291.40,208.60,0.5918,29,45,45,5,6,9,156,2,7,19,1,9
3,12,3,OK,0.6205,0.7333,0.9372,291.40,208.60,0.6735,33,45,45,5,6,9,156,2,4,19,1,0
3,12,11,OK,0.4564,0.4865,0.9720,291.40,208.60,0.3673,18,37,37,5,6,8,156,2,4,19,1,8
3,12,9,OK,0.4573,0.9048,0.9278,298.90,201.10,0.3878,19,21,21,10,12,9,144,3,0,19,1,8
3,12,12,ALL-DEAD,0.0443,0.0000,0.0000,432.90,67.10,0.0000,0,45,45,5,6,8,60,2,7,10,1,9
3,12,17,ALL-DEAD,0.2888,0.0000,0.0000,62.40,437.60,0.0000,0,32,32,4,6,2,144,3,8,19,1,8
3,12,4,OK,0.5132,0.6889,0.9291,418.50,81.50,0.6327,31,45,45,5,15,9,156,3,4,20,1,9
3,12,10,ALL-DEAD,0.1383,0.0000,0.0000,290.45,209.55,0.0000,0,45,45,5,11,9,156,2,7,19,1,1
3,12,19,OVER-BUDGET,0.0000,0.9730,0.9669,500.90,0.00,0.7347,36,37,37,5,16,9,156,2,9,1,1,0
3,12,8,OK,0.1981,0.1111,0.4681,370.00,130.00,0.1020,5,45,45,5,10,0,60,2,7,19,1,9
3,12,20,ALL-DEAD,0.2548,0.0000,0.0000,114.00,386.00,0.0000,0,37,37,5,5,3,144,4,2,14,1,9
3,12,23,ALL-DEAD,0.0983,0.0000,0.0000,351.10,148.90,0.0000,0,45,45,5,6,2,156,2,7,19,4,9
3,12,15,OK,0.4768,0.4889,0.9608,326.40,173.60,0.4490,22,45,45,5,6,9,156,2,1,16,1,0
3,12,18,OK,0.3049,0.7727,0.9503,499.90,0.10,0.3469,17,22,22,5,6,9,168,2,1,9,1,9
3,12,22,OVER-BUDGET,0.0000,0.9118,0.8191,500.70,0.00,0.6327,31,34,34,5,21,9,156,2,6,19,4,9
3,12,27,ALL-DEAD,0.0616,0.0000,0.0000,406.60,93.40,0.0000,0,10,10,5,21,3,108,2,4,5,1,9
3,12,25,ALL-DEAD,0.2126,0.0000,0.0000,177.95,322.05,0.0000,0,45,45,1,6,5,156,3,7,14,1,4
3,12,21,OK,0.3645,0.4595,0.8918,399.00,101.00,0.3469,17,37,37,5,10,9,156,2,9,15,1,2
3,12,14,OVER-BUDGET,0.0000,0.9000,0.9348,500.40,0.00,0.1837,9,10,10,1,9,9,156,2,1,19,1,9
3,12,13,OVER-BUDGET,0.0000,0.8222,0.9664,500.70,0.00,0.7551,37,45,45,5,21,9,156,2,0,19,1,9
3,12,16,OVER-BUDGET,0.0000,0.6216,0.9519,503.65,0.00,0.4694,23,37,37,3,29,9,156,2,7,19,1,7
3,12,24,OVER-BUDGET,0.0000,0.7778,0.8649,502.45,0.00,0.7143,35,45,45,3,6,9,156,3,4,9,1,9
3,12,32,ALL-DEAD,0.2159,0.0000,0.0000,172.95,327.05,0.0000,0,37,37,10,26,4,84,1,8,14,1,7
3,12,28,OK,0.4863,0.7879,0.9548,378.90,121.10,0.5306,26,33,33,5,6,9,156,2,7,13,1,9
3,12,29,OK,0.2172,0.0444,0.7842,347.50,152.50,0.0408,2,45,45,3,6,9,168,2,7,19,1,2
3,12,30,OK,0.4211,0.5588,0.9677,361.00,139.00,0.3878,19,34,34,8,9,9,48,4,8,19,1,7
3,12,36,ALL-DEAD,0.2322,0.0000,0.0000,148.20,351.80,0.0000,0,37,37,1,6,6,156,2,3,19,1,9
3,12,37,ALL-DEAD,0.2758,0.0000,0.0000,82.10,417.90,0.0000,0,37,37,5,6,2,156,2,7,15,1,9
3,12,34,OK,0.5304,0.5111,0.9762,265.00,235.00,0.4694,23,45,45,9,6,7,84,2,7,19,1,7
3,12,26,OVER-BUDGET,0.0000,0.5882,0.9885,500.50,0.00,0.4082,20,34,34,5,17,9,156,3,8,13,1,8
3,12,31,OK,0.3303,0.5676,0.6443,473.90,26.10,0.4286,21,37,37,5,6,9,156,1,8,19,2,9
3,12,35,OK,0.5093,0.5333,0.9343,306.40,193.60,0.4898,24,45,45,5,6,9,156,4,7,19,1,9
3,12,43,OVER-BUDGET,0.0000,0.9189,0.8864,500.00,0.00,0.6939,34,37,37,5,6,9,156,2,8,9,4,9
3,12,33,OVER-BUDGET,0.0000,0.6216,0.9590,501.25,0.00,0.4694,23,37,37,5,15,9,156,3,3,20,2,2
3,12,41,OK,0.4093,0.5556,0.9287,473.90,26.10,0.5102,25,45,45,5,6,5,156,1,7,19,2,5
3,12,39,OK,0.4835,0.6000,0.9015,390.50,109.50,0.5510,27,45,45,9,6,9,156,2,8,11,1,9
3,12,38,OK,0.1622,0.0222,0.4523,353.50,146.50,0.0204,1,45,45,6,13,0,156,1,4,19,1,4
3,12,45,ALL-DEAD,0.1880,0.0000,0.0000,215.20,284.80,0.0000,0,45,45,10,16,6,96,2,7,19,1,4
3,12,42,OK,0.5100,0.5111,0.9592,292.90,207.10,0.4694,23,45,45,5,6,9,132,2,5,19,1,1
3,12,49,ALL-DEAD,0.1958,0.0000,0.0000,203.30,296.70,0.0000,0,37,37,5,6,5,144,2,4,19,1,0
3,12,40,OK,0.2036,0.0882,0.8648,399.70,100.30,0.0612,3,34,34,5,13,9,156,3,7,19,1,3
3,12,47,OVER-BUDGET,0.0000,0.0588,0.8116,501.80,0.00,0.0408,2,34,34,5,6,9,60,2,9,19,2,9
3,12,46,OK,0.5580,0.8108,0.8843,325.60,174.40,0.6122,30,37,37,10,13,9,108,4,8,19,1,9
3,12,44,OVER-BUDGET,0.0000,0.0222,0.6745,500.85,0.00,0.0204,1,45,45,5,22,9,156,1,0,19,1,9
3,12,48,OVER-BUDGET,0.0000,0.0222,0.3524,500.40,0.00,0.0204,1,45,45,3,28,9,156,2,8,20,1,0
3,13,6,ALL-DEAD,0.2931,0.0000,0.0000,55.90,444.10,0.0000,0,45,45,9,6,7,84,2,7,19,1,7
3,13,3,OK,0.6070,0.6667,0.8936,253.00,247.00,0.6122,30,45,45,9,6,9,156,2,7,19,1,9
3,13,7,OK,0.5320,0.7353,0.9479,291.40,208.60,0.5102,25,34,34,5,6,9,156,2,8,19,1,9
3,13,4,OK,0.5380,0.7568,0.9051,325.60,174.40,0.5714,28,37,37,10,13,9,108,4,8,19,1,9
3,13,0,OK,0.5395,0.5778,0.9165,291.40,208.60,0.5306,26,45,45,5,6,9,156,2,4,19,1,0
3,13,2,OK,0.6223,0.7556,0.8582,291.40,208.60,0.6939,34,45,45,5,6,9,156,2,7,19,1,9
3,13,5,OK,0.5223,0.7027,0.7731,291.40,208.60,0.5306,26,37,37,5,6,9,156,2,8,19,1,9
3,13,1,OK,0.6182,0.7333,0.9174,291.40,208.60,0.6735,33,45,45,5,6,9,156,2,7,19,1,9
3,13,15,ALL-DEAD,0.1757,0.0000,0.0000,233.80,266.20,0.0000,0,37,37,11,6,4,156,2,7,12,1,9
3,13,8,OK,0.1846,0.0222,0.9969,418.50,81.50,0.0204,1,45,45,5,15,9,156,3,4,20,1,9
3,13,12,OK,0.3150,0.8000,0.9220,326.40,173.60,0.1633,8,10,10,5,6,9,156,2,7,16,1,9
3,13,14,OK,0.2925,0.1778,0.5419,291.40,208.60,0.1633,8,45,45,5,6,8,156,2,4,19,1,9
3,13,16,ALL-DEAD,0.2206,0.0000,0.0000,165.70,334.30,0.0000,0,45,45,5,6,8,156,2,4,19,1,7
3,13,9,OK,0.4632,0.4444,0.8506,292.90,207.10,0.4082,20,45,45,5,6,9,132,2,5,19,1,1
3,13,13,OVER-BUDGET,0.0000,0.8000,0.9298,500.20,0.00,0.7347,36,45,45,5,6,9,24,2,8,9,1,9
3,13,11,OK,0.4967,0.5778,0.9183,356.50,143.50,0.5306,26,45,45,5,10,9,156,3,8,19,1,0
3,13,17,OK,0.5365,0.5333,0.8672,253.00,247.00,0.4898,24,45,45,9,6,9,156,2,4,19,1,9
3,13,23,ALL-DEAD,0.1395,0.0000,0.0000,288.60,211.40,0.0000,0,45,45,8,22,2,156,2,5,19,3,9
3,13,18,OVER-BUDGET,0.0000,0.6222,0.8824,501.80,0.00,0.5714,28,45,45,8,6,9,144,2,4,19,3,6
3,13,21,OK,0.5001,0.4667,0.9004,263.20,236.80,0.4286,21,45,45,10,6,9,144,4,8,19,1,0
3,13,20,OVER-BUDGET,0.0000,0.9730,0.9746,502.80,0.00,0.7347,36,37,37,5,24,9,24,4,8,19,2,9
3,13,28,ALL-DEAD,0.1890,0.0000,0.0000,213.60,286.40,0.0000,0,45,45,5,18,1,24,2,7,19,1,0
3,13,27,OK,0.3132,0.2000,0.4101,253.00,247.00,0.1837,9,45,45,9,6,2,156,2,4,19,1,0
3,13,10,OVER-BUDGET,0.0000,0.3778,0.7710,502.40,0.00,0.3469,17,45,45,5,26,9,132,2,2,19,1,1
3,13,29,ALL-DEAD,0.2764,0.0000,0.0000,81.20,418.80,0.0000,0,13,13,4,6,2,108,1,9,19,1,1
3,13,26,OK,0.2585,0.0222,0.7018,253.00,247.00,0.0204,1,45,45,9,6,9,156,2,0,19,1,9
3,13,24,OK,0.5094,0.5111,0.9462,291.40,208.60,0.4694,23,45,45,5,6,9,156,2,7,19,1,7
3,13,33,OVER-BUDGET,0.0000,0.9667,0.9719,501.80,0.00,0.5918,29,30,30,5,6,9,156,2,7,9,3,3
3,13,19,OK,0.2720,0.2222,0.8970,421.00,79.00,0.2041,10,45,45,9,27,9,156,2,8,19,1,9
3,13,30,OK,0.2770,0.0889,0.7866,291.40,208.60,0.0816,4,45,45,5,6,9,156,2,0,19,1,3
3,13,34,OVER-BUDGET,0.0000,0.1707,0.5084,502.20,0.00,0.1429,7,41,41,9,6,4,156,2,7,17,3,9
3,13,22,OVER-BUDGET,0.0000,0.6667,0.9072,501.15,0.00,0.6122,30,45,45,5,27,9,156,2,7,16,1,9
3,13,35,OVER-BUDGET,0.0000,1.0000,0.9666,500.35,0.00,0.2653,13,13,13,5,6,9,156,1,7,19,3,9
3,13,36,OK,0.4833,0.4444,0.9306,277.00,223.00,0.4082,20,45,45,5,5,4,156,2,7,19,1,9
3,13,37,OVER-BUDGET,0.0000,0.9333,0.9684,500.95,0.00,0.8571,42,45,45,3,17,9,156,2,4,11,4,0
3,13,41,OVER-BUDGET,0.0000,0.9778,0.8901,501.70,0.00,0.8980,44,45,45,5,6,9,156,4,1,9,4,0
3,13,25,OVER-BUDGET,0.0000,0.1333,0.8782,500.90,0.00,0.1224,6,45,45,5,19,9,84,2,7,17,1,0
3,13,38,OVER-BUDGET,0.0000,1.0000,0.9275,501.10,0.00,0.3265,16,16,16,1,6,9,156,2,4,19,4,9
3,13,44,ALL-DEAD,0.1051,0.0000,0.0000,340.70,159.30,0.0000,0,37,37,6,6,3,156,2,4,5,2,8
3,13,39,OK,0.5390,0.8125,0.9537,298.90,201.10,0.5306,26,32,32,5,6,9,156,3,4,19,1,0
3,13,43,ALL-DEAD,0.2017,0.0000,0.0000,194.40,305.60,0.0000,0,46,46,9,26,0,84,2,2,19,1,7
3,13,48,ALL-DEAD,0.2314,0.0000,0.0000,149.40,350.60,0.0000,0,45,45,5,24,4,156,2,7,19,1,5
3,13,32,OVER-BUDGET,0.0000,0.8571,0.9752,502.00,0.00,0.3673,18,21,21,5,27,9,156,3,7,19,1,0
3,13,47,OVER-BUDGET,0.0000,0.9091,0.9404,501.20,0.00,0.4082,20,22,22,12,6,9,168,2,7,19,4,0
3,13,31,OK,0.5150,0.7556,0.9148,464.20,35.80,0.6939,34,45,45,5,18,9,156,2,7,19,1,9
3,13,42,OK,0.4583,0.6757,0.9667,406.50,93.50,0.5102,25,37,37,9,13,9,96,4,8,14,1,5
3,13,40,OVER-BUDGET,0.0000,0.5625,0.8235,500.50,0.00,0.5510,27,48,48,5,18,9,156,2,7,15,1,4
3,13,49,OK,0.4005,0.4000,0.7819,341.40,158.60,0.3673,18,45,45,5,6,9,156,2,4,15,1,1
3,13,45,OK,0.4397,0.5333,0.9852,421.00,79.00,0.4898,24,45,45,2,6,9,156,2,4,19,1,0
3,13,46,OVER-BUDGET,0.0000,0.3810,0.9288,500.20,0.00,0.3265,16,42,42,5,29,9,120,3,4,19,1,5
3,14,6,OK,0.5426,0.5333,0.9184,253.00,247.00,0.4898,24,45,45,9,6,9,156,2,4,19,1,9
3,14,2,OK,0.5448,0.5556,0.8429,253.00,247.00,0.5102,25,45,45,9,6,9,156,2,7,19,1,9
3,14,7,OK,0.5166,0.7059,0.9132,291.40,208.60,0.4898,24,34,34,5,6,9,156,2,8,19,1,9
3,14,1,ALL-DEAD,0.1381,0.0000,0.0000,290.80,209.20,0.0000,0,45,45,5,6,9,156,2,7,19,1,9
3,14,4,OK,0.5493,0.8438,0.9460,298.90,201.10,0.5510,27,32,32,5,6,9,156,3,4,19,1,0
3,14,3,OK,0.5713,0.6444,0.9009,291.40,208.60,0.5918,29,45,45,5,6,9,156,2,4,19,1,0
3,14,5,OK,0.4966,0.6757,0.8406,325.60,174.40,0.5102,25,37,37,10,13,9,108,4,8,19,1,9
3,14,0,OK,0.5739,0.6444,0.9222,291.40,208.60,0.5918,29,45,45,5,6,9,156,2,7,19,1,9
3,14,12,ALL-DEAD,0.2544,0.0000,0.0000,114.60,385.40,0.0000,0,45,45,7,6,2,156,4,3,20,2,9
3,14,14,ALL-DEAD,0.2083,0.0000,0.0000,184.40,315.60,0.0000,0,45,45,5,6,3,156,1,3,15,1,8
3,14,13,OK,0.4364,0.4375,0.9685,253.00,247.00,0.2857,14,32,32,9,6,6,156,2,4,19,1,0
3,14,17,OVER-BUDGET,0.0000,0.4444,0.8167,501.60,0.00,0.4082,20,45,45,5,6,4,156,1,7,3,1,9
3,14,9,ALL-DEAD,0.1174,0.0000,0.0000,322.10,177.90,0.0000,0,45,45,5,18,9,156,2,7,19,1,9
3,14,8,OK,0.5189,0.6486,0.9321,291.40,208.60,0.4898,24,37,37,5,6,9,156,2,8,19,1,9
3,14,11,OK,0.4680,0.5333,0.7830,341.40,158.60,0.4898,24,45,45,5,6,9,156,4,7,16,1,9
3,14,19,OVER-BUDGET,0.0000,0.6889,0.7830,502.40,0.00,0.6327,31,45,45,10,6,9,120,2,7,3,1,9
3,14,21,ALL-DEAD,0.2128,0.0000,0.0000,177.50,322.50,0.0000,0,45,45,5,18,7,156,2,0,19,1,9
3,14,15,OK,0.5414,0.5778,0.9320,291.40,208.60,0.5306,26,45,45,5,6,9,156,2,2,19,1,2
3,14,16,OK,0.6322,0.7083,0.8617,277.00,223.00,0.6939,34,48,48,5,5,9,156,2,7,19,1,9
3,14,26,ALL-DEAD,0.2332,0.0000,0.0000,146.60,353.40,0.0000,0,34,34,12,6,7,60,2,4,12,1,9
3,14,22,ALL-DEAD,0.1884,0.0000,0.0000,214.50,285.50,0.0000,0,45,45,12,6,9,36,2,7,19,1,9
3,14,10,OK,0.4066,0.8125,0.9540,499.60,0.40,0.5306,26,32,32,5,19,9,120,4,4,19,1,9
3,14,18,OVER-BUDGET,0.0000,0.6923,0.8808,500.50,0.00,0.5510,27,39,39,5,10,9,36,2,5,19,2,9
3,14,25,OVER-BUDGET,0.0000,0.8333,0.9149,501.60,0.00,0.4082,20,24,24,9,6,9,144,2,7,11,2,9
3,14,30,ALL-DEAD,0.2465,0.0000,0.0000,126.50,373.50,0.0000,0,45,45,5,15,4,156,2,4,19,1,0
3,14,31,OVER-BUDGET,0.0000,0.9792,0.9218,502.20,0.00,0.9592,47,48,48,5,6,9,156,2,7,3,3,7
3,14,27,OK,0.3052,0.4118,0.8188,305.50,194.50,0.1429,7,17,17,9,6,9,48,3,5,19,1,9
3,14,24,ALL-DEAD,0.1405,0.0000,0.0000,287.10,212.90,0.0000,0,45,45,5,6,9,156,2,4,19,1,9
3,14,20,OK,0.4631,0.6667,0.9507,481.40,18.60,0.6122,30,45,45,5,6,9,156,2,7,19,2,9
3,14,23,OVER-BUDGET,0.0000,0.9250,0.9330,500.40,0.00,0.7551,37,40,40,10,26,9,132,2,8,19,3,9
3,14,29,OVER-BUDGET,0.0000,0.0222,0.1170,501.30,0.00,0.0204,1,45,45,5,12,8,156,2,4,6,1,0
3,14,28,OK,0.5445,0.5556,0.8405,253.00,247.00,0.5102,25,45,45,9,6,9,156,2,7,19,1,7
3,14,35,ALL-DEAD,0.2040,0.0000,0.0000,190.95,309.05,0.0000,0,39,39,5,6,8,156,1,7,19,1,1
3,14,36,ALL-DEAD,0.1940,0.0000,0.0000,206.00,294.00,0.0000,0,45,45,5,25,6,156,2,7,15,1,7
3,14,37,OK,0.1991,0.0222,0.3694,282.50,217.50,0.0204,1,45,45,9,5,7,72,2,1,17,1,9
3,14,40,ALL-DEAD,0.2422,0.0000,0.0000,133.10,366.90,0.0000,0,31,31,10,6,3,156,2,7,19,1,9
3,14,33,OK,0.2493,0.0444,0.8093,303.40,196.60,0.0408,2,45,45,5,6,9,84,2,0,19,1,0
3,14,42,OVER-BUDGET,0.0000,0.7111,0.8279,500.40,0.00,0.6531,32,45,45,5,6,6,156,2,7,6,4,9
3,14,44,ALL-DEAD,0.2743,0.0000,0.0000,84.40,415.60,0.0000,0,45,45,5,6,7,156,2,7,19,1,3
3,14,34,OK,0.4845,0.4667,0.9257,291.40,208.60,0.4286,21,45,45,5,6,9,156,2,5,19,1,1
3,14,38,OK,0.5464,0.5556,0.8484,251.50,248.50,0.5102,25,45,45,9,6,9,168,2,7,19,1,9
3,14,39,OK,0.4303,0.5778,0.9061,455.00,45.00,0.5306,26,45,45,9,6,9,84,2,7,19,2,9
3,14,46,OK,0.3648,0.2444,0.6417,251.00,249.00,0.2245,11,45,45,12,6,9,156,2,2,18,1,7
3,14,32,OVER-BUDGET,0.0000,0.9412,0.9491,500.50,0.00,0.6531,32,34,34,9,22,9,156,2,7,10,1,9
3,14,41,OK,0.4772,0.4667,0.9665,309.80,190.20,0.4286,21,45,45,11,16,9,156,2,7,19,1,6
3,14,48,ALL-DEAD,0.1741,0.0000,0.0000,236.25,263.75,0.0000,0,45,45,9,6,9,156,3,7,19,1,9
3,14,47,OVER-BUDGET,0.0000,0.9600,0.9292,501.00,0.00,0.4898,24,25,25,5,20,9,156,2,7,15,3,8
3,14,43,OVER-BUDGET,0.0000,0.0444,0.5535,503.20,0.00,0.0408,2,45,45,5,6,9,36,2,7,19,2,9
3,14,45,OVER-BUDGET,0.0000,0.8444,0.9156,500.70,0.00,0.7755,38,45,45,5,13,9,156,2,7,19,2,9
3,14,49,OK,0.4795,0.8846,0.9449,336.40,163.60,0.4694,23,26,26,5,6,9,36,2,8,19,1,9
3,15,5,ALL-DEAD,0.1920,0.0000,0.0000,209.10,290.90,0.0000,0,45,45,9,6,9,156,2,7,19,1,9
3,15,6,OK,0.4871,0.4222,0.9238,253.00,247.00,0.3878,19,45,45,9,6,9,156,2,7,19,1,7
3,15,4,OK,0.5301,0.5111,0.8993,251.50,248.50,0.4694,23,45,45,9,6,9,168,2,7,19,1,9
3,15,7,OK,0.5483,0.5778,0.7789,253.00,247.00,0.5306,26,45,45,9,6,9,156,2,4,19,1,9
3,15,3,OK,0.5289,0.7812,0.9632,298.90,201.10,0.5102,25,32,32,5,6,9,156,3,4,19,1,0
3,15,2,OK,0.4273,0.4222,0.6367,291.40,208.60,0.3878,19,45,45,5,6,9,156,2,4,19,1,0
3,15,1,OK,0.2230,0.0444,0.5242,291.40,208.60,0.0408,2,45,45,5,6,9,156,2,7,19,1,9
3,15,0,OK,0.5717,0.5833,0.9183,277.00,223.00,0.5714,28,48,48,5,5,9,156,2,7,19,1,9
3,15,10,OVER-BUDGET,0.0000,0.2692,0.5243,502.10,0.00,0.1429,7,26,26,11,14,1,60,2,7,19,4,9
3,15,8,OK,0.4704,0.4444,0.9023,291.40,208.60,0.4082,20,45,45,5,6,9,156,2,2,19,1,2
3,15,14,OK,0.4578,0.3542,0.9904,275.50,224.50,0.3469,17,48,48,5,5,0,168,2,9,19,1,0
3,15,9,OK,0.5641,0.7568,0.9348,291.40,208.60,0.5714,28,37,37,5,6,9,156,2,8,19,1,9
3,15,13,OK,0.5537,0.5556,0.8277,236.80,263.20,0.5102,25,45,45,11,6,9,156,1,7,19,1,9
3,15,15,OVER-BUDGET,0.0000,0.4792,0.8592,502.25,0.00,0.4694,23,48,48,2,5,1,60,3,7,19,4,9
3,15,17,ALL-DEAD,0.1901,0.0000,0.0000,212.00,288.00,0.0000,0,48,48,5,5,7,132,2,7,19,4,3
3,15,12,OK,0.5696,0.5625,0.9388,266.80,233.20,0.5510,27,48,48,7,6,9,144,2,7,19,1,9
3,15,16,ALL-DEAD,0.1312,0.0000,0.0000,301.20,198.80,0.0000,0,48,48,5,8,9,156,2,7,18,1,0
3,15,23,ALL-DEAD,0.2704,0.0000,0.0000,90.30,409.70,0.0000,0,48,48,5,12,1,156,2,7,19,1,9
3,15,22,OK,0.2166,0.0526,0.5975,297.40,202.60,0.0204,1,19,19,5,6,7,108,2,6,19,1,9
3,15,24,OVER-BUDGET,0.0000,0.5333,0.9288,500.30,0.00,0.4898,24,45,45,8,6,5,24,2,7,6,3,9
3,15,11,OK,0.4444,0.4889,0.9738,377.80,122.20,0.4490,22,45,45,5,12,9,156,2,9,19,1,0
3,15,20,OK,0.4578,0.8571,0.9462,284.50,215.50,0.3673,18,21,21,5,5,9,96,2,7,19,1,9
3,15,21,OVER-BUDGET,0.0000,0.9167,0.9641,500.75,0.00,0.8980,44,48,48,2,5,9,156,2,5,19,4,9
3,15,18,OK,0.5584,0.7632,0.9447,318.90,181.10,0.5918,29,38,38,5,6,9,156,1,0,16,1,0
3,15,19,OK,0.6194,0.6667,0.9423,277.00,223.00,0.6531,32,48,48,5,5,9,156,2,4,19,1,6
3,15,28,ALL-DEAD,0.1516,0.0000,0.0000,270.25,229.75,0.0000,0,23,23,5,5,2,60,2,6,19,1,9
3,15,30,ALL-DEAD,0.2198,0.0000,0.0000,167.00,333.00,0.0000,0,45,45,5,5,4,156,2,7,19,1,9
3,15,25,OK,0.5659,0.7105,0.9229,269.50,230.50,0.5510,27,38,38,6,6,9,156,1,1,19,1,0
3,15,34,ALL-DEAD,0.0706,0.0000,0.0000,393.00,107.00,0.0000,0,36,36,5,30,1,156,2,7,6,1,8
3,15,29,OK,0.2596,0.3542,0.4606,479.50,20.50,0.3469,17,48,48,5,5,9,156,1,8,9,1,9
3,15,32,OK,0.5358,0.7576,0.9775,291.10,208.90,0.5102,25,33,33,11,12,9,96,2,6,19,1,9
3,15,36,ALL-DEAD,0.1068,0.0000,0.0000,338.20,161.80,0.0000,0,36,36,5,28,4,144,2,4,19,3,3
3,15,26,OK,0.4712,0.5208,0.9560,385.00,115.00,0.5102,25,48,48,2,5,9,156,2,7,19,1,2
3,15,27,OK,0.1882,0.0833,0.6718,405.00,95.00,0.0816,4,48,48,9,25,9,156,2,5,19,1,9
3,15,31,OK,0.5070,0.6939,0.9420,481.40,18.60,0.6939,34,49,49,5,6,9,156,2,6,19,2,7
3,15,35,OK,0.5883,0.6042,0.9633,277.00,223.00,0.5918,29,48,48,5,5,9,156,2,5,19,1,0
3,15,37,OK,0.4747,0.5135,0.9053,268.50,231.50,0.3878,19,37,37,7,5,9,84,2,7,19,1,1
3,15,33,OK,0.4390,0.5417,0.9732,454.00,46.00,0.5306,26,48,48,5,10,9,36,4,4,19,1,6
3,15,42,ALL-DEAD,0.1351,0.0000,0.0000,295.25,204.75,0.0000,0,48,48,5,5,1,156,1,7,19,2,9
3,15,41,ALL-DEAD,0.2034,0.0000,0.0000,191.80,308.20,0.0000,0,45,45,3,17,4,132,2,7,19,1,9
3,15,39,ALL-DEAD,0.1591,0.0000,0.0000,259.00,241.00,0.0000,0,45,45,5,30,0,156,1,7,17,1,9
3,15,43,OVER-BUDGET,0.0000,0.9167,0.9481,500.85,0.00,0.8980,44,48,48,5,27,9,156,2,7,4,1,9
3,15,44,OK,0.4809,0.4222,0.8451,248.20,251.80,0.3878,19,45,45,10,6,9,156,2,7,19,1,9
3,15,47,OVER-BUDGET,0.0000,0.4444,0.7705,501.10,0.00,0.4082,20,45,45,9,6,7,168,2,7,19,3,9
3,15,46,OK,0.3803,0.8333,0.8956,426.75,73.25,0.4082,20,24,24,9,5,9,168,1,7,19,2,9
3,15,40,OK,0.6104,0.7083,0.9326,323.00,177.00,0.6939,34,48,48,7,10,9,156,4,7,19,1,9
3,15,48,OK,0.4648,0.3778,0.8588,241.00,259.00,0.3469,17,45,45,12,6,9,156,2,7,19,1,8
3,15,38,OVER-BUDGET,0.0000,0.2222,0.4171,500.50,0.00,0.2041,10,45,45,2,17,9,156,2,1,19,1,7
3,15,49,OVER-BUDGET,0.0000,0.7111,0.8879,502.10,0.00,0.6531,32,45,45,5,6,9,24,4,7,19,3,7
3,15,45,OVER-BUDGET,0.0000,0.5208,0.8748,501.40,0.00,0.5102,25,48,48,5,18,9,60,3,3,19,1,9
3,16,7,ALL-DEAD,0.2108,0.0000,0.0000,180.60,319.40,0.0000,0,38,38,5,6,9,156,1,0,16,1,0
3,16,4,ALL-DEAD,0.1912,0.0000,0.0000,210.30,289.70,0.0000,0,48,48,7,6,9,144,2,7,19,1,9
3,16,5,OK,0.5087,0.5789,0.9134,269.50,230.50,0.4490,22,38,38,6,6,9,156,1,1,19,1,0
3,16,2,OK,0.3215,0.1458,0.7977,277.00,223.00,0.1429,7,48,48,5,5,9,156,2,5,19,1,0
3,16,0,OK,0.2412,0.0208,0.6901,277.00,223.00,0.0204,1,48,48,5,5,9,156,2,4,19,1,6
3,16,8,OK,0.3793,0.2667,0.5907,236.80,263.20,0.2449,12,45,45,11,6,9,156,1,7,19,1,9
3,16,3,OK,0.6041,0.6458,0.9081,277.00,223.00,0.6327,31,48,48,5,5,9,156,2,7,19,1,9
3,16,1,OK,0.5446,0.5833,0.9456,323.00,177.00,0.5714,28,48,48,7,10,9,156,4,7,19,1,9
3,16,6,OK,0.5557,0.7297,0.9583,291.40,208.60,0.5510,27,37,37,5,6,9,156,2,8,19,1,9
3,16,10,OVER-BUDGET,0.0000,0.7292,0.8915,502.50,0.00,0.7143,35,48,48,5,5,9,60,2,5,3,1,5
3,16,9,OK,0.5710,0.6000,0.8741,253.00,247.00,0.5510,27,45,45,9,6,9,156,2,4,19,1,9
3,16,13,OK,0.3690,0.2708,0.8552,317.50,182.50,0.2653,13,48,48,8,10,6,156,2,5,17,1,6
3,16,15,OK,0.3664,0.8182,0.9852,277.00,223.00,0.1837,9,11,11,5,5,9,156,2,9,19,1,3
3,16,16,OK,0.4511,0.4167,0.9630,331.80,168.20,0.4082,20,48,48,11,6,8,156,2,7,13,1,4
3,16,12,OVER-BUDGET,0.0000,0.5417,0.6525,502.00,0.00,0.5306,26,48,48,5,5,9,156,2,1,7,1,6
3,16,22,ALL-DEAD,0.2825,0.0000,0.0000,72.00,428.00,0.0000,0,48,48,5,5,2,48,2,9,19,1,9
3,16,14,OK,0.6013,0.6458,0.9398,287.00,213.00,0.6327,31,48,48,5,5,9,156,2,5,18,1,9
3,16,18,OK,0.4070,1.0000,0.9754,281.80,218.20,0.2653,13,13,13,7,6,9,156,4,7,19,1,2
3,16,21,OK,0.1581,0.0833,0.0633,289.00,211.00,0.0204,1,12,12,5,5,8,120,3,7,19,1,9
3,16,19,OVER-BUDGET,0.0000,0.8276,0.9460,501.50,0.00,0.4898,24,29,29,6,5,9,48,2,4,19,3,6
3,16,17,OK,0.6214,0.6667,0.9171,269.50,230.50,0.6531,32,48,48,5,5,9,156,1,4,19,1,0
3,16,25,ALL-DEAD,0.1604,0.0000,0.0000,257.00,243.00,0.0000,0,48,48,7,5,5,156,1,4,12,1,9
3,16,29,ALL-DEAD,0.2204,0.0000,0.0000,166.10,333.90,0.0000,0,18,18,5,27,2,156,2,7,8,1,9
3,16,23,ALL-DEAD,0.1957,0.0000,0.0000,203.50,296.50,0.0000,0,48,48,7,10,5,168,4,7,19,1,9
3,16,20,OVER-BUDGET,0.0000,0.8947,0.9390,501.90,0.00,0.6939,34,38,38,5,12,9,132,2,8,15,2,0
3,16,11,OVER-BUDGET,0.0000,0.7368,0.9504,501.20,0.00,0.5714,28,38,38,6,27,9,168,4,1,19,1,0
3,16,26,OK,0.5280,0.5000,0.8876,269.50,230.50,0.4898,24,48,48,5,5,9,156,1,7,19,1,3
3,16,24,OK,0.4269,0.5625,0.8502,467.00,33.00,0.5510,27,48,48,5,5,9,156,2,5,19,2,4
3,16,28,OK,0.5362,0.9259,0.9197,280.00,220.00,0.5102,25,27,27,5,5,9,120,2,4,19,1,5
3,16,34,ALL-DEAD,0.1102,0.0000,0.0000,333.00,167.00,0.0000,0,37,37,5,30,4,120,2,8,19,3,6
3,16,31,OK,0.2319,0.0417,0.6340,298.00,202.00,0.0408,2,48,48,5,5,9,120,4,5,19,1,1
3,16,30,OK,0.5192,0.4792,0.9484,277.00,223.00,0.4694,23,48,48,5,5,9,156,2,4,19,1,6
3,16,27,OK,0.6309,0.7500,0.9166,323.00,177.00,0.7347,36,48,48,7,10,9,156,4,7,19,1,9
3,16,36,OVER-BUDGET,0.0000,0.1250,0.6416,501.50,0.00,0.1224,6,48,48,7,5,6,108,4,7,19,4,9
3,16,32,OK,0.6150,0.8718,0.9304,315.50,184.50,0.6939,34,39,39,7,10,9,156,3,4,19,1,9
3,16,33,ALL-DEAD,0.1284,0.0000,0.0000,305.40,194.60,0.0000,0,48,48,9,12,9,96,2,7,19,1,9
3,16,39,OK,0.2710,0.1000,0.9795,284.50,215.50,0.0204,1,10,10,5,5,0,96,2,4,19,1,6
3,16,41,OVER-BUDGET,0.0000,0.4167,0.7134,501.00,0.00,0.4082,20,48,48,7,10,0,48,1,9,7,1,9
3,16,37,OK,0.4817,0.5208,0.8465,349.30,150.70,0.5102,25,48,48,7,6,9,72,2,9,14,1,6
3,16,40,OK,0.3771,0.3043,0.6892,292.00,208.00,0.2857,14,46,46,5,5,9,156,4,6,19,1,1
3,16,35,OK,0.6272,0.7292,0.9565,318.90,181.10,0.7143,35,48,48,5,6,9,144,1,7,16,1,0
3,16,38,OVER-BUDGET,0.0000,1.0000,0.9767,501.15,0.00,0.3878,19,19,19,5,27,9,156,2,8,19,3,6
3,16,43,OVER-BUDGET,0.0000,0.2708,0.7616,500.25,0.00,0.2653,13,48,48,5,5,1,156,2,5,19,3,0
3,16,42,OVER-BUDGET,0.0000,0.6250,0.9072,502.50,0.00,0.6122,30,48,48,5,10,9,156,2,5,19,4,4
3,16,45,ALL-DEAD,0.1447,0.0000,0.0000,280.75,219.25,0.0000,0,28,28,4,25,0,156,4,4,20,1,9
3,16,47,OVER-BUDGET,0.0000,0.7917,0.9483,500.25,0.00,0.7755,38,48,48,5,5,9,24,2,4,17,4,6
3,16,44,OK,0.5155,0.7941,0.9785,356.00,144.00,0.5510,27,34,34,9,17,9,72,2,7,19,1,9
3,16,48,OK,0.4180,0.3542,0.7491,292.00,208.00,0.3469,17,48,48,5,5,9,156,4,1,19,1,6
3,16,49,OK,0.4316,0.3333,0.9722,295.00,205.00,0.3265,16,48,48,4,5,9,156,2,5,19,1,4
3,16,46,OK,0.1266,0.0833,0.5661,479.20,20.80,0.0816,4,48,48,5,18,9,36,1,5,19,1,0
3,17,6,OK,0.5896,0.6444,0.8424,253.00,247.00,0.5918,29,45,45,9,6,9,156,2,4,19,1,9
3,17,7,OK,0.5191,0.6757,0.8397,291.40,208.60,0.5102,25,37,37,5,6,9,156,2,8,19,1,9
3,17,2,OK,0.5691,0.5625,0.9489,269.50,230.50,0.5510,27,48,48,5,5,9,156,1,4,19,1,0
3,17,1,OK,0.5392,0.5833,0.8779,318.90,181.10,0.5714,28,48,48,5,6,9,144,1,7,16,1,0
3,17,5,OK,0.6237,0.6875,0.9395,287.00,213.00,0.6735,33,48,48,5,5,9,156,2,5,18,1,9
3,17,4,OK,0.6394,0.7083,0.9212,277.00,223.00,0.6939,34,48,48,5,5,9,156,2,7,19,1,9
3,17,10,ALL-DEAD,0.2653,0.0000,0.0000,98.00,402.00,0.0000,0,48,48,8,10,1,156,2,7,19,1,6
3,17,3,OK,0.5958,0.8205,0.9573,315.50,184.50,0.6531,32,39,39,7,10,9,156,3,4,19,1,9
3,17,13,OVER-BUDGET,0.0000,1.0000,0.9663,500.50,0.00,0.4286,21,21,21,7,10,9,156,1,0,1,3,2
3,17,0,OK,0.6456,0.7708,0.9453,323.00,177.00,0.7551,37,48,48,7,10,9,156,4,7,19,1,9
3,17,9,OK,0.5145,0.8519,0.9264,280.00,220.00,0.4694,23,27,27,5,5,9,120,2,4,19,1,5
3,17,17,ALL-DEAD,0.1518,0.0000,0.0000,270.00,230.00,0.0000,0,48,48,5,19,5,84,1,7,16,2,0
3,17,18,OVER-BUDGET,0.0000,0.9574,0.9523,501.90,0.00,0.9184,45,47,47,7,16,9,156,3,8,1,1,0
3,17,12,OVER-BUDGET,0.0000,0.4375,0.8075,501.00,0.00,0.4286,21,48,48,11,10,9,108,4,4,19,3,9
3,17,11,OK,0.4144,0.6957,0.9831,323.00,177.00,0.3265,16,23,23,7,10,9,156,4,7,19,1,4
3,17,15,OK,0.3161,0.1795,0.5946,248.25,251.75,0.1429,7,39,39,7,5,9,168,1,4,19,1,0
3,17,14,OK,0.3818,0.7895,0.8458,330.40,169.60,0.3061,15,19,19,5,6,9,84,4,1,19,1,6
3,17,8,OK,0.5116,0.5417,0.8579,323.00,177.00,0.5306,26,48,48,7,10,9,156,4,7,19,1,9
3,17,16,OK,0.5387,0.8387,0.9136,292.00,208.00,0.5306,26,31,31,10,10,9,156,4,7,19,1,9
3,17,25,ALL-DEAD,0.0220,0.0000,0.0000,466.60,33.40,0.0000,0,48,48,7,6,3,156,2,7,16,4,9
3,17,23,ALL-DEAD,0.0355,0.0000,0.0000,446.25,53.75,0.0000,0,48,48,7,10,3,168,1,4,19,4,0
3,17,27,ALL-DEAD,0.2313,0.0000,0.0000,149.50,350.50,0.0000,0,48,48,7,10,1,156,4,6,19,1,5
3,17,21,OVER-BUDGET,0.0000,0.7917,0.9564,502.50,0.00,0.7755,38,48,48,7,10,9,48,3,4,7,1,9
3,17,19,OK,0.1169,0.0208,0.5170,433.90,66.10,0.0204,1,48,48,5,6,9,24,3,7,17,1,0
3,17,20,OK,0.5457,0.5833,0.9320,318.90,181.10,0.5714,28,48,48,5,6,9,144,1,7,16,1,7
3,17,24,OK,0.4437,0.7059,0.9832,414.60,85.40,0.4898,24,34,34,7,17,9,120,3,4,17,1,0
3,17,29,ALL-DEAD,0.1133,0.0000,0.0000,328.40,171.60,0.0000,0,48,48,8,18,6,156,4,9,16,1,9
3,17,31,ALL-DEAD,0.1955,0.0000,0.0000,203.80,296.20,0.0000,0,48,48,7,26,6,156,4,9,19,1,6
3,17,28,OK,0.3714,0.4792,0.8447,482.00,18.00,0.4694,23,48,48,10,10,9,156,4,7,19,2,6
3,17,34,OK,0.4025,0.4800,0.9121,260.00,240.00,0.2449,12,25,25,9,5,8,156,4,7,19,1,9
3,17,22,OVER-BUDGET,0.0000,0.7917,0.9363,500.25,0.00,0.7755,38,48,48,5,29,9,156,4,2,16,1,0
3,17,35,ALL-DEAD,0.0652,0.0000,0.0000,401.25,98.75,0.0000,0,48,48,7,25,6,36,4,7,5,1,9
3,17,33,ALL-DEAD,0.1556,0.0000,0.0000,264.25,235.75,0.0000,0,48,48,2,10,0,156,3,4,19,1,3
3,17,30,OVER-BUDGET,0.0000,1.0000,0.9808,500.50,0.00,0.5102,25,25,25,7,10,9,156,4,7,19,2,9
3,17,26,OVER-BUDGET,0.0000,0.6786,0.9947,501.50,0.00,0.3878,19,28,28,5,30,9,144,1,0,16,1,0
3,17,32,OK,0.4552,1.0000,0.9873,364.00,136.00,0.4490,22,22,22,5,10,9,156,4,4,19,1,9
3,17,42,ALL-DEAD,0.2417,0.0000,0.0000,133.75,366.25,0.0000,0,36,36,9,5,3,36,1,4,19,1,1
3,17,43,OVER-BUDGET,0.0000,0.8750,0.6859,501.50,0.00,0.8571,42,48,48,5,5,6,144,1,4,1,1,0
3,17,39,ALL-DEAD,0.0653,0.0000,0.0000,401.10,98.90,0.0000,0,48,48,10,6,4,108,3,5,16,3,5
3,17,36,OVER-BUDGET,0.0000,0.7500,0.9192,500.50,0.00,0.7347,36,48,48,7,10,9,156,4,7,19,4,6
3,17,37,OK,0.3532,0.8333,0.9930,315.50,184.50,0.2041,10,12,12,7,10,9,156,3,1,19,1,4
3,17,47,ALL-DEAD,0.0243,0.0000,0.0000,463.25,36.75,0.0000,0,11,11,5,10,6,144,3,7,19,4,5
3,17,44,ALL-DEAD,0.1815,0.0000,0.0000,224.95,275.05,0.0000,0,48,48,4,13,4,60,1,7,19,2,2
3,17,45,ALL-DEAD,0.1379,0.0000,0.0000,291.00,209.00,0.0000,0,48,48,7,10,7,156,4,7,19,2,9
3,17,48,OVER-BUDGET,0.0000,0.8333,0.8576,501.50,0.00,0.8163,40,48,48,5,5,9,72,1,8,5,2,0
3,17,40,OVER-BUDGET,0.0000,0.6087,0.9108,502.00,0.00,0.5714,28,46,46,5,6,9,144,1,1,8,1,1
3,17,41,OK,0.5896,0.7500,0.8971,382.00,118.00,0.7347,36,48,48,7,10,9,60,3,4,16,1,9
3,17,38,OVER-BUDGET,0.0000,0.4884,0.9052,500.30,0.00,0.4286,21,43,43,2,11,9,60,1,1,16,1,2
3,17,46,OVER-BUDGET,0.0000,0.7292,0.9310,500.05,0.00,0.7143,35,48,48,7,13,9,156,4,7,8,1,9
3,17,49,OVER-BUDGET,0.0000,0.5897,0.9438,502.00,0.00,0.4694,23,39,39,7,10,9,144,3,7,19,2,9
3,18,4,OK,0.5257,0.5111,0.8708,253.00,247.00,0.4694,23,45,45,9,6,9,156,2,4,19,1,9
3,18,7,ALL-DEAD,0.1377,0.0000,0.0000,291.40,208.60,0.0000,0,48,48,5,6,9,144,1,7,16,1,7
3,18,1,OK,0.5032,0.4792,0.8152,277.00,223.00,0.4694,23,48,48,5,5,9,156,2,7,19,1,9
3,18,6,OK,0.5253,0.5208,0.7712,269.50,230.50,0.5102,25,48,48,5,5,9,156,1,4,19,1,0
3,18,2,OK,0.6327,0.7083,0.9203,287.00,213.00,0.6939,34,48,48,5,5,9,156,2,5,18,1,9
3,18,3,OK,0.5474,0.7179,0.9276,315.50,184.50,0.5714,28,39,39,7,10,9,156,3,4,19,1,9
3,18,0,OK,0.4091,0.3542,0.8456,323.00,177.00,0.3469,17,48,48,7,10,9,156,4,7,19,1,9
3,18,5,OK,0.5901,0.7500,0.9012,382.00,118.00,0.7347,36,48,48,7,10,9,60,3,4,16,1,9
3,18,10,OVER-BUDGET,0.0000,0.7568,0.8946,501.30,0.00,0.5714,28,37,37,7,11,9,120,1,6,9,2,3
3,18,8,OK,0.5596,0.6042,0.9544,318.90,181.10,0.5918,29,48,48,5,6,9,144,1,7,16,1,0
3,18,13,OK,0.4921,0.4167,0.8885,256.00,244.00,0.4082,20,48,48,10,5,9,156,4,9,19,1,0
3,18,9,OK,0.5998,1.0000,0.9550,292.00,208.00,0.6327,31,31,31,10,10,9,156,4,7,19,1,9
3,18,11,OK,0.5982,0.7949,0.8993,284.30,215.70,0.6327,31,39,39,7,6,9,156,3,4,18,1,9
3,18,12,OK,0.2465,0.1458,0.5960,354.00,146.00,0.1429,7,48,48,10,10,9,108,4,7,15,1,9
3,18,17,ALL-DEAD,0.1624,0.0000,0.0000,254.00,246.00,0.0000,0,48,48,7,10,4,156,2,5,12,1,9
3,18,14,OK,0.4797,0.4792,0.8296,315.15,184.85,0.4694,23,48,48,11,13,9,156,4,7,18,1,9
3,18,15,OVER-BUDGET,0.0000,0.8205,0.8891,500.50,0.00,0.6531,32,39,39,1,10,9,156,4,8,19,3,6
3,18,19,OK,0.2772,0.3333,0.6323,450.00,50.00,0.3061,15,45,45,12,5,9,36,4,9,12,1,9
3,18,18,OK,0.2016,0.0417,0.5026,320.00,180.00,0.0408,2,48,48,4,5,6,156,4,7,18,1,4
3,18,21,OVER-BUDGET,0.0000,0.9444,0.9746,500.10,0.00,0.3469,17,18,18,7,24,9,156,4,7,4,1,9
3,18,23,OVER-BUDGET,0.0000,1.0000,0.9594,502.50,0.00,0.3673,18,18,18,10,10,9,156,4,7,19,4,9
3,18,20,OK,0.6445,0.7083,0.8984,265.00,235.00,0.6939,34,48,48,12,10,9,156,2,7,19,1,9
3,18,16,OK,0.6023,0.7917,0.9151,400.00,100.00,0.7755,38,48,48,2,5,9,144,4,4,19,1,9
3,18,24,OK,0.4660,0.4773,0.6955,277.50,222.50,0.4286,21,44,44,9,10,9,144,1,9,19,1,9
3,18,30,OVER-BUDGET,0.0000,0.8542,0.9492,502.50,0.00,0.8367,41,48,48,5,10,9,120,1,4,2,1,9
3,18,25,OVER-BUDGET,0.0000,0.8974,0.9609,500.50,0.00,0.7143,35,39,39,3,10,9,108,3,7,12,2,3
3,18,22,OK,0.5591,0.9167,0.8876,375.50,124.50,0.6735,33,36,36,5,10,9,108,3,7,18,1,9
3,18,29,OVER-BUDGET,0.0000,0.5000,0.8879,502.50,0.00,0.2245,11,22,22,11,5,9,24,2,2,19,2,3
3,18,34,OVER-BUDGET,0.0000,0.1667,0.6856,502.00,0.00,0.1633,8,48,48,8,5,2,168,1,4,6,3,9
3,18,26,OK,0.4769,0.8485,0.9232,421.40,78.60,0.5714,28,33,33,7,13,9,156,4,3,14,1,9
3,18,31,OVER-BUDGET,0.0000,0.6667,0.9020,501.75,0.00,0.4490,22,33,33,7,5,9,156,2,9,18,3,9
3,18,33,OVER-BUDGET,0.0000,0.8958,0.9589,501.30,0.00,0.8776,43,48,48,7,14,9,156,4,7,14,3,4
3,18,27,OK,0.5242,0.6458,0.8250,382.90,117.10,0.6327,31,48,48,7,18,9,156,1,5,19,1,9
3,18,40,ALL-DEAD,0.2676,0.0000,0.0000,94.50,405.50,0.0000,0,16,16,5,5,4,156,2,7,12,1,9
3,18,35,OK,0.6138,0.6667,0.8954,277.00,223.00,0.6531,32,48,48,5,5,9,156,2,9,19,1,9
3,18,38,OK,0.4539,0.3333,0.8435,237.75,262.25,0.3265,16,48,48,11,5,9,156,2,7,19,1,9
3,18,37,OK,0.4156,0.3947,0.8506,280.00,220.00,0.3061,15,38,38,12,10,9,156,4,4,19,1,4
3,18,32,OK,0.4268,0.4286,0.8444,364.00,136.00,0.4286,21,49,49,5,10,9,156,4,7,19,1,9
3,18,28,OVER-BUDGET,0.0000,0.0625,0.8369,502.30,0.00,0.0612,3,48,48,7,24,9,48,3,7,19,1,3
3,18,46,ALL-DEAD,0.2163,0.0000,0.0000,172.30,327.70,0.0000,0,45,45,7,21,0,36,2,7,19,1,1
3,18,41,ALL-DEAD,0.0721,0.0000,0.0000,390.75,109.25,0.0000,0,48,48,4,5,3,156,1,5,12,1,9
3,18,36,OK,0.3276,0.3125,0.7662,398.00,102.00,0.3061,15,48,48,3,7,9,156,4,5,18,1,1
3,18,42,OVER-BUDGET,0.0000,0.7292,0.9219,500.25,0.00,0.7143,35,48,48,5,5,9,156,2,9,19,3,9
3,18,48,ALL-DEAD,0.0185,0.0000,0.0000,472.00,28.00,0.0000,0,45,45,9,10,4,156,2,0,19,3,9
3,18,45,OVER-BUDGET,0.0000,0.2564,0.8769,501.00,0.00,0.2041,10,39,39,7,25,9,156,4,0,9,1,7
3,18,44,OVER-BUDGET,0.0000,0.9375,0.9389,502.10,0.00,0.9184,45,48,48,5,18,9,156,2,7,8,1,9
3,18,39,OVER-BUDGET,0.0000,0.7083,0.9388,500.75,0.00,0.6939,34,48,48,5,19,9,156,2,7,13,1,9
3,18,43,OK,0.2674,1.0000,0.9865,444.25,55.75,0.2041,10,10,10,8,26,9,168,3,9,19,1,9
3,18,49,OK,0.4782,0.5417,0.9339,387.50,112.50,0.5306,26,48,48,7,10,9,60,4,7,17,1,4
3,18,47,OK,0.0888,0.0256,0.3443,445.00,55.00,0.0204,1,39,39,9,30,9,156,2,2,19,1,9
3,19,4,OK,0.2727,0.1613,0.6609,292.00,208.00,0.1020,5,31,31,10,10,9,156,4,7,19,1,9
3,19,0,OK,0.5861,0.6042,0.8793,265.00,235.00,0.5918,29,48,48,12,10,9,156,2,7,19,1,9
3,19,2,OK,0.5598,0.5625,0.9127,277.00,223.00,0.5510,27,48,48,5,5,9,156,2,9,19,1,9
3,19,5,OK,0.5937,0.7949,0.8612,284.30,215.70,0.6327,31,39,39,7,6,9,156,3,4,18,1,9
3,19,7,OK,0.4574,0.4792,0.6639,318.90,181.10,0.4694,23,48,48,5,6,9,144,1,7,16,1,0
3,19,1,OK,0.5258,0.5833,0.5908,287.00,213.00,0.5714,28,48,48,5,5,9,156,2,5,18,1,9
3,19,6,OK,0.5247,0.6250,0.9173,382.00,118.00,0.6122,30,48,48,7,10,9,60,3,4,16,1,9
3,19,3,ALL-DEAD,0.0969,0.0000,0.0000,353.25,146.75,0.0000,0,48,48,2,5,9,144,4,4,19,1,9
3,19,14,ALL-DEAD,0.2162,0.0000,0.0000,172.50,327.50,0.0000,0,48,48,12,5,6,156,2,8,19,1,9
3,19,11,OK,0.4211,0.3125,0.7313,250.00,250.00,0.3061,15,48,48,12,5,9,144,4,7,19,1,9
3,19,10,OVER-BUDGET,0.0000,0.7500,0.9057,501.00,0.00,0.7347,36,48,48,12,10,9,156,2,7,12,3,9
3,19,12,OVER-BUDGET,0.0000,0.3333,0.8738,501.50,0.00,0.3265,16,48,48,12,20,0,156,4,7,19,3,9
3,19,15,OVER-BUDGET,0.0000,0.6458,0.8813,502.50,0.00,0.6327,31,48,48,11,10,9,24,4,5,19,4,9
3,19,9,OK,0.4354,0.5385,0.6492,315.50,184.50,0.4286,21,39,39,7,10,9,156,3,4,19,1,9
3,19,8,OK,0.5026,0.7500,0.9782,375.50,124.50,0.5510,27,36,36,5,10,9,108,3,7,18,1,9
3,19,18,ALL-DEAD,0.1179,0.0000,0.0000,321.30,178.70,0.0000,0,48,48,12,23,7,156,3,1,14,1,0
3,19,19,ALL-DEAD,0.0248,0.0000,0.0000,462.50,37.50,0.0000,0,31,31,12,10,2,132,4,7,14,2,3
3,19,16,OK,0.5130,0.5349,0.8684,271.80,228.20,0.4694,23,43,43,11,6,9,156,1,1,16,1,9
3,19,21,ALL-DEAD,0.2008,0.0000,0.0000,195.70,304.30,0.0000,0,21,21,12,28,1,156,2,7,19,1,9
3,19,17,OK,0.3355,0.2500,0.5845,302.00,198.00,0.2449,12,48,48,5,5,9,156,4,7,18,1,9
3,19,20,ALL-DEAD,0.0858,0.0000,0.0000,370.00,130.00,0.0000,0,48,48,2,5,9,72,4,4,19,1,9
3,19,22,OK,0.5369,0.6154,0.8926,257.00,243.00,0.4898,24,39,39,9,6,9,120,1,4,18,1,9
3,19,13,OVER-BUDGET,0.0000,0.6667,0.7942,500.75,0.00,0.6531,32,48,48,7,25,9,24,3,4,19,1,9
3,19,25,OK,0.4897,0.7407,0.9398,269.00,231.00,0.4082,20,27,27,11,10,9,84,1,7,19,1,9
3,19,27,OVER-BUDGET,0.0000,0.6875,0.9282,501.00,0.00,0.6735,33,48,48,5,5,9,156,2,9,19,4,9
3,19,28,OK,0.3161,0.6800,0.9613,485.00,15.00,0.3469,17,25,25,8,10,8,156,2,5,19,2,9
3,19,32,ALL-DEAD,0.1837,0.0000,0.0000,221.70,278.30,0.0000,0,48,48,2,9,6,156,1,7,6,1,9
3,19,30,OVER-BUDGET,0.0000,0.6875,0.9127,502.25,0.00,0.6735,33,48,48,6,5,9,156,2,7,19,4,9
3,19,23,OK,0.5928,0.8947,0.9153,346.50,153.50,0.6939,34,38,38,5,10,9,96,2,7,20,1,9
3,19,26,OK,0.6292,0.6875,0.9302,277.00,223.00,0.6735,33,48,48,5,5,9,156,2,9,19,1,9
3,19,24,OK,0.4343,0.4583,0.8137,364.00,136.00,0.4490,22,48,48,7,10,9,60,2,4,16,1,9
3,19,29,OVER-BUDGET,0.0000,0.5417,0.9015,501.25,0.00,0.5306,26,48,48,5,15,9,156,2,9,19,4,8
3,19,31,OVER-BUDGET,0.0000,0.9167,0.8470,501.50,0.00,0.8980,44,48,48,7,11,9,156,3,4,17,4,9
3,19,34,OK,0.3550,0.2083,0.7858,275.00,225.00,0.2041,10,48,48,12,10,0,156,2,7,18,1,9
3,19,40,ALL-DEAD,0.2170,0.0000,0.0000,171.15,328.85,0.0000,0,48,48,5,17,2,156,2,5,19,1,9
3,19,36,OK,0.4350,0.3125,0.8208,245.25,254.75,0.3061,15,48,48,11,5,9,156,3,8,19,1,3
3,19,37,OVER-BUDGET,0.0000,0.8958,0.9108,500.75,0.00,0.8776,43,48,48,2,5,9,24,2,7,4,1,9
3,19,35,OK,0.2260,0.1042,0.4882,331.40,168.60,0.1020,5,48,48,11,18,0,168,2,5,18,1,9
3,19,33,OK,0.2521,0.0208,0.7810,277.00,223.00,0.0204,1,48,48,5,5,9,156,2,5,19,1,9
3,19,43,OVER-BUDGET,0.0000,0.0476,0.0957,502.00,0.00,0.0204,1,21,21,12,5,5,156,4,9,8,1,9
3,19,41,OVER-BUDGET,0.0000,0.6875,0.8799,501.00,0.00,0.6735,33,48,48,12,10,9,156,2,0,19,3,9
3,19,39,OK,0.4035,0.4615,0.6370,310.50,189.50,0.3673,18,39,39,7,10,9,156,1,0,18,1,9
3,19,47,ALL-DEAD,0.1462,0.0000,0.0000,278.50,221.50,0.0000,0,48,48,12,15,7,156,2,2,9,1,8
3,19,46,ALL-DEAD,0.1934,0.0000,0.0000,207.00,293.00,0.0000,0,48,48,5,5,9,156,2,2,19,1,7
3,19,38,OK,0.4377,0.6316,0.9657,420.60,79.40,0.4898,24,38,38,10,23,9,156,2,7,15,1,4
3,19,48,OVER-BUDGET,0.0000,0.3333,0.7398,502.00,0.00,0.3265,16,48,48,12,5,9,156,3,1,19,4,4
3,19,42,OK,0.6588,0.7500,0.9102,279.50,220.50,0.7347,36,48,48,5,5,9,156,1,6,18,1,9
3,19,49,OVER-BUDGET,0.0000,0.4565,0.9863,501.75,0.00,0.4286,21,46,46,5,5,0,144,2,9,18,3,5
3,19,45,OK,0.4303,0.5833,0.9366,494.50,5.50,0.5714,28,48,48,5,5,9,156,3,5,18,2,1
3,19,44,OVER-BUDGET,0.0000,0.7917,0.8476,500.95,0.00,0.7755,38,48,48,5,21,9,132,2,4,18,2,9
3,20,5,ALL-DEAD,0.2025,0.0000,0.0000,193.25,306.75,0.0000,0,48,48,5,5,9,156,2,9,19,1,9
3,20,4,OK,0.2774,0.0417,0.8323,265.00,235.00,0.0408,2,48,48,12,10,9,156,2,7,19,1,9
3,20,6,OK,0.5147,0.5641,0.8949,257.00,243.00,0.4490,22,39,39,9,6,9,120,1,4,18,1,9
3,20,2,OK,0.5729,0.7436,0.8752,284.30,215.70,0.5918,29,39,39,7,6,9,156,3,4,18,1,9
3,20,1,OK,0.5856,0.6042,0.9408,277.00,223.00,0.5918,29,48,48,5,5,9,156,2,9,19,1,9
3,20,0,OK,0.5641,0.5833,0.8690,279.50,220.50,0.5714,28,48,48,5,5,9,156,1,6,18,1,9
3,20,10,OVER-BUDGET,0.0000,0.0625,0.4022,502.25,0.00,0.0612,3,48,48,5,5,1,60,1,6,13,3,9
3,20,7,OK,0.5858,0.6250,0.9039,287.00,213.00,0.6122,30,48,48,5,5,9,156,2,5,18,1,9
3,20,12,ALL-DEAD,0.2551,0.0000,0.0000,113.50,386.50,0.0000,0,48,48,8,10,1,156,1,3,19,1,6
3,20,9,OK,0.4629,0.4186,0.9188,271.80,228.20,0.3673,18,43,43,11,6,9,156,1,1,16,1,9
3,20,3,OK,0.5549,0.7895,0.9735,346.50,153.50,0.6122,30,38,38,5,10,9,96,2,7,20,1,9
3,20,17,ALL-DEAD,0.0959,0.0000,0.0000,354.75,145.25,0.0000,0,39,39,12,6,7,120,1,7,18,3,3
3,20,15,ALL-DEAD,0.1736,0.0000,0.0000,237.00,263.00,0.0000,0,41,41,1,5,8,156,2,6,16,1,9
3,20,8,OK,0.2620,0.1667,0.7858,382.00,118.00,0.1633,8,48,48,7,10,9,60,3,4,16,1,9
3,20,21,OVER-BUDGET,0.0000,0.9583,0.9283,501.50,0.00,0.9388,46,48,48,5,5,9,168,1,6,2,3,9
3,20,13,OK,0.6258,0.6875,0.9154,279.50,220.50,0.6735,33,48,48,5,5,9,156,1,9,18,1,9
3,20,20,OK,0.2871,0.4167,0.9347,405.00,95.00,0.2041,10,24,24,12,5,9,156,2,7,20,2,9
3,20,23,ALL-DEAD,0.1957,0.0000,0.0000,203.50,296.50,0.0000,0,14,14,5,10,5,156,2,6,9,1,9
3,20,19,ALL-DEAD,0.1680,0.0000,0.0000,245.50,254.50,0.0000,0,48,48,7,5,9,156,1,6,18,1,9
3,20,11,OK,0.4356,0.4583,0.7970,359.00,141.00,0.4490,22,48,48,5,10,9,156,2,7,18,1,9
3,20,18,OVER-BUDGET,0.0000,0.8913,0.9289,502.85,0.00,0.8367,41,46,46,4,11,9,144,4,9,6,1,9
3,20,16,ALL-DEAD,0.0613,0.0000,0.0000,407.10,92.90,0.0000,0,48,48,1,6,9,96,2,1,16,1,9
3,20,22,OK,0.3855,0.3590,0.7662,293.30,206.70,0.2857,14,39,39,7,6,9,108,3,4,18,1,4
3,20,25,OVER-BUDGET,0.0000,0.0208,0.3530,501.25,0.00,0.0204,1,48,48,5,5,3,156,2,9,2,1,9
3,20,28,ALL-DEAD,0.2140,0.0000,0.0000,175.80,324.20,0.0000,0,28,28,12,19,7,156,2,2,18,1,9
3,20,29,ALL-DEAD,0.2122,0.0000,0.0000,178.50,321.50,0.0000,0,32,32,5,5,4,156,2,6,16,3,9
3,20,27,OVER-BUDGET,0.0000,0.6042,0.7869,500.50,0.00,0.5918,29,48,48,10,5,9,36,2,6,3,1,9
3,20,31,OVER-BUDGET,0.0000,0.9487,0.8875,501.70,0.00,0.7551,37,39,39,7,6,9,60,2,8,4,2,6
3,20,14,OK,0.5726,0.7083,0.9356,380.75,119.25,0.6939,34,48,48,9,23,9,168,1,4,19,1,9
3,20,26,OK,0.4440,0.3125,0.9248,250.50,249.50,0.3061,15,48,48,9,5,9,108,1,8,18,1,3
3,20,32,OK,0.4649,0.7273,0.9202,235.00,265.00,0.3265,16,22,22,12,5,9,156,2,3,19,1,9
3,20,33,OK,0.5393,0.6410,0.9282,276.80,223.20,0.5102,25,39,39,7,6,0,156,2,4,18,1,9
3,20,24,OK,0.6401,0.7292,0.8995,289.00,211.00,0.7143,35,48,48,5,5,9,168,4,1,19,1,9
3,20,30,OK,0.5589,0.6042,0.8935,308.90,191.10,0.5918,29,48,48,5,6,9,156,3,9,18,1,9
3,20,39,OVER-BUDGET,0.0000,1.0000,0.9888,500.75,0.00,0.7959,39,39,39,5,28,9,156,1,5,2,1,9
3,20,34,OVER-BUDGET,0.0000,0.7292,0.8772,502.00,0.00,0.7143,35,48,48,11,10,9,156,1,6,19,3,9
3,20,40,ALL-DEAD,0.2067,0.0000,0.0000,186.75,313.25,0.0000,0,48,48,5,10,1,156,3,6,17,1,9
3,20,41,OVER-BUDGET,0.0000,0.9375,0.9524,500.45,0.00,0.9184,45,48,48,5,11,9,156,1,5,1,1,9
3,20,44,ALL-DEAD,0.1759,0.0000,0.0000,233.50,266.50,0.0000,0,17,17,5,6,3,96,4,7,18,2,8
3,20,37,OK,0.5359,0.5625,0.7136,277.00,223.00,0.5510,27,48,48,5,5,9,156,2,2,19,1,9
3,20,42,ALL-DEAD,0.2097,0.0000,0.0000,182.20,317.80,0.0000,0,48,48,4,9,3,156,4,6,18,1,9
3,20,35,OK,0.3606,0.7143,0.9820,387.30,112.70,0.3061,15,21,21,7,16,9,156,3,4,18,1,8
3,20,46,ALL-DEAD,0.1956,0.0000,0.0000,203.60,296.40,0.0000,0,39,39,7,6,6,156,2,9,18,1,1
3,20,45,OVER-BUDGET,0.0000,0.8974,0.9831,502.10,0.00,0.7143,35,39,39,5,11,9,72,3,9,7,2,8
3,20,48,ALL-DEAD,0.2051,0.0000,0.0000,189.20,310.80,0.0000,0,34,34,5,26,8,156,2,9,19,1,5
3,20,36,OK,0.3662,0.6552,0.7661,407.60,92.40,0.3878,19,29,29,7,17,9,156,1,6,16,1,5
3,20,43,OK,0.2697,0.0625,0.7540,279.50,220.50,0.0612,3,48,48,5,5,9,156,1,6,18,1,9
3,20,49,OK,0.4832,0.5897,0.8590,315.20,184.80,0.4694,23,39,39,7,9,9,156,3,0,18,1,9
3,20,47,OVER-BUDGET,0.0000,1.0000,0.9431,503.05,0.00,0.3265,16,16,16,6,21,9,156,2,9,9,1,9
3,20,38,OVER-BUDGET,0.0000,0.0208,0.7711,500.85,0.00,0.0204,1,48,48,5,22,9,156,1,4,19,1,0
3,21,2,OK,0.4526,0.4167,0.7293,287.00,213.00,0.4082,20,48,48,5,5,9,156,2,5,18,1,9
3,21,1,ALL-DEAD,0.1576,0.0000,0.0000,261.25,238.75,0.0000,0,48,48,5,5,9,156,1,9,18,1,9
3,21,4,OK,0.6330,0.8718,0.9086,284.30,215.70,0.6939,34,39,39,7,6,9,156,3,4,18,1,9
3,21,0,OK,0.5978,0.6458,0.9217,289.00,211.00,0.6327,31,48,48,5,5,9,168,4,1,19,1,9
3,21,3,OK,0.6373,0.7083,0.9039,277.00,223.00,0.6939,34,48,48,5,5,9,156,2,9,19,1,9
3,21,6,OK,0.6488,0.7292,0.9198,279.50,220.50,0.7143,35,48,48,5,5,9,156,1,6,18,1,9
3,21,13,ALL-DEAD,0.2488,0.0000,0.0000,123.00,377.00,0.0000,0,48,48,5,5,2,24,4,1,19,1,9
3,21,9,ALL-DEAD,0.2003,0.0000,0.0000,196.50,303.50,0.0000,0,39,39,7,6,0,156,2,4,18,1,9
3,21,7,OK,0.6886,0.8333,0.9456,308.90,191.10,0.8163,40,48,48,5,6,9,156,3,9,18,1,9
3,21,10,ALL-DEAD,0.1987,0.0000,0.0000,199.00,301.00,0.0000,0,48,48,5,5,9,156,3,9,18,1,6
3,21,16,OVER-BUDGET,0.0000,1.0000,0.9876,502.40,0.00,0.9796,48,48,48,5,24,9,108,2,8,1,1,9
3,21,5,OK,0.3189,0.2917,0.6921,380.75,119.25,0.2857,14,48,48,9,23,9,168,1,4,19,1,9
3,21,14,OK,0.2878,0.2105,0.7522,268.75,231.25,0.0816,4,19,19,5,5,0,168,1,1,19,1,9
3,21,19,ALL-DEAD,0.2434,0.0000,0.0000,131.25,368.75,0.0000,0,48,48,5,5,4,84,3,6,19,1,9
3,21,12,OVER-BUDGET,0.0000,0.7500,0.9283,502.00,0.00,0.7347,36,48,48,5,5,9,168,4,9,19,3,9
3,21,15,OVER-BUDGET,0.0000,0.8974,0.9667,501.25,0.00,0.7143,35,39,39,8,25,9,156,2,5,16,4,8
3,21,18,OVER-BUDGET,0.0000,0.7917,0.8319,501.50,0.00,0.7755,38,48,48,5,5,9,156,2,9,3,1,9
3,21,8,OK,0.5252,0.7368,0.9137,346.50,153.50,0.5714,28,38,38,5,10,9,96,2,7,20,1,9
3,21,25,ALL-DEAD,0.0924,0.0000,0.0000,360.00,140.00,0.0000,0,15,15,5,5,5,132,4,5,10,1,6
3,21,23,OK,0.1913,0.0208,0.5219,322.00,178.00,0.0204,1,48,48,5,5,3,72,4,7,19,1,8
3,21,27,OVER-BUDGET,0.0000,0.8333,0.6751,500.50,0.00,0.6122,30,36,36,7,5,1,168,4,1,1,1,9
3,21,28,ALL-DEAD,0.2374,0.0000,0.0000,140.30,359.70,0.0000,0,24,24,5,12,1,156,2,5,18,1,1
3,21,20,OK,0.5329,0.5417,0.9169,301.40,198.60,0.5306,26,48,48,5,6,9,156,2,7,18,1,9
3,21,11,OVER-BUDGET,0.0000,0.5417,0.7244,501.50,0.00,0.5306,26,48,48,5,30,9,24,2,9,18,1,9
3,21,21,OK,0.4295,0.9048,0.9745,349.60,150.40,0.3878,19,21,21,5,9,9,156,4,1,19,1,9
3,21,24,ALL-DEAD,0.0566,0.0000,0.0000,414.25,85.75,0.0000,0,48,48,2,5,9,72,4,1,19,1,6
3,21,17,OK,0.3215,0.3333,0.8983,448.30,51.70,0.3265,16,48,48,5,17,9,168,2,6,19,1,0
3,21,30,OK,0.3964,0.3488,0.6571,274.00,226.00,0.3061,15,43,43,7,5,7,156,3,3,18,1,9
3,21,31,OVER-BUDGET,0.0000,0.1818,0.7682,500.25,0.00,0.1224,6,33,33,5,5,5,36,3,1,14,2,9
3,21,29,OK,0.3831,0.4792,0.8679,468.50,31.50,0.4694,23,48,48,10,5,9,156,1,9,17,2,9
3,21,26,OK,0.1971,0.4286,0.6801,427.00,73.00,0.1224,6,14,14,3,8,9,156,3,5,17,1,9
3,21,32,OK,0.5269,0.5208,0.8807,287.00,213.00,0.5102,25,48,48,5,5,9,156,2,1,18,1,9
3,21,36,OK,0.4696,0.9500,0.9189,278.75,221.25,0.3878,19,20,20,5,5,9,168,1,3,18,1,0
3,21,22,OVER-BUDGET,0.0000,0.0417,0.6090,500.65,0.00,0.0408,2,48,48,5,22,9,168,1,9,18,1,6
3,21,33,OK,0.5553,0.5625,0.8949,280.50,219.50,0.5510,27,48,48,11,10,9,156,2,9,18,1,9
3,21,40,ALL-DEAD,0.2047,0.0000,0.0000,189.90,310.10,0.0000,0,12,12,5,27,6,36,2,9,18,2,9
3,21,34,OK,0.6392,0.7083,0.9120,275.50,224.50,0.6939,34,48,48,5,5,9,168,2,1,19,1,9
3,21,39,ALL-DEAD,0.1662,0.0000,0.0000,248.25,251.75,0.0000,0,42,42,5,5,9,168,4,1,18,1,3
3,21,37,OVER-BUDGET,0.0000,0.8542,0.9060,500.25,0.00,0.8367,41,48,48,5,5,9,156,2,1,6,1,9
3,21,43,ALL-DEAD,0.1919,0.0000,0.0000,209.20,290.80,0.0000,0,48,48,5,8,0,168,3,1,19,1,9
3,21,46,ALL-DEAD,0.0646,0.0000,0.0000,402.10,97.90,0.0000,0,48,48,5,24,7,72,1,4,19,4,9
3,21,47,ALL-DEAD,0.0856,0.0000,0.0000,370.35,129.65,0.0000,0,48,48,8,23,3,156,2,1,8,1,9
3,21,35,OVER-BUDGET,0.0000,0.0208,0.4650,500.50,0.00,0.0204,1,48,48,5,30,9,156,4,5,18,1,9
3,21,48,ALL-DEAD,0.1205,0.0000,0.0000,317.50,182.50,0.0000,0,48,48,12,5,9,156,1,9,10,1,8
3,21,49,OVER-BUDGET,0.0000,0.8250,0.9231,500.25,0.00,0.6735,33,40,40,5,5,9,168,3,3,10,4,9
3,21,38,OK,0.2301,0.2500,0.7860,498.35,1.65,0.2449,12,48,48,5,19,9,132,3,8,18,1,9
3,21,45,OK,0.5584,0.8636,0.9561,474.00,26.00,0.7755,38,44,44,8,23,9,168,4,1,15,1,9
3,21,41,OK,0.6147,0.9167,0.9714,493.60,6.40,0.8980,44,48,48,5,19,9,144,4,1,19,1,9
3,21,44,OVER-BUDGET,0.0000,0.7708,0.9538,500.50,0.00,0.7551,37,48,48,5,20,9,72,4,5,18,1,9
3,21,42,OVER-BUDGET,0.0000,0.7647,0.8896,501.45,0.00,0.2653,13,17,17,5,23,9,168,4,1,19,1,9
3,22,1,OK,0.5043,0.4792,0.8383,279.50,220.50,0.4694,23,48,48,5,5,9,156,1,6,18,1,9
3,22,4,OK,0.5357,0.6667,0.8461,284.30,215.70,0.5306,26,39,39,7,6,9,156,3,4,18,1,9
3,22,2,OK,0.5713,0.5833,0.9070,275.50,224.50,0.5714,28,48,48,5,5,9,168,2,1,19,1,9
3,22,0,OK,0.4706,0.4375,0.9065,308.90,191.10,0.4286,21,48,48,5,6,9,156,3,9,18,1,9
3,22,3,OK,0.4761,0.4375,0.7766,277.00,223.00,0.4286,21,48,48,5,5,9,156,2,9,19,1,9
3,22,10,ALL-DEAD,0.2633,0.0000,0.0000,101.00,399.00,0.0000,0,48,48,9,5,2,120,2,1,19,1,6
3,22,6,OK,0.5471,0.5625,0.8733,289.00,211.00,0.5510,27,48,48,5,5,9,168,4,1,19,1,9
3,22,12,ALL-DEAD,0.0089,0.0000,0.0000,486.50,13.50,0.0000,0,49,49,5,5,4,144,4,1,9,2,9
3,22,13,OVER-BUDGET,0.0000,0.9167,0.9436,501.25,0.00,0.8980,44,48,48,5,17,9,156,1,6,8,3,1
3,22,14,ALL-DEAD,0.0488,0.0000,0.0000,426.00,74.00,0.0000,0,48,48,5,30,2,156,4,1,18,4,9
3,22,8,OK,0.5572,0.5625,0.9107,280.50,219.50,0.5510,27,48,48,11,10,9,156,2,9,18,1,9
3,22,7,OK,0.5244,0.7955,0.9531,474.00,26.00,0.7143,35,44,44,8,23,9,168,4,1,15,1,9
3,22,9,OK,0.6488,0.7500,0.9469,301.40,198.60,0.7347,36,48,48,5,6,9,156,2,7,18,1,9
3,22,5,OK,0.4513,0.6250,0.9197,493.60,6.40,0.6122,30,48,48,5,19,9,144,4,1,19,1,9
3,22,17,OVER-BUDGET,0.0000,0.7500,0.9349,501.90,0.00,0.7347,36,48,48,5,6,9,156,2,1,19,4,2
3,22,19,OVER-BUDGET,0.0000,0.5581,0.7631,501.50,0.00,0.4898,24,43,43,12,6,9,36,3,2,18,4,9
3,22,11,OK,0.4831,0.5833,0.9753,421.60,78.40,0.5714,28,48,48,5,14,9,156,4,1,19,1,6
3,22,23,ALL-DEAD,0.0115,0.0000,0.0000,482.55,17.45,0.0000,0,27,27,2,13,3,168,3,6,18,4,9
3,22,18,OK,0.3105,0.3864,0.5901,426.00,74.00,0.3469,17,44,44,8,11,9,168,4,1,12,1,9
3,22,20,OK,0.4744,0.4167,0.9692,297.65,202.35,0.4082,20,48,48,5,6,9,96,1,6,18,1,2
3,22,15,OVER-BUDGET,0.0000,0.8750,0.9400,501.00,0.00,0.8571,42,48,48,5,24,9,60,3,6,16,1,9
3,22,22,OK,0.5784,0.7083,0.9354,372.00,128.00,0.6939,34,48,48,5,5,9,156,3,6,13,1,9
3,22,26,OVER-BUDGET,0.0000,0.7917,0.9364,500.60,0.00,0.7755,38,48,48,5,6,9,156,3,9,18,4,7
3,22,29,ALL-DEAD,0.1643,0.0000,0.0000,251.10,248.90,0.0000,0,34,34,5,6,8,156,2,9,7,1,9
3,22,28,OK,0.3204,0.1224,0.8423,269.75,230.25,0.1224,6,49,49,8,5,6,132,3,0,18,1,5
3,22,25,OK,0.4364,0.3125,0.9659,269.50,230.50,0.3061,15,48,48,5,5,9,156,1,9,19,1,3
3,22,27,OVER-BUDGET,0.0000,1.0000,0.9849,502.60,0.00,0.2449,12,12,12,5,6,9,156,3,6,7,1,9
3,22,21,OK,0.5244,0.6875,0.8805,426.80,73.20,0.6735,33,48,48,5,12,9,60,3,9,18,1,9
3,22,16,OVER-BUDGET,0.0000,0.4792,0.8287,501.00,0.00,0.4694,23,48,48,5,30,9,168,2,9,19,1,9
3,22,30,OVER-BUDGET,0.0000,1.0000,0.9931,501.70,0.00,0.2857,14,14,14,4,6,9,156,4,9,11,4,7
3,22,32,OK,0.3205,0.3542,0.7698,443.50,56.50,0.3469,17,48,48,12,5,9,168,2,1,9,1,1
3,22,36,OVER-BUDGET,0.0000,0.6250,0.4146,500.85,0.00,0.6122,30,48,48,5,17,6,120,2,1,11,4,9
3,22,37,OVER-BUDGET,0.0000,0.8378,0.9613,502.05,0.00,0.6327,31,37,37,5,6,9,96,3,7,18,4,9
3,22,39,ALL-DEAD,0.2145,0.0000,0.0000,174.95,325.05,0.0000,0,48,48,5,7,1,144,4,9,18,3,8
3,22,24,OVER-BUDGET,0.0000,0.7500,0.8731,500.50,0.00,0.4898,24,32,32,5,30,9,132,4,1,19,1,0
3,22,38,OVER-BUDGET,0.0000,0.7857,0.9683,500.50,0.00,0.2245,11,14,14,10,5,9,168,3,1,19,4,1
3,22,41,ALL-DEAD,0.2288,0.0000,0.0000,153.35,346.65,0.0000,0,48,48,5,28,3,120,3,1,18,1,9
3,22,34,OK,0.4977,0.7073,0.9144,405.30,94.70,0.5918,29,41,41,5,7,9,168,4,9,13,1,0
3,22,35,OVER-BUDGET,0.0000,0.7429,0.9470,502.25,0.00,0.5306,26,35,35,10,25,9,156,1,6,16,2,9
3,22,43,OVER-BUDGET,0.0000,0.8462,0.9228,501.60,0.00,0.6735,33,39,39,7,6,9,156,2,4,18,4,9
3,22,31,OVER-BUDGET,0.0000,0.8958,0.9561,500.25,0.00,0.8776,43,48,48,5,25,9,144,3,7,18,1,9
3,22,40,OK,0.4243,0.4167,0.7694,337.10,162.90,0.4082,20,48,48,5,9,9,156,1,9,18,1,7
3,22,33,OK,0.2406,0.2500,0.8657,497.00,3.00,0.2449,12,48,48,5,20,9,120,1,6,18,1,2
3,22,47,ALL-DEAD,0.1941,0.0000,0.0000,205.85,294.15,0.0000,0,48,48,5,6,4,156,1,6,18,1,9
3,22,49,ALL-DEAD,0.1878,0.0000,0.0000,215.50,284.50,0.0000,0,48,48,5,5,3,60,1,6,18,3,9
3,22,42,OK,0.4409,0.6842,0.9097,439.50,60.50,0.5306,26,38,38,5,5,9,156,1,6,10,1,9
3,22,44,OVER-BUDGET,0.0000,0.6591,0.9491,501.20,0.00,0.5918,29,44,44,5,7,9,156,1,6,18,2,2
3,22,48,OK,0.5012,0.4792,0.9744,308.90,191.10,0.4694,23,48,48,5,6,9,156,3,9,18,1,3
3,22,45,OVER-BUDGET,0.0000,0.3958,0.9360,500.90,0.00,0.3878,19,48,48,5,29,9,156,2,1,19,1,4
3,22,46,OVER-BUDGET,0.0000,0.5161,0.9201,500.85,0.00,0.3265,16,31,31,3,27,9,168,2,9,19,1,9
3,23,4,OK,0.4505,0.3750,0.9096,289.00,211.00,0.3673,18,48,48,5,5,9,168,4,1,19,1,9
3,23,5,OK,0.5541,0.6923,0.9055,284.30,215.70,0.5510,27,39,39,7,6,9,156,3,4,18,1,9
3,23,3,OK,0.5608,0.5625,0.9405,280.50,219.50,0.5510,27,48,48,11,10,9,156,2,9,18,1,9
3,23,2,OK,0.6079,0.6875,0.7440,275.50,224.50,0.6735,33,48,48,5,5,9,168,2,1,19,1,9
3,23,1,OK,0.5568,0.6667,0.9424,372.00,128.00,0.6531,32,48,48,5,5,9,156,3,6,13,1,9
3,23,0,OK,0.6809,0.8125,0.9343,301.40,198.60,0.7959,39,48,48,5,6,9,156,2,7,18,1,9
3,23,8,ALL-DEAD,0.2152,0.0000,0.0000,174.00,326.00,0.0000,0,48,48,5,5,9,156,1,6,18,1,9
3,23,7,OK,0.5738,0.7708,0.9179,426.80,73.20,0.7551,37,48,48,5,12,9,60,3,9,18,1,9
3,23,11,OVER-BUDGET,0.0000,0.0208,0.5514,501.00,0.00,0.0204,1,48,48,5,5,1,156,3,6,13,2,3
3,23,6,OK,0.4350,0.6591,0.7690,474.00,26.00,0.5918,29,44,44,8,23,9,168,4,1,15,1,9
3,23,12,OVER-BUDGET,0.0000,0.8750,0.8599,502.25,0.00,0.8571,42,48,48,5,5,9,36,2,1,19,4,6
3,23,9,OK,0.5200,0.5208,0.9439,308.90,191.10,0.5102,25,48,48,5,6,9,156,3,9,18,1,3
3,23,10,OK,0.2533,0.0208,0.9031,297.40,202.60,0.0204,1,48,48,5,6,9,108,2,6,19,1,4
3,23,14,OK,0.2336,0.0625,0.6147,308.90,191.10,0.0612,3,48,48,5,6,7,96,2,7,18,1,6
3,23,13,OK,0.5647,0.7297,0.9457,275.50,224.50,0.5510,27,37,37,5,5,9,168,2,1,19,1,9
3,23,18,ALL-DEAD,0.1297,0.0000,0.0000,303.50,196.50,0.0000,0,48,48,5,25,2,156,2,0,7,1,9
3,23,16,ALL-DEAD,0.1627,0.0000,0.0000,253.50,246.50,0.0000,0,48,48,2,30,5,120,2,1,19,1,9
3,23,22,OVER-BUDGET,0.0000,0.7879,0.8233,502.00,0.00,0.5306,26,33,33,5,5,5,144,1,6,4,3,9
3,23,23,OVER-BUDGET,0.0000,1.0000,0.9799,501.20,0.00,0.2041,10,10,10,11,23,9,156,2,9,1,1,9
3,23,20,OVER-BUDGET,0.0000,0.9792,0.9587,500.00,0.00,0.9592,47,48,48,2,26,9,156,2,7,11,3,9
3,23,17,OK,0.3041,0.1458,0.8036,304.40,195.60,0.1429,7,48,48,5,6,9,120,2,7,18,1,9
3,23,25,OVER-BUDGET,0.0000,1.0000,0.9001,501.50,0.00,0.9796,48,48,48,5,5,9,168,2,7,3,1,9
3,23,21,OK,0.5929,0.6250,0.8641,269.00,231.00,0.6122,30,48,48,8,6,9,156,2,1,18,1,9
3,23,24,OVER-BUDGET,0.0000,0.7917,0.9494,500.70,0.00,0.7755,38,48,48,5,6,9,120,2,6,9,2,9
3,23,15,OK,0.3639,1.0000,0.9720,397.45,102.55,0.3265,16,16,16,5,13,9,168,3,6,19,1,9
3,23,26,OK,0.4824,0.7692,0.9566,283.15,216.85,0.4082,20,26,26,5,6,9,168,1,7,19,1,9
3,23,29,ALL-DEAD,0.2203,0.0000,0.0000,166.25,333.75,0.0000,0,48,48,5,5,1,168,2,1,20,1,9
3,23,32,OVER-BUDGET,0.0000,1.0000,0.9867,503.25,0.00,0.6122,30,30,30,5,25,9,156,3,6,4,4,5
3,23,28,ALL-DEAD,0.0113,0.0000,0.0000,482.90,17.10,0.0000,0,24,24,8,23,3,108,4,9,4,1,8
3,23,34,ALL-DEAD,0.1556,0.0000,0.0000,264.20,235.80,0.0000,0,48,48,11,23,6,156,2,9,16,1,9
3,23,19,OVER-BUDGET,0.0000,0.6458,0.9811,501.00,0.00,0.6327,31,48,48,5,30,9,108,4,7,18,1,0
3,23,30,OK,0.4819,0.4375,0.9678,302.90,197.10,0.4286,21,48,48,5,6,9,132,2,2,18,1,9
3,23,31,OK,0.5043,0.5833,0.9414,383.25,116.75,0.5714,28,48,48,5,5,9,96,3,6,13,1,5
3,23,27,OK,0.4581,0.5625,0.9710,441.60,58.40,0.5510,27,48,48,7,22,9,156,2,3,18,1,6
3,23,38,ALL-DEAD,0.1020,0.0000,0.0000,345.50,154.50,0.0000,0,48,48,6,6,5,168,4,5,8,1,9
3,23,36,OVER-BUDGET,0.0000,0.6667,0.9136,500.75,0.00,0.6531,32,48,48,5,11,9,156,4,9,17,2,9
3,23,37,OVER-BUDGET,0.0000,0.9792,0.9705,501.00,0.00,0.9592,47,48,48,1,5,9,168,2,5,19,4,9
3,23,33,OK,0.5625,0.6875,0.9574,383.00,117.00,0.6735,33,48,48,12,28,9,156,2,9,18,1,9
3,23,41,OVER-BUDGET,0.0000,0.5227,0.9690,500.70,0.00,0.4694,23,44,44,8,7,0,168,2,1,18,4,0
3,23,45,ALL-DEAD,0.2185,0.0000,0.0000,169.00,331.00,0.0000,0,22,22,11,10,7,156,2,7,17,1,9
3,23,39,ALL-DEAD,0.1228,0.0000,0.0000,314.00,186.00,0.0000,0,42,42,4,10,0,132,2,4,19,1,9
3,23,35,OVER-BUDGET,0.0000,0.5227,0.9464,501.25,0.00,0.4694,23,44,44,1,5,9,84,2,6,18,1,0
3,23,44,ALL-DEAD,0.2128,0.0000,0.0000,177.60,322.40,0.0000,0,46,46,5,22,3,168,2,1,18,1,2
3,23,46,OVER-BUDGET,0.0000,0.7292,0.7385,502.25,0.00,0.7143,35,48,48,9,5,9,156,3,6,10,4,9
3,23,43,ALL-DEAD,0.1402,0.0000,0.0000,287.50,212.50,0.0000,0,48,48,12,6,9,156,2,6,13,1,9
3,23,48,OVER-BUDGET,0.0000,1.0000,0.9761,500.50,0.00,0.2449,12,12,12,10,5,9,168,1,7,4,1,9
3,23,40,OK,0.5914,0.7083,0.9289,351.00,149.00,0.6939,34,48,48,5,5,9,60,3,8,16,1,9
3,23,49,ALL-DEAD,0.1932,0.0000,0.0000,207.30,292.70,0.0000,0,48,48,9,29,0,156,2,4,18,1,9
3,23,47,OVER-BUDGET,0.0000,0.6250,0.8961,502.00,0.00,0.6122,30,48,48,5,5,9,168,2,1,7,1,9
3,23,42,OVER-BUDGET,0.0000,0.6458,0.8661,500.45,0.00,0.6327,31,48,48,5,21,9,156,3,7,18,1,9
3,24,7,ALL-DEAD,0.1472,0.0000,0.0000,277.00,223.00,0.0000,0,48,48,11,10,9,156,2,9,18,1,9
3,24,2,OK,0.5189,0.4792,0.9020,269.00,231.00,0.4694,23,48,48,8,6,9,156,2,1,18,1,9
3,24,3,OK,0.5011,0.5417,0.9248,351.00,149.00,0.5306,26,48,48,5,5,9,60,3,8,16,1,9
3,24,5,OK,0.6093,0.8378,0.9428,275.50,224.50,0.6327,31,37,37,5,5,9,168,2,1,19,1,9
3,24,1,OK,0.6046,0.6458,0.9039,275.50,224.50,0.6327,31,48,48,5,5,9,168,2,1,19,1,9
3,24,0,OK,0.4126,0.3958,0.5691,301.40,198.60,0.3878,19,48,48,5,6,9,156,2,7,18,1,9
3,24,13,OVER-BUDGET,0.0000,0.9167,0.9185,501.80,0.00,0.8980,44,48,48,5,6,9,48,2,8,4,3,0
3,24,9,ALL-DEAD,0.1481,0.0000,0.0000,275.55,224.45,0.0000,0,39,39,7,6,9,156,3,4,18,1,9
3,24,12,ALL-DEAD,0.2323,0.0000,0.0000,148.10,351.90,0.0000,0,48,48,3,8,6,156,2,7,18,1,9
3,24,6,OK,0.4846,0.6042,0.6821,383.00,117.00,0.5918,29,48,48,12,28,9,156,2,9,18,1,9
3,24,10,OK,0.3784,1.0000,0.9832,275.50,224.50,0.2041,10,10,10,5,5,9,168,2,2,19,1,9
3,24,14,ALL-DEAD,0.1175,0.0000,0.0000,321.90,178.10,0.0000,0,22,22,1,21,3,156,2,1,18,1,7
3,24,11,ALL-DEAD,0.1369,0.0000,0.0000,292.55,207.45,0.0000,0,45,45,12,27,2,156,2,9,18,1,2
3,24,17,ALL-DEAD,0.1967,0.0000,0.0000,202.00,298.00,0.0000,0,48,48,5,5,4,36,2,9,10,2,6
3,24,4,OK,0.4489,0.5833,0.7192,426.80,73.20,0.5714,28,48,48,5,12,9,60,3,9,18,1,9
3,24,8,OK,0.5003,0.5833,0.8462,372.00,128.00,0.5714,28,48,48,5,5,9,156,3,6,13,1,9
3,24,20,OVER-BUDGET,0.0000,0.5238,0.9509,502.50,0.00,0.4490,22,42,42,5,5,8,168,2,7,11,2,9
3,24,15,OVER-BUDGET,0.0000,0.8958,0.9318,505.25,0.00,0.8776,43,48,48,5,12,9,120,3,4,9,2,9
3,24,19,OK,0.4598,0.8148,0.9595,352.00,148.00,0.4490,22,27,27,5,5,9,24,2,1,19,1,9
3,24,21,OVER-BUDGET,0.0000,0.6458,0.8600,500.25,0.00,0.6327,31,48,48,5,5,9,60,3,1,6,1,1
3,24,16,OK,0.5237,0.5833,0.6820,306.65,193.35,0.5714,28,48,48,5,6,9,168,3,5,18,1,9
3,24,25,OVER-BUDGET,0.0000,0.9444,0.9224,501.25,0.00,0.3469,17,18,18,5,5,9,168,2,7,19,4,4
3,24,27,OVER-BUDGET,0.0000,0.9167,0.8703,501.90,0.00,0.8980,44,48,48,5,6,9,156,3,7,3,2,9
3,24,22,OK,0.5696,0.5833,0.9560,287.00,213.00,0.5714,28,48,48,5,5,9,156,2,9,18,1,9
3,24,29,OVER-BUDGET,0.0000,1.0000,0.9652,500.50,0.00,0.3673,18,18,18,5,5,9,60,2,6,8,3,9
3,24,18,OVER-BUDGET,0.0000,0.7292,0.9591,501.00,0.00,0.7143,35,48,48,5,24,9,60,3,9,16,1,9
3,24,31,ALL-DEAD,0.0983,0.0000,0.0000,351.00,149.00,0.0000,0,48,48,5,5,2,60,3,0,16,1,9
3,24,23,OK,0.3440,0.9500,0.9879,481.50,18.50,0.3878,19,20,20,5,15,9,84,3,8,16,1,9
3,24,26,ALL-DEAD,0.0355,0.0000,0.0000,446.25,53.75,0.0000,0,48,48,8,15,9,36,2,1,18,2,9
3,24,28,OK,0.4926,0.7333,0.9552,301.40,198.60,0.4490,22,30,30,5,6,9,156,2,7,18,1,9
3,24,32,OVER-BUDGET,0.0000,0.7292,0.8997,500.20,0.00,0.7143,35,48,48,7,6,9,156,1,7,18,4,9
3,24,34,OVER-BUDGET,0.0000,1.0000,0.9656,501.80,0.00,0.2245,11,11,11,11,6,9,156,2,7,18,4,9
3,24,24,OK,0.4654,0.5833,0.9832,449.75,50.25,0.5714,28,48,48,2,6,9,96,3,7,18,1,0
3,24,38,ALL-DEAD,0.0909,0.0000,0.0000,362.25,137.75,0.0000,0,48,48,5,5,6,156,2,1,7,1,9
3,24,36,OVER-BUDGET,0.0000,0.8438,0.9031,502.50,0.00,0.5510,27,32,32,5,5,9,132,2,0,19,4,2
3,24,35,OVER-BUDGET,0.0000,0.6875,0.9050,500.35,0.00,0.6735,33,48,48,5,12,9,60,3,1,16,4,1
3,24,40,ALL-DEAD,0.1632,0.0000,0.0000,252.80,247.20,0.0000,0,48,48,8,6,3,48,4,7,18,1,9
3,24,44,OVER-BUDGET,0.0000,0.9545,0.9661,501.75,0.00,0.4286,21,22,22,5,5,9,108,3,8,1,1,9
3,24,37,OK,0.2383,0.0833,0.5608,308.90,191.10,0.0816,4,48,48,5,6,9,156,3,7,18,1,9
3,24,42,OVER-BUDGET,0.0000,0.4000,0.9909,502.10,0.00,0.1633,8,20,20,8,6,6,84,4,7,18,3,9
3,24,33,OK,0.6078,0.7708,0.8365,360.50,139.50,0.7551,37,48,48,5,10,9,132,2,9,18,1,9
3,24,41,OK,0.3701,1.0000,0.9933,289.90,210.10,0.2041,10,10,10,5,6,9,168,2,1,19,1,9
3,24,30,OVER-BUDGET,0.0000,0.7292,0.8962,500.80,0.00,0.7143,35,48,48,2,19,9,156,1,7,18,1,9
3,24,43,OVER-BUDGET,0.0000,0.6383,0.8443,501.50,0.00,0.6122,30,47,47,8,6,9,156,2,2,13,3,9
3,24,45,ALL-DEAD,0.1542,0.0000,0.0000,266.40,233.60,0.0000,0,17,17,5,6,6,156,3,7,16,1,9
3,24,39,OVER-BUDGET,0.0000,0.6042,0.9495,502.25,0.00,0.5918,29,48,48,5,5,9,156,4,7,8,1,4
3,24,47,OK,0.4469,0.6897,0.7807,305.00,195.00,0.4082,20,29,29,8,5,9,36,2,1,18,1,1
3,24,48,OVER-BUDGET,0.0000,0.6458,0.7564,500.50,0.00,0.6327,31,48,48,6,25,9,156,2,1,9,1,9
3,24,46,OVER-BUDGET,0.0000,0.6250,0.9114,501.15,0.00,0.6122,30,48,48,2,9,9,156,2,1,18,1,9
3,24,49,OVER-BUDGET,0.0000,0.8333,0.9473,500.95,0.00,0.8163,40,48,48,5,29,9,132,2,1,19,1,9
3,25,5,OK,0.4850,0.4375,0.8066,269.00,231.00,0.4286,21,48,48,8,6,9,156,2,1,18,1,9
3,25,2,OK,0.3603,0.2500,0.6457,275.50,224.50,0.2449,12,48,48,5,5,9,168,2,1,19,1,9
3,25,0,OK,0.5485,0.7027,0.9037,275.50,224.50,0.5306,26,37,37,5,5,9,168,2,1,19,1,9
3,25,3,OK,0.5032,0.4792,0.8708,287.00,213.00,0.4694,23,48,48,5,5,9,156,2,9,18,1,9
3,25,7,OK,0.5235,0.6042,0.9459,372.00,128.00,0.5918,29,48,48,5,5,9,156,3,6,13,1,9
3,25,4,OK,0.6171,0.7083,0.8989,306.65,193.35,0.6939,34,48,48,5,6,9,168,3,5,18,1,9
3,25,6,OK,0.6356,0.7917,0.9227,351.00,149.00,0.7755,38,48,48,5,5,9,60,3,8,16,1,9
3,25,1,OK,0.5485,0.6875,0.7172,360.50,139.50,0.6735,33,48,48,5,10,9,132,2,9,18,1,9
3,25,14,OVER-BUDGET,0.0000,0.4571,0.8291,501.50,0.00,0.3265,16,35,35,5,5,6,168,2,1,3,1,9
3,25,15,OK,0.2461,0.0294,0.5373,241.75,258.25,0.0204,1,34,34,8,5,5,168,1,1,19,1,9
3,25,8,OK,0.5245,0.8333,0.9403,301.40,198.60,0.5102,25,30,30,5,6,9,156,2,7,18,1,9
3,25,18,ALL-DEAD,0.1923,0.0000,0.0000,208.70,291.30,0.0000,0,48,48,5,14,2,168,4,5,9,1,9
3,25,19,OVER-BUDGET,0.0000,0.8958,0.7079,502.50,0.00,0.8776,43,48,48,11,5,9,168,2,1,1,2,9
3,25,13,OVER-BUDGET,0.0000,0.8333,0.9523,501.50,0.00,0.8163,40,48,48,5,10,9,168,2,1,6,1,9
3,25,11,OK,0.5131,0.5417,0.9202,332.00,168.00,0.5306,26,48,48,7,10,9,132,2,9,17,1,3
3,25,12,OK,0.6083,0.6875,0.9180,306.50,193.50,0.6735,33,48,48,12,15,9,132,2,2,18,1,9
3,25,9,OK,0.5937,0.7500,0.9363,383.00,117.00,0.7347,36,48,48,12,28,9,156,2,9,18,1,9
3,25,21,ALL-DEAD,0.1482,0.0000,0.0000,275.50,224.50,0.0000,0,48,48,5,10,9,132,2,9,18,1,4
3,25,23,ALL-DEAD,0.1789,0.0000,0.0000,229.00,271.00,0.0000,0,48,48,5,5,9,168,2,7,19,1,5
3,25,16,OVER-BUDGET,0.0000,0.5833,0.7362,502.50,0.00,0.5714,28,48,48,5,10,9,156,2,9,9,1,9
3,25,10,OVER-BUDGET,0.0000,0.8542,0.9572,500.70,0.00,0.8367,41,48,48,5,24,9,132,2,7,19,1,9
3,25,22,OK,0.2172,0.2903,0.7424,459.00,41.00,0.1837,9,31,31,5,5,9,168,4,1,20,2,9
3,25,28,ALL-DEAD,0.2376,0.0000,0.0000,140.00,360.00,0.0000,0,22,22,5,10,5,168,1,6,18,1,9
3,25,26,ALL-DEAD,0.1893,0.0000,0.0000,213.25,286.75,0.0000,0,48,48,5,5,4,168,2,9,19,1,9
3,25,25,OK,0.3204,0.1860,0.8951,313.40,186.60,0.1633,8,43,43,5,6,0,168,4,0,18,1,9
3,25,24,OVER-BUDGET,0.0000,0.5625,0.7502,500.40,0.00,0.5510,27,48,48,5,6,9,168,3,5,8,1,9
3,25,29,OVER-BUDGET,0.0000,1.0000,0.9684,500.60,0.00,0.9796,48,48,48,7,29,9,168,2,6,3,1,9
3,25,33,ALL-DEAD,0.2259,0.0000,0.0000,157.75,342.25,0.0000,0,24,24,5,10,2,132,3,9,16,1,9
3,25,27,OVER-BUDGET,0.0000,0.9333,0.9843,500.40,0.00,0.2857,14,15,15,4,26,9,84,2,1,19,3,7
3,25,20,OK,0.3973,0.4375,0.8656,412.50,87.50,0.4286,21,48,48,5,15,9,132,2,4,20,1,2
3,25,32,OK,0.3982,1.0000,0.9776,278.50,221.50,0.2449,12,12,12,5,5,9,132,2,4,19,1,9
3,25,30,OVER-BUDGET,0.0000,0.6250,0.9526,500.25,0.00,0.6122,30,48,48,5,5,9,156,1,6,16,3,2
3,25,36,OVER-BUDGET,0.0000,0.8750,0.8456,501.25,0.00,0.8571,42,48,48,5,5,9,168,2,1,2,1,9
3,25,17,OVER-BUDGET,0.0000,0.3077,0.7322,500.25,0.00,0.0816,4,13,13,5,21,9,168,2,5,19,1,9
3,25,31,OK,0.5332,0.6757,0.9070,282.25,217.75,0.5102,25,37,37,5,5,9,168,3,1,19,1,9
3,25,38,ALL-DEAD,0.1693,0.0000,0.0000,243.50,256.50,0.0000,0,16,16,5,5,6,168,3,1,16,1,9
3,25,42,ALL-DEAD,0.2386,0.0000,0.0000,138.50,361.50,0.0000,0,13,13,5,10,5,84,2,1,18,1,5
3,25,35,OK,0.5713,0.7838,0.9052,292.25,207.75,0.5918,29,37,37,5,5,9,168,3,1,18,1,9
3,25,39,OK,0.3667,0.2292,0.9632,306.65,193.35,0.2245,11,48,48,5,6,7,168,3,5,18,1,6
3,25,44,OVER-BUDGET,0.0000,0.6000,0.9577,502.00,0.00,0.3061,15,25,25,5,5,8,168,2,1,7,1,9
3,25,37,OK,0.6055,0.8378,0.9484,282.25,217.75,0.6327,31,37,37,5,5,9,168,3,1,19,1,9
3,25,34,OVER-BUDGET,0.0000,0.7917,0.9572,500.50,0.00,0.7755,38,48,48,5,10,9,96,4,9,18,2,9
3,25,45,OVER-BUDGET,0.0000,0.8958,0.9210,502.00,0.00,0.8776,43,48,48,5,6,9,168,3,6,3,1,9
3,25,46,ALL-DEAD,0.1600,0.0000,0.0000,257.50,242.50,0.0000,0,48,48,5,5,2,168,4,1,13,1,9
3,25,40,OK,0.5576,0.7209,0.9630,357.50,142.50,0.6327,31,43,43,5,10,9,168,2,2,18,1,9
3,25,41,OVER-BUDGET,0.0000,0.8649,0.9662,502.50,0.00,0.6531,32,37,37,5,15,9,168,4,1,19,2,9
3,25,49,OVER-BUDGET,0.0000,0.7556,0.9439,500.75,0.00,0.6939,34,45,45,5,5,9,168,2,0,18,4,7
3,25,47,OK,0.6082,0.7778,0.9555,347.50,152.50,0.7143,35,45,45,5,10,9,168,2,1,19,1,9
3,25,48,OK,0.3717,0.9091,0.9322,446.50,53.50,0.4082,20,22,22,6,20,9,132,2,9,19,1,9
3,25,43,OVER-BUDGET,0.0000,0.8182,0.9789,501.00,0.00,0.1837,9,11,11,5,30,9,168,2,9,19,1,8
3,26,6,ALL-DEAD,0.1591,0.0000,0.0000,259.00,241.00,0.0000,0,37,37,5,5,9,168,3,1,18,1,9
3,26,4,OK,0.4576,0.5405,0.7451,282.25,217.75,0.4082,20,37,37,5,5,9,168,3,1,19,1,9
3,26,0,OK,0.5687,0.6667,0.9269,351.00,149.00,0.6531,32,48,48,5,5,9,60,3,8,16,1,9
3,26,1,OK,0.5952,0.6667,0.9032,306.65,193.35,0.6531,32,48,48,5,6,9,168,3,5,18,1,9
3,26,2,OK,0.6103,0.6875,0.9352,306.50,193.50,0.6735,33,48,48,12,15,9,132,2,2,18,1,9
3,26,3,OK,0.5542,0.7111,0.7863,347.50,152.50,0.6531,32,45,45,5,10,9,168,2,1,19,1,9
3,26,7,OK,0.5642,0.7442,0.9248,357.50,142.50,0.6531,32,43,43,5,10,9,168,2,2,18,1,9
3,26,5,OK,0.5432,0.6667,0.8900,383.00,117.00,0.6531,32,48,48,12,28,9,156,2,9,18,1,9
3,26,9,OK,0.5819,0.7838,0.9017,275.50,224.50,0.5918,29,37,37,5,5,9,168,2,1,19,1,9
3,26,15,ALL-DEAD,0.2284,0.0000,0.0000,153.95,346.05,0.0000,0,23,23,5,6,2,48,3,5,18,1,0
3,26,12,OVER-BUDGET,0.0000,0.8750,0.8999,500.50,0.00,0.8571,42,48,48,9,10,9,96,2,5,18,4,9
3,26,8,ALL-DEAD,0.0987,0.0000,0.0000,350.50,149.50,0.0000,0,48,48,5,10,9,132,2,9,18,1,9
3,26,11,OVER-BUDGET,0.0000,0.9583,0.9213,501.60,0.00,0.9388,46,48,48,5,24,9,60,3,8,16,3,9
3,26,13,OVER-BUDGET,0.0000,0.5625,0.7894,502.00,0.00,0.5510,27,48,48,5,5,9,132,3,8,18,3,9
3,26,14,OVER-BUDGET,0.0000,0.8235,0.9309,500.50,0.00,0.5714,28,34,34,4,5,9,60,3,7,16,3,9
3,26,19,ALL-DEAD,0.1864,0.0000,0.0000,217.60,282.40,0.0000,0,48,48,11,28,6,132,3,9,18,1,9
3,26,20,OVER-BUDGET,0.0000,1.0000,0.9557,500.75,0.00,0.3673,18,18,18,12,15,9,168,3,0,18,4,4
3,26,18,OVER-BUDGET,0.0000,0.8125,0.9553,500.00,0.00,0.7959,39,48,48,5,12,9,60,2,8,5,1,6
3,26,10,OVER-BUDGET,0.0000,0.8125,0.9529,500.70,0.00,0.7959,39,48,48,6,19,9,60,3,1,16,1,9
3,26,26,ALL-DEAD,0.2880,0.0000,0.0000,63.65,436.35,0.0000,0,18,18,9,6,1,60,3,5,18,1,9
3,26,21,OK,0.4478,0.6667,0.9369,298.00,202.00,0.3673,18,27,27,5,5,9,60,2,1,19,1,9
3,26,16,OK,0.3835,0.3333,0.9919,371.45,128.55,0.3265,16,48,48,10,21,9,168,3,5,18,1,3
3,26,23,OK,0.3848,1.0000,0.9849,351.15,148.85,0.3061,15,15,15,5,6,9,132,3,5,15,1,2
3,26,22,OK,0.4652,0.8800,0.9800,347.50,152.50,0.4490,22,25,25,5,10,9,168,2,1,19,1,0
3,26,24,OK,0.4456,0.9474,0.9785,308.90,191.10,0.3673,18,19,19,5,6,9,144,3,5,18,1,9
3,26,25,OK,0.2011,0.0204,0.4438,293.00,207.00,0.0204,1,49,49,12,13,5,144,2,5,18,1,9
3,26,29,OK,0.4445,0.3333,0.9123,264.50,235.50,0.3265,16,48,48,12,8,9,132,2,6,18,1,0
3,26,17,OVER-BUDGET,0.0000,0.9565,0.9738,500.25,0.00,0.4490,22,23,23,1,5,9,60,1,8,16,1,9
3,26,27,OVER-BUDGET,0.0000,0.7292,0.9214,502.00,0.00,0.7143,35,48,48,5,5,9,60,3,8,15,2,9
3,26,35,ALL-DEAD,0.2197,0.0000,0.0000,167.10,332.90,0.0000,0,42,42,5,8,4,36,3,1,16,1,5
3,26,34,OVER-BUDGET,0.0000,0.4375,0.9374,502.25,0.00,0.4286,21,48,48,5,5,7,60,3,9,3,1,0
3,26,28,OK,0.4578,0.5000,0.8497,369.00,131.00,0.4898,24,48,48,5,5,9,60,4,8,16,1,9
3,26,33,OVER-BUDGET,0.0000,0.6667,0.9479,500.90,0.00,0.6531,32,48,48,6,6,9,156,3,0,18,4,2
3,26,30,OK,0.4615,0.5625,0.9131,426.00,74.00,0.5510,27,48,48,5,5,9,60,3,8,12,1,5
3,26,32,OVER-BUDGET,0.0000,0.5833,0.7978,502.25,0.00,0.5714,28,48,48,5,5,9,60,3,6,16,2,9
3,26,39,ALL-DEAD,0.1967,0.0000,0.0000,202.00,298.00,0.0000,0,48,48,5,18,8,168,3,5,18,1,9
3,26,40,OVER-BUDGET,0.0000,1.0000,0.9581,502.35,0.00,0.9796,48,48,48,5,27,9,108,3,8,9,4,9
3,26,31,OK,0.5517,0.7442,0.9607,383.00,117.00,0.6531,32,43,43,12,28,9,156,2,9,18,1,9
3,26,41,OVER-BUDGET,0.0000,0.9302,0.9307,501.90,0.00,0.8163,40,43,43,5,6,9,168,3,5,13,4,9
3,26,43,OVER-BUDGET,0.0000,0.9167,0.8253,501.00,0.00,0.8980,44,48,48,8,6,9,96,3,5,5,3,9
3,26,38,OVER-BUDGET,0.0000,0.8125,0.8576,500.50,0.00,0.7959,39,48,48,6,5,9,132,3,8,5,1,9
3,26,37,OVER-BUDGET,0.0000,0.7292,0.8671,501.75,0.00,0.7143,35,48,48,3,5,9,108,4,8,10,2,9
3,26,42,ALL-DEAD,0.1597,0.0000,0.0000,258.00,242.00,0.0000,0,37,37,1,15,5,168,2,1,20,1,9
3,26,48,OVER-BUDGET,0.0000,0.6444,0.8684,501.50,0.00,0.5918,29,45,45,5,10,8,168,2,4,2,1,6
3,26,47,ALL-DEAD,0.1662,0.0000,0.0000,248.25,251.75,0.0000,0,48,48,1,5,3,60,2,8,16,1,9
3,26,49,OVER-BUDGET,0.0000,0.5625,0.9003,501.90,0.00,0.5510,27,48,48,12,7,9,36,3,5,18,4,9
3,26,36,OK,0.5376,0.6667,0.8849,390.50,109.50,0.6531,32,48,48,12,28,9,144,3,9,18,1,9
3,26,45,OVER-BUDGET,0.0000,0.7907,0.9309,501.10,0.00,0.6939,34,43,43,12,14,9,48,2,5,7,1,9
3,26,44,OK,0.5840,0.7083,0.9387,364.00,136.00,0.6939,34,48,48,3,5,9,60,3,8,19,1,9
3,26,46,OVER-BUDGET,0.0000,0.5417,0.6737,500.75,0.00,0.5306,26,48,48,3,15,9,132,3,2,15,1,9
3,27,3,OK,0.5587,0.7297,0.8958,275.50,224.50,0.5510,27,37,37,5,5,9,168,2,1,19,1,9
3,27,0,OK,0.2052,0.0417,0.4583,306.50,193.50,0.0408,2,48,48,12,15,9,132,2,2,18,1,9
3,27,4,OK,0.5613,0.6667,0.8647,351.00,149.00,0.6531,32,48,48,5,5,9,60,3,8,16,1,9
3,27,1,OK,0.6129,0.7083,0.8636,306.65,193.35,0.6939,34,48,48,5,6,9,168,3,5,18,1,9
3,27,2,OK,0.5246,0.6042,0.9110,364.00,136.00,0.5918,29,48,48,3,5,9,60,3,8,19,1,9
3,27,11,OVER-BUDGET,0.0000,0.0588,0.5077,501.75,0.00,0.0204,1,17,17,6,15,6,132,3,2,6,3,9
3,27,7,OK,0.5729,0.7907,0.9500,383.00,117.00,0.6939,34,43,43,12,28,9,156,2,9,18,1,9
3,27,6,OK,0.5616,0.6889,0.9417,347.50,152.50,0.6327,31,45,45,5,10,9,168,2,1,19,1,9
3,27,5,OK,0.5149,0.6512,0.8882,357.50,142.50,0.5714,28,43,43,5,10,9,168,2,2,18,1,9
3,27,12,OVER-BUDGET,0.0000,0.4375,0.8756,500.70,0.00,0.4286,21,48,48,5,6,1,48,3,3,18,4,9
3,27,14,OVER-BUDGET,0.0000,0.1250,0.8620,500.05,0.00,0.1224,6,48,48,5,6,8,156,1,1,2,1,9
3,27,10,OVER-BUDGET,0.0000,0.9583,0.8638,500.25,0.00,0.9388,46,48,48,1,15,9,132,3,6,18,4,9
3,27,15,OVER-BUDGET,0.0000,0.0833,0.3586,501.80,0.00,0.0816,4,48,48,12,13,1,72,3,8,2,1,5
3,27,17,OVER-BUDGET,0.0000,0.7292,0.8649,502.10,0.00,0.7143,35,48,48,8,6,9,36,2,5,8,3,1
3,27,13,OVER-BUDGET,0.0000,0.7059,0.9832,500.90,0.00,0.2449,12,17,17,3,6,9,168,1,2,18,2,6
3,27,8,OK,0.5693,0.7083,0.9204,383.00,117.00,0.6939,34,48,48,12,28,9,156,2,9,18,1,9
3,27,9,OK,0.4866,0.5625,0.9275,390.50,109.50,0.5510,27,48,48,12,28,9,144,3,9,18,1,9
3,27,16,OK,0.3564,0.3750,0.9236,434.00,66.00,0.3673,18,48,48,12,24,9,24,2,2,18,1,2
3,27,20,OK,0.5892,0.8108,0.9486,289.90,210.10,0.6122,30,37,37,5,6,9,168,2,2,19,1,9
3,27,23,ALL-DEAD,0.1795,0.0000,0.0000,228.00,272.00,0.0000,0,30,30,5,10,5,108,2,1,19,1,5
3,27,27,ALL-DEAD,0.2764,0.0000,0.0000,81.15,418.85,0.0000,0,10,10,5,6,7,168,3,5,18,1,1
3,27,19,OK,0.4672,0.6250,0.9041,466.65,33.35,0.6122,30,48,48,5,6,9,168,3,5,10,1,9
3,27,25,OK,0.4474,0.5333,0.9447,266.00,234.00,0.3265,16,30,30,12,5,2,60,2,2,18,1,9
3,27,18,ALL-DEAD,0.0137,0.0000,0.0000,479.30,20.70,0.0000,0,48,48,2,6,9,168,3,7,13,1,5
3,27,22,OK,0.4943,0.5854,0.8186,308.00,192.00,0.4898,24,41,41,12,15,9,120,2,7,18,1,9
3,27,30,ALL-DEAD,0.2198,0.0000,0.0000,167.00,333.00,0.0000,0,33,33,7,17,4,168,1,6,18,1,9
3,27,31,ALL-DEAD,0.2323,0.0000,0.0000,148.00,352.00,0.0000,0,48,48,5,15,2,84,1,2,18,1,9
3,27,26,OVER-BUDGET,0.0000,0.8889,0.9446,500.25,0.00,0.8163,40,45,45,5,15,9,168,2,2,17,3,9
3,27,28,OK,0.4158,0.9375,0.9621,300.00,200.00,0.3061,15,16,16,12,15,9,36,1,2,20,1,6
3,27,32,OVER-BUDGET,0.0000,0.9706,0.9626,501.50,0.00,0.6735,33,34,34,3,5,9,60,3,5,3,1,9
3,27,36,ALL-DEAD,0.2355,0.0000,0.0000,143.25,356.75,0.0000,0,27,27,5,15,1,168,2,5,18,1,9
3,27,24,OK,0.4017,1.0000,0.9923,411.85,88.15,0.4082,20,20,20,5,14,9,168,3,2,19,1,9
3,27,29,OK,0.4439,0.4884,0.9511,357.50,142.50,0.4286,21,43,43,3,6,7,168,2,6,18,1,9
3,27,38,OVER-BUDGET,0.0000,0.5000,0.7847,500.40,0.00,0.4898,24,48,48,12,28,2,156,2,9,2,1,8
3,27,21,OVER-BUDGET,0.0000,0.6042,0.7019,500.50,0.00,0.5918,29,48,48,5,25,9,168,3,5,18,1,9
3,27,35,OK,0.2123,0.0208,0.4762,282.00,218.00,0.0204,1,48,48,7,5,9,84,3,8,19,1,9
3,27,37,OK,0.4938,0.4375,0.8297,259.75,240.25,0.4286,21,48,48,8,5,9,132,3,8,19,1,9
3,27,40,OK,0.2455,0.9167,0.9231,483.00,17.00,0.2245,11,12,12,12,15,0,132,4,2,10,1,9
3,27,44,OK,0.4405,0.5484,0.7692,261.50,238.50,0.3469,17,31,31,12,5,9,108,3,2,18,1,9
3,27,41,OVER-BUDGET,0.0000,0.7083,0.7915,501.75,0.00,0.6939,34,48,48,12,15,9,24,4,2,18,3,9
3,27,34,OK,0.4567,0.5417,0.8985,413.50,86.50,0.5306,26,48,48,9,25,9,168,2,5,18,1,9
3,27,33,OK,0.3444,0.4167,0.6490,436.25,63.75,0.4082,20,48,48,2,6,9,168,3,6,18,1,9
3,27,45,ALL-DEAD,0.1911,0.0000,0.0000,210.50,289.50,0.0000,0,48,48,2,20,5,132,2,9,18,1,9
3,27,49,ALL-DEAD,0.2341,0.0000,0.0000,145.35,354.65,0.0000,0,20,20,8,6,3,60,3,5,16,1,9
3,27,39,OK,0.2010,0.0500,0.9090,394.75,105.25,0.0408,2,40,40,2,5,9,132,3,8,19,1,9
3,27,47,ALL-DEAD,0.1287,0.0000,0.0000,305.00,195.00,0.0000,0,15,15,12,15,6,168,3,9,17,1,9
3,27,42,OVER-BUDGET,0.0000,0.8649,0.9779,500.70,0.00,0.6531,32,37,37,3,28,9,60,3,8,12,1,3
3,27,43,OK,0.6486,0.8542,0.9675,390.50,109.50,0.8367,41,48,48,12,28,9,144,3,9,18,1,9
3,27,48,OK,0.5802,0.8293,0.9071,364.00,136.00,0.6939,34,41,41,3,5,9,60,3,9,19,1,9
3,27,46,OK,0.4052,0.4583,0.5959,368.50,131.50,0.4490,22,48,48,12,27,9,132,2,9,19,1,9
3,28,2,OK,0.5844,0.8108,0.9087,289.90,210.10,0.6122,30,37,37,5,6,9,168,2,2,19,1,9
3,28,1,OK,0.5545,0.6042,0.8444,306.65,193.35,0.5918,29,48,48,5,6,9,168,3,5,18,1,9
3,28,7,OK,0.4949,0.5625,0.7793,351.00,149.00,0.5510,27,48,48,5,5,9,60,3,8,16,1,9
3,28,3,OK,0.3096,0.2683,0.8028,364.00,136.00,0.2245,11,41,41,3,5,9,60,3,9,19,1,9
3,28,4,OK,0.4790,0.6279,0.8225,383.00,117.00,0.5510,27,43,43,12,28,9,156,2,9,18,1,9
3,28,5,OK,0.2702,0.2292,0.5792,383.00,117.00,0.2245,11,48,48,12,28,9,156,2,9,18,1,9
3,28,0,OK,0.2606,0.1667,0.8213,390.50,109.50,0.1633,8,48,48,12,28,9,144,3,9,18,1,9
3,28,6,OK,0.5809,0.7333,0.9154,347.50,152.50,0.6735,33,45,45,5,10,9,168,2,1,19,1,9
3,28,8,OK,0.5755,0.7838,0.8489,275.50,224.50,0.5918,29,37,37,5,5,9,168,2,1,19,1,9
3,28,10,OVER-BUDGET,0.0000,0.5625,0.9465,501.20,0.00,0.5510,27,48,48,5,19,9,168,3,5,17,4,1
3,28,15,ALL-DEAD,0.1652,0.0000,0.0000,249.70,250.30,0.0000,0,37,37,12,6,9,168,2,2,16,1,9
3,28,11,OVER-BUDGET,0.0000,0.7297,0.9293,501.30,0.00,0.5510,27,37,37,5,6,9,60,2,2,19,3,9
3,28,18,ALL-DEAD,0.2874,0.0000,0.0000,64.50,435.50,0.0000,0,13,13,6,7,1,144,2,9,18,1,4
3,28,14,OVER-BUDGET,0.0000,0.8824,0.9911,500.75,0.00,0.3061,15,17,17,12,20,9,156,1,5,18,2,8
3,28,9,OK,0.6045,0.7500,0.9217,364.00,136.00,0.7347,36,48,48,3,5,9,60,3,8,19,1,9
3,28,16,OVER-BUDGET,0.0000,0.8750,0.9054,502.15,0.00,0.8571,42,48,48,12,28,9,132,3,9,18,3,9
3,28,12,OVER-BUDGET,0.0000,0.2292,0.6290,500.15,0.00,0.2245,11,48,48,12,28,9,156,3,1,11,1,8
3,28,20,ALL-DEAD,0.1440,0.0000,0.0000,281.85,218.15,0.0000,0,48,48,5,6,9,168,3,8,19,1,9
3,28,21,ALL-DEAD,0.0884,0.0000,0.0000,366.00,134.00,0.0000,0,48,48,2,8,3,48,4,9,18,2,3
3,28,22,ALL-DEAD,0.1687,0.0000,0.0000,244.35,255.65,0.0000,0,48,48,12,28,2,144,3,9,18,1,9
3,28,24,ALL-DEAD,0.1655,0.0000,0.0000,249.25,250.75,0.0000,0,48,48,5,5,6,168,3,5,18,1,9
3,28,19,OVER-BUDGET,0.0000,0.4516,0.7357,502.85,0.00,0.2857,14,31,31,2,28,9,96,3,2,18,1,9
3,28,25,OK,0.4763,0.6786,0.9301,270.50,229.50,0.3878,19,28,28,12,8,9,144,3,9,18,1,9
3,28,23,ALL-DEAD,0.0267,0.0000,0.0000,459.50,40.50,0.0000,0,48,48,12,10,9,144,3,9,18,2,9
3,28,13,OVER-BUDGET,0.0000,0.8182,0.9013,502.00,0.00,0.7347,36,44,44,5,26,9,60,2,2,19,1,9
3,28,28,OK,0.2972,0.0625,0.9120,266.50,233.50,0.0612,3,48,48,12,9,4,144,3,1,19,1,9
3,28,17,OVER-BUDGET,0.0000,0.7551,0.8347,500.05,0.00,0.7551,37,49,49,3,21,9,60,3,9,17,1,9
3,28,31,ALL-DEAD,0.2243,0.0000,0.0000,160.10,339.90,0.0000,0,48,48,5,28,5,60,3,4,18,1,9
3,28,26,OVER-BUDGET,0.0000,0.7333,0.9539,501.90,0.00,0.6735,33,45,45,10,28,9,48,4,1,17,2,6
3,28,30,ALL-DEAD,0.1361,0.0000,0.0000,293.75,206.25,0.0000,0,41,41,3,5,9,120,2,9,19,1,9
3,28,35,OVER-BUDGET,0.0000,0.4167,0.5597,501.85,0.00,0.4082,20,48,48,12,28,2,72,3,1,15,3,9
3,28,34,OK,0.5184,0.5952,0.9308,308.90,191.10,0.5102,25,42,42,5,6,9,144,3,9,18,1,9
3,28,33,OK,0.6338,0.7292,0.9441,306.65,193.35,0.7143,35,48,48,5,6,9,168,3,5,18,1,9
3,28,32,OVER-BUDGET,0.0000,0.4583,0.7308,502.90,0.00,0.4490,22,48,48,12,28,9,144,2,9,10,1,9
3,28,39,ALL-DEAD,0.0617,0.0000,0.0000,406.45,93.55,0.0000,0,17,17,5,28,2,168,3,2,14,3,9
3,28,29,OVER-BUDGET,0.0000,0.7917,0.8909,501.60,0.00,0.7755,38,48,48,12,28,9,24,3,9,18,1,9
3,28,36,OK,0.3650,0.9333,0.9680,361.00,139.00,0.2857,14,15,15,12,24,9,84,2,9,19,1,1
3,28,27,OVER-BUDGET,0.0000,0.6216,0.9696,501.05,0.00,0.4694,23,37,37,5,29,9,108,2,2,19,1,0
3,28,40,OK,0.3037,0.4000,0.9079,307.00,193.00,0.1224,6,15,15,6,6,0,72,3,1,19,1,9
3,28,38,OVER-BUDGET,0.0000,0.8125,0.9733,500.45,0.00,0.7959,39,48,48,5,18,9,168,3,9,18,3,8
3,28,37,OK,0.6219,0.7609,0.8866,314.20,185.80,0.7143,35,46,46,11,14,9,144,3,4,18,1,9
3,28,46,OVER-BUDGET,0.0000,0.8542,0.9091,501.65,0.00,0.8367,41,48,48,5,6,9,168,3,3,4,1,9
3,28,43,OK,0.2459,0.0833,0.5529,296.00,204.00,0.0816,4,48,48,12,13,9,120,2,9,18,1,7
3,28,42,OVER-BUDGET,0.0000,0.4419,0.8023,501.90,0.00,0.3878,19,43,43,12,28,9,144,2,3,15,2,9
3,28,41,OK,0.3878,0.6207,0.9457,390.50,109.50,0.3673,18,29,29,12,28,9,144,3,5,18,1,1
3,28,48,ALL-DEAD,0.1578,0.0000,0.0000,260.85,239.15,0.0000,0,48,48,2,28,7,24,1,9,18,1,9
3,28,47,OVER-BUDGET,0.0000,0.5625,0.6251,500.10,0.00,0.5510,27,48,48,4,6,9,168,1,5,18,3,6
3,28,49,OVER-BUDGET,0.0000,0.3958,0.8037,502.20,0.00,0.3878,19,48,48,12,6,9,144,4,4,19,3,5
3,28,45,OK,0.2861,0.3659,0.9755,499.00,1.00,0.3061,15,41,41,3,11,9,72,3,9,19,1,2
3,28,44,OVER-BUDGET,0.0000,0.8837,0.9599,500.60,0.00,0.7755,38,43,43,5,28,9,168,2,9,18,1,9
3,29,3,OK,0.5436,0.7027,0.9422,289.90,210.10,0.5306,26,37,37,5,6,9,168,2,2,19,1,9
3,29,5,OK,0.5881,0.7838,0.9534,275.50,224.50,0.5918,29,37,37,5,5,9,168,2,1,19,1,9
3,29,6,OK,0.2153,0.0833,0.3566,306.65,193.35,0.0816,4,48,48,5,6,9,168,3,5,18,1,9
3,29,7,OK,0.5876,0.7619,0.8521,308.90,191.10,0.6531,32,42,42,5,6,9,144,3,9,18,1,9
3,29,1,OK,0.5959,0.6957,0.9507,314.20,185.80,0.6531,32,46,46,11,14,9,144,3,4,18,1,9
3,29,10,ALL-DEAD,0.2936,0.0000,0.0000,55.10,444.90,0.0000,0,37,37,11,6,3,168,3,0,18,1,4
3,29,0,OK,0.6564,0.7708,0.9458,306.65,193.35,0.7551,37,48,48,5,6,9,168,3,5,18,1,9
3,29,4,OK,0.4759,0.5333,0.8820,347.50,152.50,0.4898,24,45,45,5,10,9,168,2,1,19,1,9
3,29,2,OK,0.5513,0.6458,0.9466,364.00,136.00,0.6327,31,48,48,3,5,9,60,3,8,19,1,9
3,29,14,ALL-DEAD,0.2097,0.0000,0.0000,182.25,317.75,0.0000,0,36,36,5,10,4,144,3,1,18,1,9
3,29,11,OVER-BUDGET,0.0000,0.3077,0.3754,501.65,0.00,0.1633,8,26,26,5,6,4,144,3,4,4,1,7
3,29,8,OK,0.4159,0.4375,0.6820,351.00,149.00,0.4286,21,48,48,5,5,9,60,3,8,16,1,9
3,29,17,OVER-BUDGET,0.0000,0.5217,0.7721,501.65,0.00,0.4898,24,46,46,12,6,9,168,3,5,13,3,9
3,29,13,OVER-BUDGET,0.0000,0.5789,0.9913,501.40,0.00,0.2245,11,19,19,11,14,8,144,3,6,18,2,9
3,29,18,ALL-DEAD,0.1914,0.0000,0.0000,210.00,290.00,0.0000,0,48,48,11,5,9,168,3,7,18,1,9
3,29,19,ALL-DEAD,0.0392,0.0000,0.0000,440.60,59.40,0.0000,0,20,20,5,27,6,48,3,1,6,2,8
3,29,23,ALL-DEAD,0.1547,0.0000,0.0000,265.60,234.40,0.0000,0,29,29,10,6,3,168,2,0,15,4,7
3,29,12,OVER-BUDGET,0.0000,0.7292,0.9394,502.00,0.00,0.7143,35,48,48,8,17,9,60,3,8,7,1,8
3,29,15,OVER-BUDGET,0.0000,0.1304,0.7308,502.45,0.00,0.1224,6,46,46,1,19,9,144,3,4,18,1,9
3,29,9,OK,0.5923,0.8372,0.9252,383.00,117.00,0.7347,36,43,43,12,28,9,156,2,9,18,1,9
3,29,22,OVER-BUDGET,0.0000,0.9375,0.9113,500.35,0.00,0.9184,45,48,48,3,14,9,60,3,6,19,4,9
3,29,24,ALL-DEAD,0.1692,0.0000,0.0000,243.65,256.35,0.0000,0,48,48,5,29,8,96,3,5,18,1,9
3,29,28,OVER-BUDGET,0.0000,1.0000,0.9796,501.05,0.00,0.9796,48,48,48,3,27,9,60,1,1,2,1,9
3,29,26,OVER-BUDGET,0.0000,1.0000,0.9732,502.45,0.00,0.6327,31,31,31,5,14,9,144,3,4,18,4,9
3,29,29,OVER-BUDGET,0.0000,0.1875,0.8411,500.30,0.00,0.1837,9,48,48,11,6,6,168,2,5,18,4,3
3,29,20,OVER-BUDGET,0.0000,0.9318,0.9368,500.50,0.00,0.8367,41,44,44,3,26,9,144,2,8,12,1,9
3,29,21,OVER-BUDGET,0.0000,1.0000,0.9934,501.70,0.00,0.4694,23,23,23,5,19,9,24,3,9,18,1,9
3,29,16,OK,0.6101,0.8542,0.9765,450.40,49.60,0.8367,41,48,48,7,23,9,168,2,5,18,1,9
3,29,25,OK,0.5333,0.6739,0.9591,393.50,106.50,0.6327,31,46,46,8,14,9,48,3,4,18,1,9
3,29,27,OVER-BUDGET,0.0000,0.6250,0.9139,500.10,0.00,0.6122,30,48,48,4,6,9,168,3,5,18,3,3
3,29,34,OK,0.2328,0.2708,0.3988,440.90,59.10,0.2653,13,48,48,5,6,8,168,4,2,11,1,4
3,29,31,OK,0.6527,0.9189,0.9695,265.50,234.50,0.6939,34,37,37,6,6,9,168,2,1,20,1,9
3,29,36,OVER-BUDGET,0.0000,1.0000,0.9877,500.10,0.00,0.2449,12,12,12,5,6,9,96,4,5,7,1,9
3,29,30,OK,0.6191,0.7292,0.9521,330.25,169.75,0.7143,35,48,48,3,5,9,168,3,1,19,1,9
3,29,33,OK,0.5396,0.5625,0.9323,311.15,188.85,0.5510,27,48,48,5,6,9,132,3,5,18,1,9
3,29,39,OVER-BUDGET,0.0000,0.8333,0.8996,501.50,0.00,0.8163,40,48,48,11,14,9,144,3,4,3,1,0
3,29,37,OVER-BUDGET,0.0000,0.7292,0.9271,502.05,0.00,0.7143,35,48,48,5,6,9,168,1,3,18,3,1
3,29,32,OK,0.3399,0.3958,0.8158,456.50,43.50,0.3878,19,48,48,4,13,9,144,3,4,18,1,9
3,29,35,OK,0.6154,0.7083,0.8434,299.20,200.80,0.6939,34,48,48,11,14,9,144,1,4,18,1,9
3,29,41,OK,0.4023,0.2826,0.7484,247.55,252.45,0.2653,13,46,46,11,6,3,132,1,5,18,1,9
3,29,40,OK,0.4876,0.9583,0.9602,326.90,173.10,0.4694,23,24,24,5,6,9,84,3,5,18,1,9
3,29,45,ALL-DEAD,0.2819,0.0000,0.0000,72.90,427.10,0.0000,0,44,44,12,14,7,156,4,8,18,1,2
3,29,38,OVER-BUDGET,0.0000,1.0000,0.9731,501.65,0.00,0.6327,31,31,31,3,14,9,144,1,4,8,1,9
3,29,46,OK,0.2133,0.1200,0.7077,356.50,143.50,0.0612,3,25,25,5,10,0,96,2,2,19,1,9
3,29,49,OVER-BUDGET,0.0000,0.8222,0.9156,500.80,0.00,0.7551,37,45,45,3,6,9,168,2,1,19,4,9
3,29,43,OK,0.5152,0.9643,0.9705,355.00,145.00,0.5510,27,28,28,3,6,9,108,2,5,19,1,9
3,29,48,OK,0.4755,0.4375,0.8921,298.90,201.10,0.4286,21,48,48,5,6,9,144,3,5,19,1,8
3,29,44,OK,0.2194,0.0652,0.7266,350.75,149.25,0.0612,3,46,46,5,10,9,168,1,1,18,1,9
3,29,42,OK,0.5227,0.6957,0.9501,425.00,75.00,0.6531,32,46,46,6,15,9,72,3,4,18,1,9
3,29,47,OVER-BUDGET,0.0000,0.6216,0.8493,500.50,0.00,0.4694,23,37,37,5,30,9,168,2,1,20,1,0
3,30,1,OK,0.5006,0.5676,0.9176,265.50,234.50,0.4286,21,37,37,6,6,9,168,2,1,20,1,9
3,30,7,OK,0.6001,0.8108,0.9597,275.50,224.50,0.6122,30,37,37,5,5,9,168,2,1,19,1,9
3,30,3,OK,0.2128,0.0417,0.4819,299.20,200.80,0.0408,2,48,48,11,14,9,144,1,4,18,1,9
3,30,5,OK,0.5609,0.6304,0.9395,314.20,185.80,0.5918,29,46,46,11,14,9,144,3,4,18,1,9
3,30,0,OK,0.6328,0.7292,0.9358,306.65,193.35,0.7143,35,48,48,5,6,9,168,3,5,18,1,9
3,30,2,OK,0.5740,0.6458,0.9499,330.25,169.75,0.6327,31,48,48,3,5,9,168,3,1,19,1,9
3,30,11,ALL-DEAD,0.1845,0.0000,0.0000,220.40,279.60,0.0000,0,46,46,5,14,5,168,2,4,11,1,9
3,30,6,OK,0.5131,0.6977,0.8258,383.00,117.00,0.6122,30,43,43,12,28,9,156,2,9,18,1,9
3,30,15,ALL-DEAD,0.2239,0.0000,0.0000,160.75,339.25,0.0000,0,48,48,12,10,8,168,3,5,18,1,9
3,30,8,OK,0.3661,0.3571,0.5964,308.90,191.10,0.3061,15,42,42,5,6,9,144,3,9,18,1,9
3,30,12,OVER-BUDGET,0.0000,0.9583,0.9540,501.00,0.00,0.9388,46,48,48,1,5,9,24,3,1,16,3,9
3,30,10,OK,0.3063,0.2326,0.7593,344.00,156.00,0.2041,10,43,43,12,19,7,156,4,1,18,1,9
3,30,4,OK,0.5507,0.7500,0.9494,450.40,49.60,0.7347,36,48,48,7,23,9,168,2,5,18,1,9
3,30,17,OVER-BUDGET,0.0000,0.3889,0.6937,501.00,0.00,0.2857,14,36,36,11,5,9,108,1,7,4,1,9
3,30,9,OK,0.5855,0.7083,0.9508,364.00,136.00,0.6939,34,48,48,3,5,9,60,3,8,19,1,9
3,30,14,ALL-DEAD,0.1252,0.0000,0.0000,310.30,189.70,0.0000,0,48,48,11,24,9,168,2,6,18,1,9
3,30,19,ALL-DEAD,0.1851,0.0000,0.0000,219.50,280.50,0.0000,0,48,48,5,20,5,168,3,5,18,1,1
3,30,18,ALL-DEAD,0.1839,0.0000,0.0000,221.40,278.60,0.0000,0,37,37,6,6,9,168,2,7,17,1,9
3,30,16,OVER-BUDGET,0.0000,0.2500,0.4742,502.50,0.00,0.2449,12,48,48,6,25,0,24,2,5,18,4,8
3,30,24,ALL-DEAD,0.2486,0.0000,0.0000,123.40,376.60,0.0000,0,26,26,11,14,4,144,4,6,19,1,9
3,30,26,ALL-DEAD,0.2253,0.0000,0.0000,158.60,341.40,0.0000,0,37,37,5,6,3,168,2,1,20,1,9
3,30,27,OVER-BUDGET,0.0000,1.0000,0.7953,501.30,0.00,0.9796,48,48,48,6,26,8,108,4,5,1,3,9
3,30,28,ALL-DEAD,0.2861,0.0000,0.0000,66.50,433.50,0.0000,0,37,37,4,6,7,168,1,1,18,1,0
3,30,13,OVER-BUDGET,0.0000,0.8919,0.9338,500.25,0.00,0.6735,33,37,37,4,10,9,168,3,9,12,1,9
3,30,21,OK,0.4413,0.5135,0.8784,314.20,185.80,0.3878,19,37,37,10,6,9,168,2,9,14,1,9
3,30,25,OVER-BUDGET,0.0000,0.5250,0.8502,502.05,0.00,0.4286,21,40,40,11,6,9,24,1,2,20,4,9
3,30,30,OVER-BUDGET,0.0000,0.8542,0.8491,501.50,0.00,0.8367,41,48,48,11,10,9,144,1,5,12,4,4
3,30,32,OVER-BUDGET,0.0000,1.0000,0.9520,500.30,0.00,0.3061,15,15,15,6,14,9,60,3,4,16,3,9
3,30,29,ALL-DEAD,0.1370,0.0000,0.0000,292.45,207.55,0.0000,0,48,48,5,6,9,168,3,5,18,1,9
3,30,20,OK,0.2648,0.9286,0.9193,487.00,13.00,0.2653,13,14,14,9,27,9,168,2,1,14,1,9
3,30,33,OVER-BUDGET,0.0000,0.6250,0.8854,501.50,0.00,0.6122,30,48,48,6,5,9,168,3,1,16,2,9
3,30,22,OK,0.4161,0.5417,0.8122,459.40,40.60,0.5306,26,48,48,7,23,9,96,2,5,18,1,0
3,30,31,OVER-BUDGET,0.0000,0.7292,0.9586,500.40,0.00,0.7143,35,48,48,5,29,9,168,2,1,10,1,6
3,30,35,OVER-BUDGET,0.0000,0.7292,0.9233,502.00,0.00,0.7143,35,48,48,5,5,9,60,3,5,19,3,9
3,30,38,OVER-BUDGET,0.0000,0.5417,0.7835,502.00,0.00,0.5306,26,48,48,11,6,9,168,3,5,14,4,9
3,30,23,OVER-BUDGET,0.0000,1.0000,0.9943,500.55,0.00,0.2041,10,10,10,5,23,9,168,1,5,18,1,9
3,30,36,OK,0.5393,0.7500,0.9025,459.20,40.80,0.7347,36,48,48,11,14,9,144,1,4,10,1,9
3,30,39,OK,0.2861,0.1667,0.5727,306.65,193.35,0.1633,8,48,48,5,6,9,168,3,5,18,1,2
3,30,37,OK,0.5963,0.6875,0.8894,319.50,180.50,0.6735,33,48,48,8,14,9,168,2,2,20,1,9
3,30,34,OK,0.1879,0.0833,0.5732,387.50,112.50,0.0816,4,48,48,2,5,9,144,1,7,18,1,9
3,30,40,OK,0.2381,0.9000,0.9590,466.65,33.35,0.1837,9,10,10,5,6,9,168,3,5,10,1,9
3,30,43,OK,0.4874,0.4468,0.8430,272.00,228.00,0.4286,21,47,47,8,5,9,84,2,5,18,1,9
3,30,44,OVER-BUDGET,0.0000,0.4792,0.9634,500.95,0.00,0.4694,23,48,48,5,6,1,156,3,5,17,2,9
3,30,45,OK,0.4698,0.3750,0.8973,257.40,242.60,0.3673,18,48,48,10,7,9,168,4,5,20,1,8
3,30,41,OVER-BUDGET,0.0000,0.8108,0.8360,500.25,0.00,0.6122,30,37,37,5,20,9,36,3,5,18,1,9
3,30,42,OK,0.5944,0.8125,0.9542,436.15,63.85,0.7959,39,48,48,5,11,9,168,3,5,14,1,9
3,30,48,OVER-BUDGET,0.0000,0.8750,0.9255,501.20,0.00,0.8571,42,48,48,5,27,9,168,3,4,17,3,9
3,30,46,OK,0.5921,0.6458,0.9341,299.90,200.10,0.6327,31,48,48,5,6,9,168,2,5,18,1,9
3,30,49,OK,0.1958,0.0625,0.6043,364.25,135.75,0.0612,3,48,48,3,6,7,168,3,5,18,1,9
3,30,47,OVER-BUDGET,0.0000,0.6458,0.9027,502.25,0.00,0.6327,31,48,48,3,30,9,168,1,8,18,1,9
